id,year,month,day,hour,minute,second,lat,lon,description
1,2026,4,5,12,0,0,35.526766349302,137.309124485278,恵那市 / 中野方町 / その他 / 1頭 / その他
2,2026,4,6,19,0,0,35.3177615703768,137.479423893868,恵那市 / 上矢作町 / 国・県・市道 / 1頭 / 通勤・通学
3,2026,4,6,16,0,0,36.3480613372012,137.185354727436,飛騨市 / 宮川町種蔵 / その他 / 1頭 / その他車移動
4,2026,4,13,7,0,0,35.5684802107824,136.647605802257,本巣市 / 金原 / 国・県・市道 / 1頭 / 通勤・通学
5,2026,4,12,11,0,0,35.8277377709911,137.235868183396,下呂市 / 東上田 / 山林 / 1頭 / その他
6,2026,4,12,11,0,0,35.827726866679,137.235900905679,下呂市 / 東上田1177番地 / その他 / 1頭 / その他車移動
7,2026,4,12,13,0,0,35.7341350639658,137.435095780162,中津川市 / 付知町 / 山林 / 1頭 / その他
8,2026,4,18,8,0,0,35.4578491187739,136.680347574826,本巣市 / 三橋 / 農地 / 1頭 / その他
9,2026,4,19,13,0,0,35.5576671881978,136.788448994669,山県市 / 富永 / 山林 / 1頭 / その他
10,2026,4,18,12,0,0,35.6495856441,137.431536354067,中津川市 / 付知町 / 住宅地 / 1頭 / 自宅
11,2026,4,5,17,0,0,35.6341837925822,137.436433420737,中津川市 / 付知町 / 山林 / 1頭 / 通勤・通学
12,2026,4,19,12,0,0,35.5369130585543,136.649540843671,本巣市 / 神海 / 国・県・市道 / 1頭 / その他車移動
13,2026,4,21,9,0,0,35.525325756089,136.787308714855,山県市 / 伊佐美東川地内 / 農地 / 1頭 / 自宅
14,2026,4,22,11,0,0,35.5284011510239,136.79398606302,山県市 / 伊佐美・椎倉地内 / 河川敷 / 1頭 / 散歩
15,2026,4,19,8,0,0,35.5329411336699,136.641907797001,揖斐川町 / 谷汲長瀬 / 農地 / 1頭 / 通勤・通学
16,2026,4,23,7,0,0,35.516972939977,136.828381829666,岐阜市 / 北野北 / 農地 / 1頭 / 散歩
17,2026,4,21,17,0,0,36.190171992462,136.899640448431,白川村 / 木谷 / 国・県・市道 / 1頭 / その他車移動
18,2026,4,15,1,0,0,35.467811030745,137.45664666023,中津川市 / 茄子川 / その他 / 1頭 / その他車移動
19,2026,4,14,18,0,0,35.4598940416752,137.459627366688,中津川市 / 茄子川 / 山林 / 1頭 / その他車移動
20,2026,4,11,2,0,0,35.4771413254595,137.454425245605,中津川市 / 千旦林 / 山林 / 1頭 / その他車移動
21,2026,4,23,6,0,0,35.9434914886385,136.82921326343,郡上市 / 白鳥町 / 山林 / 1頭 / 自宅
22,2026,4,24,6,0,0,35.9434858553595,136.829213287414,郡上市 / 白鳥町 / 山林 / 1頭 / 自宅
23,2026,4,25,16,0,0,35.7642347810957,137.257299579838,下呂市 / 上原 / 国・県・市道 / 1頭 / その他車移動
24,2026,4,26,7,0,0,35.7641099921958,137.32247132395,中津川市 / 付知町 / 国・県・市道 / 1頭 / その他車移動
25,2026,4,26,7,0,0,35.9404423258628,136.837647844637,郡上市 / 白鳥町前谷 / 河川敷 / 1頭 / その他
26,2026,4,27,11,0,0,35.4236841433037,137.435635041612,恵那市 / 東野 / その他 / 1頭 / その他
27,2026,4,19,16,0,0,35.7012878808391,136.949718431596,郡上市 / 八幡町吉野 / 国・県・市道 / 1頭 / その他
28,2026,4,28,7,0,0,35.3228763237949,137.388965250764,恵那市 / 明智町 / 山林 / 1頭 / その他
29,2026,4,29,14,0,0,35.6389805989381,136.598397999111,本巣市 / 根尾神所 / その他 / 1頭 / その他車移動
30,2026,4,28,18,0,0,35.5007702009427,136.873930096548,関市 / 池尻 / 国・県・市道 / 1頭 / その他車移動
31,2026,4,29,9,0,0,35.5041297647602,136.884171039233,関市 / 池尻 / 農地 / 1頭 / その他
32,2026,4,29,9,0,0,35.5063449272592,136.88804362503,関市 / 池尻 / その他 / 1頭 / その他車移動
33,2026,4,30,15,0,0,35.5064352544352,136.896046518601,関市 / 池尻 / 河川敷 / 1頭 / その他車移動
34,2026,4,28,17,0,0,35.5539596497055,137.252113143441,白川町 / 赤河 / 国・県・市道 / 1頭 / 通勤・通学
35,2026,5,1,5,0,0,35.8102917838307,137.238413283008,下呂市 / 湯之島260-1 / 河川敷 / 1頭 / その他
36,2026,4,30,10,0,0,36.1772204535013,136.906567234195,白川村 / 長瀬 / 山林 / 1頭 / 通勤・通学
37,2026,4,3,8,0,0,36.1512302330142,137.282871913076,高山市 / 高山市松之木町 / 河川敷 / 1頭 / その他
38,2026,4,8,14,0,0,36.2040406436429,137.310811310809,高山市 / 丹生川町大沼 / 林道 / 1頭 / 林業作業
39,2026,4,9,17,0,0,36.1522495621712,137.242639957081,高山市 / 高山市下岡本町 / 住宅地 / 1頭 / その他
40,2026,4,10,18,0,0,36.147749111043,137.23344464663,高山市 / 高山市下林町 / 住宅地 / 1頭 / その他車移動
41,2026,4,11,14,0,0,36.0802763753003,137.264157985935,高山市 / 久々野町山梨 / 国・県・市道 / 1頭 / その他車移動
42,2026,4,16,11,0,0,36.0913459928919,136.936196153501,高山市 / 荘川町中野 / 国・県・市道 / 1頭 / その他車移動
43,2026,4,22,10,0,0,36.2044277776381,137.311160933982,高山市 / 丹生川町三之瀬 / 国・県・市道 / 1頭 / その他車移動
44,2026,4,24,16,0,0,36.1318834217925,137.262296571407,高山市 / 高山市城山 / 住宅地 / 1頭 / その他
45,2026,4,24,16,0,0,36.1325397223316,137.222201726722,高山市 / 高山市新宮町 / 住宅地 / 1頭 / その他車移動
46,2026,4,24,13,0,0,36.1596670115108,137.236634824465,高山市 / 高山市冬頭町 / その他 / 1頭 / その他
47,2026,4,25,6,0,0,36.2730899567715,137.394190544421,高山市 / 上宝町長倉 / 国・県・市道 / 1頭 / その他車移動
48,2026,4,26,5,0,0,36.1593445387574,137.238954681675,高山市 / 高山市冬頭町 / 国・県・市道 / 1頭 / その他車移動
49,2026,5,2,18,0,0,35.5002027451028,136.574954551219,揖斐川町 / 大光寺 / 国・県・市道 / 1頭 / 農作業
50,2026,5,3,10,0,0,35.4922393818335,136.572051597095,揖斐川町 / 三輪 / 登山道 / 1頭 / 登山
51,2026,5,3,13,0,0,36.1825752229676,136.899639165038,白川村 / 平瀬 / 国・県・市道 / 1頭 / 通勤・通学
52,2026,5,4,7,0,0,35.4906191600293,136.572283967952,揖斐川町 / 三輪 / 林道 / 1頭 / その他車移動
53,2026,5,4,20,0,0,35.5385703163358,137.14908133303,八百津町 / 上吉田 / 山林 / 1頭 / その他
54,2026,5,5,17,0,0,36.1734051899331,136.907618556082,白川村 / 長瀬 / 山林 / 1頭 / その他車移動
55,2026,4,25,17,0,0,35.7658973975896,137.257285237417,下呂市 / 上原 / その他 / 1頭 / その他車移動
56,2026,4,26,7,0,0,35.7562855656696,137.328198360597,下呂市 / 御厩野 / その他 / 1頭 / その他車移動
57,2026,5,7,10,0,0,35.5517289504513,136.446050211571,揖斐川町 / 揖斐川町 / 林道 / 1頭 / その他車移動
58,2026,5,7,11,0,0,35.9836081279809,137.280952384546,下呂市 / 小坂町門坂 / 国・県・市道 / 1頭 / その他車移動
59,2026,5,7,14,0,0,36.1790675738685,136.901191510126,白川村 / 平瀬 / 国・県・市道 / 1頭 / その他車移動
60,2026,5,7,19,0,0,35.8733080597789,136.880142666113,郡上市 / 白鳥町那留 / 住宅地 / 1頭 / その他車移動
61,2026,5,8,16,0,0,36.1676230252877,136.906157145002,白川村 / 御母衣 / 住宅地 / 1頭 / 散歩
62,2026,5,8,16,0,0,36.1790299294226,136.90123541131,白川村 / 平瀬 / 国・県・市道 / 1頭 / 通勤・通学
63,2026,5,8,14,0,0,35.4895470388607,136.589799149908,揖斐川町 / 小野 / その他 / 1頭 / その他
64,2026,5,8,15,0,0,35.4864970068979,136.584412471719,揖斐川町 / 志津山 / 農地 / 1頭 / その他車移動
65,2026,5,10,12,0,0,36.3904368649372,137.184047915395,飛騨市 / 宮川町塩屋 / 国・県・市道 / 1頭 / 散歩
66,2026,5,11,8,0,0,36.1021907929642,136.928610690856,白川村 / 尾神 / 国・県・市道 / 1頭 / その他車移動
67,2026,5,10,19,0,0,35.490087441652,137.159521206131,八百津町 / 八百津 / 国・県・市道 / 1頭 / その他車移動
68,2026,5,9,20,0,0,35.4294063330469,137.454255288094,恵那市 / 東野小野川 / 河川敷 / 1頭 / その他車移動
69,2026,5,9,9,0,0,35.418606558194,136.567271228482,池田町 / 片山 / 山林 / 1頭 / 散歩
70,2026,5,10,14,0,0,35.4163660483073,136.553471408644,池田町 / 片山 / 林道 / 1頭 / その他車移動
71,2026,5,11,13,0,0,35.8779109259494,136.844706950775,郡上市 / 白鳥町向小駄良 / 国・県・市道 / 1頭 / その他
72,2026,5,11,14,0,0,36.1737188455878,136.901142176354,白川村 / 平瀬 / 国・県・市道 / 1頭 / その他車移動
73,2026,5,10,10,0,0,35.5480914959492,136.682221154254,本巣市 / 外山 / 山林 / 1頭 / その他車移動
74,2026,5,11,12,0,0,35.4949758139925,136.561997955458,揖斐川町 / 上南方 / 国・県・市道 / 1頭 / その他車移動
75,2026,5,12,14,0,0,36.1723402569863,136.907490059058,白川村 / 平瀬 / その他 / 1頭 / その他
76,2026,5,2,17,0,0,35.5190013712237,136.859614943534,関市 / 広見 / 山林 / 1頭 / その他
77,2026,5,2,17,0,0,35.493072113001,136.866519636495,関市 / 小屋名 / 国・県・市道 / 1頭 / その他車移動
78,2026,5,8,5,0,0,35.4937176390969,136.859582767696,関市 / 千疋 / 住宅地 / 1頭 / 自宅
79,2026,5,8,5,0,0,35.4939555939389,136.85957745315,関市 / 千疋 / 住宅地 / 1頭 / 自宅
80,2026,5,8,13,0,0,35.4954764583795,136.860014758471,関市 / 大平台 / 山林 / 1頭 / 自宅
81,2026,5,11,11,0,0,35.4957772003549,136.866701074192,関市 / 千疋 / 国・県・市道 / 1頭 / その他車移動
82,2026,5,13,7,0,0,35.4994954937449,136.974307147909,富加町 / 大山 / 山林 / 1頭 / 通勤・通学
83,2026,5,12,6,0,0,35.4948368253363,136.558555313356,揖斐川町 / 上南方 / 住宅地 / 1頭 / その他
84,2026,5,12,12,0,0,35.4969669134964,136.556658573606,揖斐川町 / 上南方 / 山林 / 1頭 / その他
85,2026,5,12,14,0,0,35.5010153552104,136.544976800447,揖斐川町 / 北方 / 農地 / 1頭 / その他
86,2026,5,12,15,0,0,35.5057545499352,136.543044901942,揖斐川町 / 北方 / 山林 / 1頭 / その他
87,2026,5,12,19,0,0,35.5088129389673,136.532964676611,揖斐川町 / 北方 / 国・県・市道 / 1頭 / その他車移動
88,2026,5,13,11,0,0,35.569704144164,137.188987810369,白川町 / 河岐 / 国・県・市道 / 1頭 / その他車移動
89,2026,5,12,19,0,0,36.0260509206107,137.393246481814,高山市 / 朝日町一之宿 / 農地 / 1頭 / 自宅
90,2026,5,13,18,0,0,36.1973423262212,136.898881486648,白川村 / 保木脇 / 国・県・市道 / 1頭 / その他車移動
91,2026,5,14,11,0,0,35.863475176668,136.845685846718,郡上市 / 白鳥町越佐 / 山林 / 1頭 / その他車移動
92,2026,5,14,12,0,0,35.4873612727041,136.538810415656,揖斐川町 / 上野 / 住宅地 / 1頭 / その他
93,2026,5,14,13,0,0,35.4920098703701,136.54005549698,揖斐川町 / 上野 / 山林 / 1頭 / その他
94,2026,5,14,14,0,0,35.4937999992027,136.534389437796,揖斐川町 / 上野 / その他 / 1頭 / その他
95,2026,5,15,7,0,0,35.5097644862049,136.563867226072,揖斐川町 / 若松 / 山林 / 1頭 / 自宅
96,2026,5,15,11,0,0,35.9630525525657,136.804906024071,郡上市 / 白鳥町石徹白 / 山林 / 1頭 / その他
97,2026,5,7,9,0,0,35.4873965582517,136.618776994575,大野町 / 野登山道 / 山林 / 1頭 / その他
98,2026,4,25,10,0,0,35.3143525155102,137.315723969665,瑞浪市 / 陶町水上 / 山林 / 1頭 / その他
99,2026,5,15,10,0,0,35.9363698979001,137.437599186385,下呂市 / 小坂町落合 / 国・県・市道 / 1頭 / その他車移動
100,2026,5,17,15,0,0,35.5330556854191,136.794892903002,山県市 / 椎倉地内 / 国・県・市道 / 1頭 / その他車移動
101,2026,5,19,7,0,0,35.542069934117,136.643991972958,本巣市 / 神海 / 山林 / 1頭 / 建設作業
102,2026,5,10,16,0,0,35.7499688896973,136.769968290859,関市 / 板取杉原 / 国・県・市道 / 1頭 / その他車移動
103,2026,5,15,8,0,0,35.429253914433,136.42338101744,揖斐川町 / 春日川合 / 山林 / 1頭 / その他
104,2026,5,20,5,0,0,35.4911968265222,137.326212955336,恵那市 / 笠置町 / その他 / 1頭 / その他
105,2026,5,18,21,0,0,35.5340645946843,136.823186137509,関市 / 武芸川町宇多院 / 国・県・市道 / 1頭 / その他車移動
106,2026,5,20,9,0,0,36.1790499185936,136.901104716474,白川村 / 平瀬 / 国・県・市道 / 1頭 / 通勤・通学
107,2026,5,19,22,0,0,36.3304918736561,137.301652669023,飛騨市 / 神岡町 / 住宅地 / 1頭 / 自宅
108,2026,5,21,11,0,0,35.4939591624613,136.619286505095,大野町 / 揖斐郡大野町野地内 / 山林 / 1頭 / 建設作業
109,2026,5,20,19,0,0,35.5102230665587,136.856583634673,関市 / 武芸川町跡部 / 国・県・市道 / 1頭 / 通勤・通学
110,2026,5,22,17,0,0,36.1715981941366,136.903532368,白川村 / 平瀬 / 国・県・市道 / 1頭 / 通勤・通学
111,2026,5,21,17,0,0,36.1466171413686,136.909536189429,白川村 / 牧 / 住宅地 / 1頭 / その他車移動
112,2026,5,21,17,0,0,36.1475848787065,136.911099930124,白川村 / 白川村 / 住宅地 / 1頭 / 散歩
113,2026,5,24,7,0,0,35.6972232003139,137.426835899125,中津川市 / 付知町 / その他 / 1頭 / その他
114,2026,5,25,6,0,0,35.6585609624322,137.429013295796,中津川市 / 付知町 / 河川敷 / 1頭 / 散歩
115,2026,5,25,8,0,0,36.1017950599787,137.339895640725,高山市 / 朝日町小瀬字蛇抜谷地内 / 山林 / 1頭 / その他
116,2026,5,22,21,0,0,35.6059575236127,137.475669640162,中津川市 / 坂下　上野　地内 / 国・県・市道 / 1頭 / その他車移動
117,2026,5,13,14,0,0,35.5063834922254,136.854642375936,岐阜市 / 三輪 / 国・県・市道 / 1頭 / その他車移動
118,2026,5,22,17,0,0,35.5064586122186,136.857563368605,岐阜市 / 三輪 / 国・県・市道 / 1頭 / その他
119,2026,5,26,10,0,0,35.6102678884312,136.747265291062,山県市 / 谷合五入道地内 / 山林 / 1頭 / 林業作業
120,2026,5,20,11,0,0,35.7222116637561,136.762548294465,関市 / 板取田口 / 林道 / 1頭 / その他車移動
121,2026,5,26,15,0,0,35.6330700751578,137.380931638521,東白川村 / 越原 / 農地 / 1頭 / 自宅
122,2026,5,27,8,0,0,36.3400599033047,137.172614878225,飛騨市 / 宮川町丸山 / 国・県・市道 / 1頭 / その他車移動
123,2026,5,26,15,0,0,35.4733902066243,136.512352789747,揖斐川町 / 春日六合 / 国・県・市道 / 1頭 / 通勤・通学
124,2026,5,24,22,0,0,35.5111994342193,136.583007652835,揖斐川町 / 谷汲名礼地内 / 国・県・市道 / 1頭 / 通勤・通学
125,2026,5,26,18,0,0,36.1791916471544,136.905870061931,白川村 / 長瀬字稗田 / 国・県・市道 / 1頭 / 通勤・通学
126,2026,5,27,8,0,0,36.1797823444127,136.900906994206,白川村 / 平瀬 / 国・県・市道 / 1頭 / 通勤・通学
127,2026,5,27,19,0,0,35.5496968780528,137.457420248807,中津川市 / 福岡上ノ平提 / 山林 / 1頭 / 通勤・通学
128,2026,5,27,18,0,0,36.2651186046651,136.900220758431,白川村 / 鳩谷字寺尾 / 国・県・市道 / 2頭 / 通勤・通学
129,2026,5,28,12,0,0,36.1751198453085,136.907331515193,白川村 / 長瀬字稗田 / 国・県・市道 / 1頭 / その他車移動
130,2026,5,28,7,0,0,35.4082645385877,136.558100606383,大垣市 / 青墓町 / 山林 / 1頭 / その他
131,2026,5,28,15,0,0,35.4009459763415,136.557695297165,大垣市 / 青墓町 / 国・県・市道 / 1頭 / その他車移動
132,2026,5,13,18,0,0,36.0259967632223,137.393287935786,高山市 / 朝日町一之宿 / 農地 / 1頭 / 自宅
133,2026,5,28,7,0,0,36.0033368484907,137.349392554657,高山市 / 朝日町西洞 / 国・県・市道 / 1頭 / 通勤・通学
134,2026,5,28,6,0,0,35.9940927908038,137.352967625987,高山市 / 朝日町西洞 / 国・県・市道 / 1頭 / 通勤・通学
135,2026,5,26,11,0,0,36.0051815096057,137.371496323036,高山市 / 朝日町西洞 / その他 / 1頭 / その他
136,2026,5,28,14,0,0,36.0928568160481,137.396079748458,高山市 / 朝日町青屋 / 国・県・市道 / 1頭 / 散歩
137,2026,5,15,9,0,0,36.0921807157292,137.389877758882,高山市 / 朝日町青屋 / その他 / 1頭 / 散歩
138,2026,5,17,13,0,0,36.1097136165178,137.38883800712,高山市 / 朝日町青屋 / 登山道 / 1頭 / 登山
139,2026,5,2,14,0,0,36.1113431257548,137.415310003591,高山市 / 朝日町青屋 / その他 / 1頭 / 散歩
140,2026,5,2,14,0,0,36.1116094265959,137.415652401848,高山市 / 朝日町青屋 / その他 / 1頭 / 散歩
141,2026,5,5,15,0,0,36.1132656002797,137.41509666836,高山市 / 朝日町青屋 / 河川敷 / 1頭 / 散歩
142,2026,5,10,14,0,0,36.1139873907863,137.416363860358,高山市 / 朝日町青屋 / その他 / 1頭 / 散歩
143,2026,5,29,15,0,0,35.5144373840406,136.606470222505,揖斐川町 / 谷汲大洞 / 山林 / 1頭 / その他
144,2026,5,29,14,0,0,35.4505996453857,136.544791052906,池田町 / 願成寺 / 国・県・市道 / 1頭 / その他車移動
145,2026,5,26,7,0,0,35.5123370889948,136.855806546614,関市 / 武芸川町跡部 / 国・県・市道 / 1頭 / 通勤・通学
146,2026,5,28,16,0,0,35.5518825547413,136.995986622638,関市 / 下之保 / 国・県・市道 / 1頭 / 通勤・通学
147,2026,5,29,4,0,0,35.4483790664232,136.636303460541,大野町 / 下方（柿畑） / 農地 / 1頭 / 散歩
148,2026,5,24,20,0,0,35.3890183171482,136.575981192317,大垣市 / 赤坂町 / 国・県・市道 / 1頭 / 散歩
149,2026,5,30,12,0,0,35.5254881278317,136.646790663937,本巣市 / 神海 / 国・県・市道 / 1頭 / その他車移動
150,2026,5,30,13,0,0,35.5258683155158,136.660538662142,本巣市 / 木知原 / その他 / 1頭 / その他
151,2026,5,31,9,0,0,35.8025041593338,137.262963973113,下呂市 / 小川 / 山林 / 1頭 / その他車移動
152,2026,5,29,4,0,0,35.5445991676144,137.314962182642,白川町 / 切井搭洞 / 農地 / 1頭 / 散歩
153,2026,5,31,18,0,0,35.5546832508552,137.240683017121,白川町 / 赤河古田 / 国・県・市道 / 1頭 / その他車移動
154,2026,5,30,9,0,0,35.5265529611063,136.63967178976,揖斐川町 / 谷汲長瀬 / 農地 / 1頭 / その他車移動
155,2026,5,31,9,0,0,35.6677378423944,136.501270759144,揖斐川町 / 開田 / その他 / 1頭 / その他
156,2026,5,29,12,0,0,35.8823804070005,137.217548422959,下呂市 / 萩原町桜洞495-3 / 住宅地 / 1頭 / その他
157,2026,5,2,11,0,0,36.1326994230077,137.261894794525,高山市 / 高山市城山 / その他 / 1頭 / その他
158,2026,6,1,14,0,0,35.7686708529224,137.282699968633,下呂市 / 宮地1751-1 / 国・県・市道 / 1頭 / その他車移動
159,2026,5,6,10,0,0,36.1843807104519,137.553000238112,高山市 / 高山市奥飛騨温泉郷平湯 / その他 / 1頭 / 散歩
160,2026,5,8,7,0,0,36.204496506251,137.312084087855,高山市 / 高山市丹生川町大沼 / 国・県・市道 / 1頭 / その他車移動
161,2026,5,9,17,0,0,36.1811813971581,137.511401714141,高山市 / 高山市丹生川町久手 / 国・県・市道 / 1頭 / その他車移動
162,2026,5,12,17,0,0,36.1741524401711,137.248403367827,高山市 / 高山市下切町 / 国・県・市道 / 1頭 / その他車移動
163,2026,6,1,19,0,0,35.6452869470841,137.380603211448,東白川村 / 越原 / 河川敷 / 1頭 / 自宅
164,2026,6,2,7,0,0,35.5762624583801,137.523460669375,中津川市 / 坂下矢渕地内 / 河川敷 / 1頭 / 散歩
165,2026,5,12,19,0,0,36.1404736676924,137.283526982063,高山市 / 高山市山口町 / 国・県・市道 / 1頭 / その他
166,2026,5,17,13,0,0,36.1145468797863,137.417521909423,高山市 / 高山市朝日町青屋 / その他 / 1頭 / その他車移動
167,2026,5,19,13,0,0,36.2829214210194,137.303563564657,高山市 / 高山市上宝町蔵柱 / 国・県・市道 / 1頭 / その他車移動
168,2026,5,12,17,0,0,36.0451116686251,137.442179500476,高山市 / 高山市高根町中洞 / 国・県・市道 / 1頭 / その他車移動
169,2026,5,24,19,0,0,36.1539801355656,137.218271364938,高山市 / 高山市下林町 / 河川敷 / 1頭 / その他
170,2026,5,25,18,0,0,36.1793965450348,137.419666595769,高山市 / 高山市丹生川町日面 / 国・県・市道 / 1頭 / その他車移動
171,2026,5,26,7,0,0,36.1710947692036,137.351039971802,高山市 / 高山市丹生川町大谷 / 農地 / 2頭 / 農作業
172,2026,5,26,13,0,0,36.045518101004,137.441813280871,高山市 / 高山市高根町中洞 / 国・県・市道 / 1頭 / その他車移動
173,2026,5,26,18,0,0,36.1526345598754,137.238594315834,高山市 / 高山市下岡本町 / 住宅地 / 1頭 / その他
174,2026,5,28,12,0,0,36.1682100762434,137.336172967702,高山市 / 高山市丹生川町坊方 / 国・県・市道 / 1頭 / その他
175,2026,5,28,11,0,0,36.254927748789,137.475868805955,高山市 / 高山市奥飛騨温泉郷笹島 / 国・県・市道 / 1頭 / その他車移動
176,2026,5,30,18,0,0,36.1695020700447,137.336741956908,高山市 / 高山市丹生川町坊方 / 住宅地 / 1頭 / 自宅
177,2026,5,31,18,0,0,36.1359615637451,137.231721519294,高山市 / 高山市上岡本町２丁目 / 住宅地 / 1頭 / その他
178,2026,6,1,7,0,0,36.3463380896683,137.18621566782,飛騨市 / 宮川町種蔵 / 国・県・市道 / 1頭 / 自宅
179,2026,6,1,11,0,0,36.3469934091188,137.184871241671,飛騨市 / 宮川町種蔵 / その他 / 1頭 / 農作業
180,2026,6,2,18,0,0,35.5644427827313,137.523559960205,中津川市 / 坂下2667番地付近 / 国・県・市道 / 1頭 / 通勤・通学
181,2026,6,2,19,0,0,35.4426663392721,137.409738520996,恵那市 / 長島町 / 国・県・市道 / 1頭 / その他
182,2026,5,14,12,0,0,35.9467754837162,136.869394566857,郡上市 / 高鷲町大鷲地内 / 国・県・市道 / 2頭 / その他
183,2026,5,26,17,0,0,35.9403408053482,136.87617835408,郡上市 / 高鷲町大鷲向鷲見地区 / その他 / 1頭 / その他
184,2026,6,2,16,0,0,35.7471732421161,137.149508393116,下呂市 / 金山町中切 / 国・県・市道 / 1頭 / その他
185,2026,6,3,11,0,0,36.1724830448291,136.907354803255,白川村 / 長瀬 / 国・県・市道 / 1頭 / その他車移動
186,2026,5,22,9,0,0,35.8128241506599,137.02095854775,郡上市 / 八幡町初納　地内 / 山林 / 1頭 / 自宅
187,2026,5,19,16,0,0,35.8065691232153,137.021263212635,郡上市 / 八幡町市島　地内 / 国・県・市道 / 1頭 / 自宅
188,2026,5,15,8,0,0,35.8194737771444,137.026551743131,郡上市 / 八幡町有穂地内 / 山林 / 1頭 / 自宅
189,2026,5,14,13,0,0,35.8228080894906,137.025959306919,郡上市 / 八幡町有穂地内 / 山林 / 1頭 / 自宅
190,2026,6,3,13,0,0,36.3394865516629,137.170446716237,飛騨市 / 宮川町丸山 / その他 / 1頭 / その他
191,2026,6,4,8,0,0,36.177648203178,136.900252745217,白川村 / 平瀬 / 国・県・市道 / 1頭 / 散歩
192,2026,6,4,5,0,0,36.3507680180725,137.185009284995,飛騨市 / 宮川町巣之内 / 国・県・市道 / 1頭 / その他車移動
193,2026,6,4,7,0,0,36.3389447042075,137.168330108396,飛騨市 / 宮川町丸山 / その他 / 1頭 / その他車移動
194,2026,4,9,5,0,0,36.2396853088795,137.200030314001,飛騨市 / 古川町上気多 / 住宅地 / 1頭 / 自宅
195,2026,5,11,5,0,0,36.2479255773874,137.12341268646,飛騨市 / 古川町黒内 / 住宅地 / 1頭 / 散歩
196,2026,5,24,4,0,0,36.2662862207245,137.137490437728,飛騨市 / 古川町野口（鷹狩橋付近） / 河川敷 / 1頭 / その他車移動
197,2026,5,27,13,0,0,36.2676211096983,137.136968227211,飛騨市 / 古川町谷 / 農地 / 1頭 / その他車移動
198,2026,5,27,17,0,0,36.2556982172972,137.139743684494,飛騨市 / 古川町信包（飛騨市森林公園陸上競技場付近） / 農地 / 1頭 / その他車移動
199,2026,4,9,17,0,0,35.540353712152,137.473003921142,中津川市 / 苗木 / 山林 / 1頭 / 通勤・通学
200,2026,5,17,20,0,0,35.4711990800024,137.452783370925,中津川市 / 千旦林 / 農地 / 1頭 / その他車移動
201,2026,5,18,18,0,0,35.5184176429609,137.540491995609,中津川市 / 落合 / 国・県・市道 / 1頭 / その他車移動
202,2026,5,19,9,0,0,35.5248267326556,137.439304465306,中津川市 / 高山 / 山林 / 1頭 / その他車移動
203,2026,5,23,13,0,0,35.5228050861726,137.56803920285,中津川市 / 神坂 / 国・県・市道 / 1頭 / その他車移動
204,2026,5,23,15,0,0,35.5000665498989,137.592961571371,中津川市 / 神坂 / 山林 / 1頭 / その他
205,2026,5,31,8,0,0,35.7342599695083,136.774569409914,関市 / 板取保木口 / その他 / 1頭 / その他車移動
206,2026,5,17,9,0,0,35.5639194974003,137.456543565767,中津川市 / 福岡植苗木 / 山林 / 1頭 / その他車移動
207,2026,5,23,7,0,0,35.6340954282067,137.465283167292,中津川市 / 田瀬　宮脇 / 山林 / 1頭 / 通勤・通学
208,2026,6,5,4,0,0,35.4155415662924,137.378444891683,恵那市 / 三郷町 / 住宅地 / 1頭 / 自宅
209,2026,6,5,8,0,0,36.3466950516383,136.874544139569,白川村 / 小白川 / 国・県・市道 / 1頭 / その他車移動
210,2026,6,5,10,0,0,36.3467831897366,136.874652434611,白川村 / 小白川 / 国・県・市道 / 1頭 / その他車移動
211,2026,6,6,15,0,0,36.1734023351205,136.907340654865,白川村 / 平瀬 / 山林 / 1頭 / その他
212,2026,6,7,16,0,0,36.254714193584,136.893124514604,白川村 / 荻町 / 国・県・市道 / 1頭 / その他車移動
213,2026,6,8,10,0,0,36.2580106446795,136.89961756115,白川村 / 鳩谷 / 国・県・市道 / 1頭 / その他車移動
214,2026,6,8,9,0,0,35.5573337032122,136.722847965187,山県市 / 平井 / 国・県・市道 / 1頭 / その他車移動
215,2026,6,6,18,0,0,35.7362180362557,137.320106744238,下呂市 / 蛇之尾 / 山林 / 1頭 / その他車移動
216,2026,6,8,13,0,0,36.2738796850531,136.89622914669,白川村 / 鳩谷 / 国・県・市道 / 1頭 / その他車移動
217,2026,6,6,4,0,0,35.4306532327647,136.536105842516,池田町 / 片山 / 林道 / 1頭 / その他車移動
218,2026,6,8,4,0,0,35.4213699838248,136.557160357565,池田町 / 片山 / 山林 / 1頭 / 自宅
219,2026,6,9,9,0,0,36.1739515105282,136.90115042275,白川村 / 平瀬 / 国・県・市道 / 1頭 / その他車移動
220,2026,6,5,15,0,0,36.3373851280383,137.157466096241,飛騨市 / 宮川町高牧 / 山林 / 1頭 / その他
221,2026,6,8,14,0,0,36.3444640761167,137.181810451751,飛騨市 / 宮川町巣之内 / その他 / 1頭 / その他
222,2026,6,9,16,0,0,35.5219950540356,136.651625388522,本巣市 / 木知原 / 国・県・市道 / 1頭 / その他車移動
223,2026,6,9,15,0,0,35.6112717282006,137.468330423453,中津川市 / 田瀬　田瀬坂バス停付近 / 国・県・市道 / 1頭 / 建設作業
224,2026,6,9,14,0,0,36.1743605043052,136.900910730077,白川村 / 平瀬 / 国・県・市道 / 1頭 / 建設作業
225,2026,6,9,7,0,0,35.4951214019347,136.562045774028,揖斐川町 / 上南方 / 国・県・市道 / 1頭 / その他
226,2026,6,9,7,0,0,35.4951595733837,136.557538163495,揖斐川町 / 上南方 / 国・県・市道 / 1頭 / その他車移動
227,2026,6,9,15,0,0,35.4962120453186,136.555108778697,揖斐川町 / 上南方 / 山林 / 1頭 / その他
228,2026,6,9,16,0,0,35.5046801023606,136.565104722272,揖斐川町 / 桂 / 山林 / 1頭 / その他車移動
229,2026,6,9,17,0,0,35.607099878469,137.471747436455,中津川市 / 田瀬区　田瀬坂 / 山林 / 1頭 / 自宅
230,2026,6,9,20,0,0,36.2570586338805,136.896589743604,白川村 / 鳩谷・馬狩 / 国・県・市道 / 1頭 / その他車移動
231,2026,6,7,15,0,0,35.8964961644977,137.315616859435,下呂市 / 小坂町大洞 / その他 / 1頭 / その他車移動
232,2026,6,9,8,0,0,35.4451265651583,136.444607111657,揖斐川町 / 春日初若 / 国・県・市道 / 2頭 / 建設作業
233,2026,6,9,11,0,0,35.8644985087461,136.990821398265,郡上市 / 明宝寒水 / 農地 / 1頭 / 林業作業
234,2026,6,1,6,0,0,36.2904353338344,137.059588655372,飛騨市 / 河合町新名 / 国・県・市道 / 1頭 / 散歩
235,2026,6,3,6,0,0,36.2703752035744,137.103138189998,飛騨市 / 河合町稲越 / 山林 / 1頭 / 通勤・通学
236,2026,6,5,6,0,0,36.2759001856828,137.033620961134,飛騨市 / 河合町元田 / 山林 / 1頭 / 農作業
237,2026,6,10,14,0,0,35.653194564082,137.184456990243,下呂市 / 金山町田島 / 林道 / 1頭 / その他車移動
238,2026,6,11,10,0,0,35.5654050441146,137.440421807941,中津川市 / 福岡　松尾地内 / 山林 / 1頭 / 散歩
239,2026,6,10,5,0,0,35.4240705128302,136.427028983855,揖斐川町 / 春日古屋笹又 / 山林 / 1頭 / その他
240,2026,6,11,7,0,0,35.4712295369155,136.601426770478,揖斐川町 / 清水 / 国・県・市道 / 1頭 / その他車移動
241,2026,6,11,7,0,0,35.4693113663557,136.603254810644,揖斐川町 / 清水 / 山林 / 1頭 / その他
242,2026,6,11,8,0,0,35.4701953439363,136.603145342795,揖斐川町 / 清水 / 山林 / 1頭 / その他
243,2026,6,11,8,0,0,35.4727182320318,136.601726257289,揖斐川町 / 清水 / その他 / 1頭 / その他車移動
244,2026,6,11,14,0,0,36.1664233269014,136.903394068629,白川村 / 御母衣 / 国・県・市道 / 1頭 / 自宅
245,2026,6,11,13,0,0,36.160265868961,136.905233302905,白川村 / 御母衣 / 国・県・市道 / 1頭 / その他車移動
246,2026,6,11,9,0,0,35.4790293273076,136.601631658282,大野町 / 松山水辺公園付近 / 山林 / 1頭 / その他
247,2026,6,11,10,0,0,35.4787336400605,136.596261574503,大野町 / 松山地内 / その他 / 1頭 / その他
248,2026,6,11,18,0,0,35.4073811229269,136.55742049541,大垣市 / 青墓町 / 国・県・市道 / 1頭 / その他
249,2026,6,11,19,0,0,35.5402755472069,136.791785569714,山県市 / 岩佐字椎倉坂地内（椎倉坂の頂上付近） / 国・県・市道 / 1頭 / その他車移動
250,2026,6,13,8,0,0,35.509256053751,136.538412549033,揖斐川町 / 北方 / 山林 / 1頭 / その他
251,2026,6,13,13,0,0,35.5108255130581,136.536022536094,揖斐川町 / 北方 / 国・県・市道 / 1頭 / その他
252,2026,6,13,16,0,0,35.512150144735,136.532291445603,揖斐川町 / 北方 / 山林 / 1頭 / その他車移動
253,2026,6,13,16,0,0,35.5116697991715,136.531794309722,揖斐川町 / 北方 / その他 / 1頭 / その他車移動
254,2026,5,13,15,0,0,35.5871179340151,136.748977294786,山県市 / 谷合三日月地内 / 国・県・市道 / 1頭 / その他車移動
255,2026,6,13,3,0,0,35.5691062271781,137.532608475624,中津川市 / 坂下西方寺地内 / 住宅地 / 1頭 / その他
256,2026,6,13,12,0,0,35.580926355267,137.532358794847,中津川市 / 坂下東町地内 / 国・県・市道 / 1頭 / その他車移動
257,2026,6,14,7,0,0,35.4837712752406,136.978299669251,富加町 / 富加町滝田 / 住宅地 / 1頭 / 散歩
258,2026,6,14,12,0,0,35.5333655937364,136.525804643241,揖斐川町 / 乙原 / 国・県・市道 / 1頭 / その他車移動
259,2026,6,12,15,0,0,35.8103622329962,137.24878201282,下呂市 / 森2519-1 / 国・県・市道 / 1頭 / 通勤・通学
260,2026,6,13,15,0,0,35.8296877462219,137.229502669975,下呂市 / 萩原町西上田 / 国・県・市道 / 1頭 / その他車移動
261,2026,6,16,5,0,0,35.5480648509109,136.553957489244,揖斐川町 / 谷汲神原 / その他 / 1頭 / 散歩
262,2026,6,11,18,0,0,36.1479864168242,136.91157995107,白川村 / 牧 / 住宅地 / 1頭 / その他車移動
263,2026,6,14,16,0,0,36.172360898718,136.903012908341,白川村 / 平瀬 / その他 / 1頭 / 散歩
264,2026,6,15,14,0,0,36.2737845398843,136.895754336668,白川村 / 飯島 / 山林 / 1頭 / 建設作業
265,2026,6,16,9,0,0,36.1438649975575,136.908058917447,白川村 / 牧 / 国・県・市道 / 1頭 / その他車移動
266,2026,6,15,14,0,0,35.6116294548874,137.173928125589,白川町 / 坂ノ東 / 農地 / 1頭 / 農作業
267,2026,6,16,13,0,0,35.9134086793669,137.329608228869,下呂市 / 小坂落合 / 林道 / 1頭 / その他
268,2026,6,10,13,0,0,36.1690260858509,136.9076482682,白川村 / 平瀬 / 河川敷 / 1頭 / その他
269,2026,6,16,14,0,0,36.1690261940566,136.907698288994,白川村 / 平瀬 / 河川敷 / 1頭 / その他
270,2026,6,16,16,0,0,35.510606546591,136.532508919718,揖斐川町 / 北方 / 山林 / 1頭 / 通勤・通学
271,2026,6,16,17,0,0,35.5088654859135,136.533101373461,揖斐川町 / 北方 / 山林 / 1頭 / その他車移動
272,2026,6,16,20,0,0,35.5978829099351,137.441712497564,中津川市 / 福岡柏原上平 / 山林 / 1頭 / 子ども、熊らしき動物
273,2026,6,17,4,0,0,35.4240683103692,136.427037603319,揖斐川町 / 春日大字川合笹又 / 農地 / 1頭 / その他
274,2026,6,16,19,0,0,35.9451762144901,137.258236114585,下呂市 / 小坂町坂下13 / 国・県・市道 / 1頭 / その他車移動
275,2026,6,17,11,0,0,35.5094110515266,136.53810198037,揖斐川町 / 北方 / 山林 / 1頭 / 建設作業
276,2026,6,17,13,0,0,36.1496301365356,136.909986840353,白川村 / 牧 / その他 / 1頭 / 自宅
277,2026,6,17,17,0,0,36.1778211576878,136.900261191778,白川村 / 平瀬 / 国・県・市道 / 1頭 / その他車移動
278,2026,6,18,8,0,0,35.5734185515214,136.750250336075,山県市 / 谷合地内 / 国・県・市道 / 1頭 / 通勤・通学
279,2026,6,18,8,0,0,36.2810135201137,136.901857999311,白川村 / 飯島 / 国・県・市道 / 1頭 / 建設作業
280,2026,6,10,20,0,0,35.4882782045808,137.470469154233,中津川市 / 駒場 / 国・県・市道 / 1頭 / 通勤・通学
281,2026,6,17,17,0,0,35.641465851483,137.384861879305,東白川村 / 越原 / 国・県・市道 / 1頭 / その他車移動
282,2026,6,17,18,0,0,35.640436161462,137.387260740933,東白川村 / 越原 / 農地 / 1頭 / 自宅
283,2026,6,13,8,0,0,35.4979962465575,137.478252524739,中津川市 / 駒場 / 国・県・市道 / 1頭 / その他
284,2026,6,17,7,0,0,35.654457550502,137.38606716508,東白川村 / 越原 / 国・県・市道 / 1頭 / その他車移動
285,2026,6,18,8,0,0,35.5179285243772,136.563821317878,揖斐川町 / 北方 / 山林 / 1頭 / 建設作業
286,2026,6,18,15,0,0,36.3654456512388,136.872832393073,白川村 / 小白川 / 国・県・市道 / 1頭 / 建設作業
287,2026,6,16,8,0,0,36.3691714479823,137.375848449671,飛騨市 / 神岡町 / その他 / 1頭 / その他車移動
288,2026,6,19,15,0,0,35.2973212403778,137.420776391751,恵那市 / 明智町東方 / 国・県・市道 / 1頭 / その他
289,2026,6,19,17,0,0,35.5015664891347,136.571371742412,揖斐川町 / 上南方 / 農地 / 1頭 / その他
290,2026,6,20,10,0,0,35.5870113249542,137.550980627109,中津川市 / 山口 / 国・県・市道 / 1頭 / その他
291,2026,6,19,19,0,0,35.743094378021,137.325941766432,下呂市 / 蛇之尾町 / 国・県・市道 / 1頭 / その他車移動
292,2026,6,21,19,0,0,35.7158665641299,137.193335107071,下呂市 / 三ツ渕166-2 / 国・県・市道 / 1頭 / その他車移動
293,2026,6,22,8,0,0,35.9117391967597,137.312204699799,下呂市 / 小坂町湯屋 / 国・県・市道 / 1頭 / その他車移動
294,2026,6,22,7,0,0,36.3418685950514,137.180300445146,飛騨市 / 宮川町巣之内 / 国・県・市道 / 2頭 / 通勤・通学
295,2026,6,19,14,0,0,36.1676856265564,136.906450112282,白川村 / 御母衣 / 住宅地 / 1頭 / 自宅
296,2026,6,19,16,0,0,35.5945369816615,136.457900360397,揖斐川町 / 揖斐川町 / 河川敷 / 1頭 / その他
297,2026,6,20,7,0,0,36.3686293216829,137.375984908535,飛騨市 / 神岡町 / その他 / 1頭 / その他車移動
298,2026,6,12,13,0,0,35.6794100480978,137.415856634323,中津川市 / 付知町 / その他 / 1頭 / 自宅
299,2026,6,22,15,0,0,35.7009868110538,137.434101696966,中津川市 / 付知町 / 林道 / 1頭 / 林業作業
300,2026,6,23,13,0,0,36.2813469975428,136.901859654597,白川村 / 飯島 / 国・県・市道 / 1頭 / その他車移動
301,2026,6,23,7,0,0,36.1760554294514,136.904196964484,白川村 / 長瀬 / 河川敷 / 1頭 / 散歩
302,2026,6,23,7,0,0,35.7324475575136,136.928457390599,郡上市 / 相生字亀尾島 / 農地 / 1頭 / 通勤・通学
303,2026,6,20,9,0,0,35.8542616564246,136.962696457492,郡上市 / 大和町栗巣 / 山林 / 1頭 / その他
304,2026,6,9,12,0,0,35.6965325451465,137.389205530634,中津川市 / 加子母 / 林道 / 1頭 / その他
305,2026,6,23,16,0,0,35.7177291346632,137.368212363265,中津川市 / 加子母 / 国・県・市道 / 1頭 / その他車移動
306,2026,6,24,10,0,0,35.5098164036633,137.142264227312,八百津町 / 八百津 / 林道 / 1頭 / その他車移動
307,2026,6,24,2,0,0,35.4159063734846,137.375751359785,恵那市 / 三郷町 / 国・県・市道 / 1頭 / その他車移動
308,2026,6,24,8,0,0,36.3797719685745,137.373169649238,飛騨市 / 神岡町 / 山林 / 1頭 / その他車移動
309,2026,6,14,14,0,0,35.6339726620144,136.825867627674,関市 / 洞戸高賀 / 河川敷 / 1頭 / その他
310,2026,6,25,9,0,0,35.6608325521621,137.436095678409,中津川市 / 付知町 / その他 / 1頭 / 通勤・通学
311,2026,6,25,7,0,0,35.5727091849129,137.523697291138,中津川市 / 坂下矢渕地内 / 山林 / 1頭 / 通勤・通学
312,2026,6,25,13,0,0,36.3779989827803,137.37269477036,飛騨市 / 神岡町 / その他 / 1頭 / その他
313,2026,6,28,16,0,0,35.4889730256584,136.572974587161,揖斐川町 / 三輪 / その他 / 2頭 / その他
314,2026,6,28,17,0,0,35.4928702464446,136.570660277086,揖斐川町 / 極楽寺 / 山林 / 2頭 / 自宅
315,2026,6,27,16,0,0,35.6292530975943,137.459188721242,中津川市 / 付知町 / 国・県・市道 / 1頭 / 散歩
316,2026,6,28,18,0,0,35.6577827814211,137.434469492832,中津川市 / 付知町 / 国・県・市道 / 1頭 / 自宅
317,2026,6,22,6,0,0,35.5209928496274,137.51847384956,中津川市 / 瀬戸 / 国・県・市道 / 1頭 / その他
318,2026,6,27,10,0,0,36.2734254524253,136.896384455882,白川村 / 鳩谷 / 国・県・市道 / 2頭 / その他車移動
319,2026,6,27,10,0,0,36.273290057016,136.896294487319,白川村 / 鳩谷 / 国・県・市道 / 2頭 / その他車移動
320,2026,6,27,6,0,0,36.3362668071224,137.146881588948,飛騨市 / 宮川町西忍 / 山林 / 1頭 / その他車移動
321,2026,6,24,14,0,0,36.2687773917977,136.883123199504,白川村 / 馬狩もしくは飯島 / 林道 / 1頭 / その他車移動
322,2026,6,29,16,0,0,35.5600123547662,136.636871494132,揖斐川町 / 谷汲高科 / 河川敷 / 1頭 / 農作業
323,2026,6,29,18,0,0,35.620564729109,137.465929053501,中津川市 / 田瀬　旧田瀬小学校付近 / 山林 / 1頭 / その他
324,2026,6,29,14,0,0,35.4177153870355,136.558828554743,池田町 / 片山 / 国・県・市道 / 1頭 / その他車移動
325,2026,6,30,12,0,0,35.9096861893183,137.145200645508,下呂市 / 馬瀬数河付近 / 国・県・市道 / 1頭 / その他車移動
326,2026,7,1,9,0,0,35.4998073075729,137.284110302397,恵那市 / 飯地町 / 国・県・市道 / 1頭 / その他車移動
327,2026,7,1,17,0,0,35.983199124844,137.185614333056,下呂市 / 山之口 / 林道 / 1頭 / その他車移動
328,2026,6,6,12,0,0,35.4776186263712,136.589866503447,揖斐川町 / 長良 / 山林 / 1頭 / その他
329,2026,7,2,12,0,0,35.5121336306196,137.419967547443,中津川市 / 高山 / 国・県・市道 / 1頭 / その他車移動
330,2026,7,3,7,0,0,35.6992007702425,137.439463711763,中津川市 / 付知町 / 林道 / 1頭 / 通勤・通学
331,2026,7,1,16,0,0,36.3454603500687,137.183290283884,飛騨市 / 宮川町巣之内 / 国・県・市道 / 1頭 / その他
332,2026,7,3,12,0,0,35.4394340754445,137.532642445765,中津川市 / 中津川 / 国・県・市道 / 1頭 / その他車移動
333,2026,7,2,18,0,0,35.4391086979844,137.532186625134,中津川市 / 中津川 / 山林 / 1頭 / その他車移動
334,2026,7,2,7,0,0,35.438468914093,137.53137142052,中津川市 / 中津川 / 河川敷 / 1頭 / その他車移動
335,2026,7,1,9,0,0,35.4392203292113,137.5325313334,中津川市 / 中津川 / 山林 / 1頭 / その他車移動
336,2026,7,4,14,0,0,36.4101929020465,137.188760345564,飛騨市 / 宮川町桑野 / 国・県・市道 / 1頭 / その他
337,2026,7,4,19,0,0,35.7831039530429,137.2543475358,下呂市 / 小川 / 国・県・市道 / 1頭 / その他車移動
338,2026,7,4,8,0,0,35.6386480235937,137.430769457599,中津川市 / 付知町 / 国・県・市道 / 1頭 / 自宅
339,2026,7,4,17,0,0,35.6894215737796,137.418499769838,中津川市 / 付知町 / 国・県・市道 / 1頭 / 散歩
340,2026,7,4,7,0,0,35.7399173668431,137.122311191069,下呂市 / 金山町乙原 / 国・県・市道 / 1頭 / その他車移動
341,2026,7,4,10,0,0,35.919290705048,137.133227298528,下呂市 / 馬瀬黒石 / 国・県・市道 / 1頭 / その他車移動
342,2026,6,1,16,0,0,36.1725997874056,137.286017993584,高山市 / 高山市丹生川町折敷地 / 国・県・市道 / 1頭 / その他車移動
343,2026,6,2,4,0,0,36.0996386263642,137.11534209021,高山市 / 高山市清見町坂下 / 国・県・市道 / 1頭 / その他車移動
344,2026,6,3,17,0,0,36.0938467479016,137.352213310351,高山市 / 高山市朝日町立岩 / 国・県・市道 / 1頭 / その他車移動
345,2026,6,3,18,0,0,36.1995408975124,137.34505995451,高山市 / 高山市丹生川町折敷地 / 国・県・市道 / 1頭 / その他車移動
346,2026,6,3,18,0,0,36.1387009272203,137.219223281284,高山市 / 高山市匠ヶ丘町 / 国・県・市道 / 1頭 / その他車移動
347,2026,6,4,6,0,0,36.0037005282113,137.350830916613,高山市 / 高山市朝日町西洞 / 国・県・市道 / 1頭 / その他車移動
348,2026,6,4,6,0,0,35.9920483210763,137.350696474677,高山市 / 高山市朝日町西洞 / その他 / 1頭 / その他
349,2026,7,6,14,0,0,36.1777143194385,136.899588278055,白川村 / 平瀬 / その他 / 1頭 / 建設作業
350,2026,6,4,9,0,0,36.0786998478819,137.382086699696,高山市 / 高山市朝日町黒川 / 河川敷 / 1頭 / その他
351,2026,6,4,10,0,0,36.1988816928752,137.345148812129,高山市 / 高山市丹生川町折敷地 / 国・県・市道 / 1頭 / その他車移動
352,2026,6,4,14,0,0,36.198295853079,137.34514748517,高山市 / 高山市丹生川町折敷地 / 国・県・市道 / 1頭 / その他車移動
353,2026,6,5,11,0,0,36.1533378418,137.286602232717,高山市 / 高山市松之木町 / 国・県・市道 / 1頭 / その他車移動
354,2026,6,5,16,0,0,35.9734968826374,137.53383492965,高山市 / 高山市高根町小日和田 / 国・県・市道 / 1頭 / その他車移動
355,2026,6,28,6,0,0,36.2991741310655,137.247523954452,飛騨市 / 神岡町 / 山林 / 1頭 / その他車移動
356,2026,4,9,6,0,0,36.3739242903867,137.341482621115,飛騨市 / 神岡町 / 農地 / 1頭 / その他
357,2026,6,15,5,0,0,36.3940194428684,137.381387611966,飛騨市 / 神岡町 / 山林 / 1頭 / その他
358,2026,7,6,13,0,0,35.6970901447705,137.42426636456,中津川市 / 付知町 / 山林 / 1頭 / その他
359,2026,7,3,18,0,0,35.4169420489397,136.541533447582,池田町 / 片山 / 山林 / 1頭 / その他車移動
360,2026,7,7,9,0,0,35.6966209975924,137.423943720411,中津川市 / 付知町 / その他 / 1頭 / その他
361,2026,7,6,17,0,0,36.4117568337873,137.320348192553,飛騨市 / 神岡町 / 住宅地 / 1頭 / その他
362,2026,6,7,6,0,0,36.3912469817027,137.274422596874,飛騨市 / 神岡町 / その他 / 1頭 / その他
363,2026,6,6,12,0,0,36.0370113493195,137.489078441624,高山市 / 高山市高根町上ヶ洞 / 住宅地 / 1頭 / その他
364,2026,6,6,12,0,0,36.1734345922104,137.337504265085,高山市 / 高山市丹生川町法力 / 住宅地 / 1頭 / 自宅
365,2026,6,6,11,0,0,35.983694159381,137.529037353044,高山市 / 高山市高根町留之原 / 国・県・市道 / 2頭 / その他車移動
366,2026,6,6,16,0,0,36.1546147390862,137.27117338686,高山市 / 高山市三福寺町 / 住宅地 / 1頭 / 自宅
367,2026,6,7,12,0,0,36.0650673645066,137.225200495832,高山市 / 高山市一之宮町 / 国・県・市道 / 1頭 / その他車移動
368,2026,6,7,13,0,0,36.1818367780443,137.277459576499,高山市 / 高山市丹生川町新張 / 農地 / 1頭 / その他
369,2026,6,7,12,0,0,35.9753009915429,137.357993508773,高山市 / 高山市朝日町西洞 / 林道 / 1頭 / その他
370,2026,6,8,7,0,0,36.0267604183025,137.513755869212,高山市 / 高山市高根町阿多野郷 / 国・県・市道 / 1頭 / その他車移動
371,2026,6,8,10,0,0,36.0412886137085,137.399568092977,高山市 / 高山市朝日町黍生 / 国・県・市道 / 1頭 / その他車移動
372,2026,7,7,17,0,0,36.1462598462549,136.910252036425,白川村 / 牧 / 国・県・市道 / 1頭 / その他車移動
373,2026,6,8,13,0,0,35.9916719295131,137.348539814244,高山市 / 高山市朝日町西洞 / その他 / 1頭 / その他車移動
374,2026,6,8,14,0,0,36.184834910613,137.255721051999,高山市 / 高山市下切町 / 国・県・市道 / 1頭 / その他車移動
375,2026,6,9,16,0,0,36.0320842142048,137.396205870787,高山市 / 高山市朝日町一之宿 / 河川敷 / 1頭 / 自宅
376,2026,6,9,18,0,0,36.0331970988337,137.440594946201,高山市 / 高山市高根町中之宿 / 国・県・市道 / 1頭 / その他車移動
377,2026,7,8,10,0,0,35.6993182761521,137.424499366473,中津川市 / 付知町 / 国・県・市道 / 1頭 / 林業作業
378,2026,6,10,6,0,0,36.0562807868313,136.942284262553,高山市 / 高山市荘川町牛丸 / 住宅地 / 1頭 / その他車移動
379,2026,6,10,9,0,0,36.1991921546852,137.345097390084,高山市 / 高山市丹生川町折敷地 / 国・県・市道 / 1頭 / その他車移動
380,2026,6,10,14,0,0,36.2024751117666,137.295628923129,高山市 / 高山市丹生川町柏原 / 国・県・市道 / 1頭 / その他車移動
381,2026,6,10,15,0,0,36.2486399190142,137.503096877165,高山市 / 高山市農政部農務課 / 国・県・市道 / 1頭 / その他車移動
382,2026,6,10,18,0,0,36.2033274662079,137.346561473634,高山市 / 高山市丹生川町折敷地 / 国・県・市道 / 1頭 / その他車移動
383,2026,6,11,8,0,0,36.0672923554972,136.944589799397,高山市 / 高山市荘川町岩瀬 / 国・県・市道 / 1頭 / その他車移動
384,2026,6,11,11,0,0,36.1708519565981,137.427163335271,高山市 / 高山市丹生川町駄吉 / 住宅地 / 1頭 / 自宅
385,2026,6,11,17,0,0,36.1267463941876,137.360886699273,高山市 / 高山市岩井町 / 住宅地 / 1頭 / 自宅
386,2026,6,12,7,0,0,36.1384181387807,137.235809094033,高山市 / 高山市上岡本町８丁目 / 住宅地 / 1頭 / 自宅
387,2026,6,12,8,0,0,36.0306298631479,137.394057997178,高山市 / 高山市朝日町一之宿 / 山林 / 1頭 / 自宅
388,2026,6,12,18,0,0,35.9977955154143,137.353525692186,高山市 / 高山市朝日町西洞 / 国・県・市道 / 1頭 / その他
389,2026,6,12,22,0,0,36.127630755362,137.246461106204,高山市 / 高山市西之一色町 / 住宅地 / 1頭 / その他
390,2026,6,12,12,0,0,36.0501520466871,137.398045129088,高山市 / 高山市朝日町黍生谷 / 国・県・市道 / 1頭 / その他車移動
391,2026,6,13,14,0,0,36.1958701824682,137.242683236065,高山市 / 高山市菊府町糠塚 / 林道 / 1頭 / その他車移動
392,2026,7,8,13,0,0,36.4094914208231,137.186606811464,飛騨市 / 宮川町桑野 / 国・県・市道 / 1頭 / その他
393,2026,6,14,10,0,0,36.0334565238478,137.396176552333,高山市 / 高山市朝日町一之宿 / 住宅地 / 1頭 / その他車移動
394,2026,6,14,10,0,0,36.0923229392968,137.347075767783,高山市 / 高山市朝日町立岩 / 国・県・市道 / 1頭 / その他
395,2026,6,15,7,0,0,36.0826962000792,137.357741086427,高山市 / 高山市朝日町上ヶ見 / 国・県・市道 / 1頭 / その他車移動
396,2026,6,15,8,0,0,35.9938735064844,137.352882888306,高山市 / 高山市朝日町西洞 / 登山道 / 1頭 / その他
397,2026,6,15,15,0,0,36.0628090217493,137.40050830981,高山市 / 高山市朝日町小瀬ヶ洞 / 国・県・市道 / 1頭 / その他
398,2026,6,16,7,0,0,36.0287739914533,137.456838076319,高山市 / 高山市高根町下之向 / 国・県・市道 / 1頭 / その他車移動
399,2026,6,17,3,0,0,36.1400537960248,137.231154010242,高山市 / 高山市山田町 / 住宅地 / 1頭 / その他
400,2026,6,17,13,0,0,36.1795387346328,137.558310709209,高山市 / 高山市奥飛騨?郷平湯 / その他 / 2頭 / その他
401,2026,6,17,15,0,0,35.9919560148068,137.350644965144,高山市 / 高山市朝日町西洞 / 国・県・市道 / 1頭 / その他車移動
402,2026,7,8,12,0,0,35.4623248460131,137.316629080202,恵那市 / 武並町 / 国・県・市道 / 1頭 / その他
403,2026,7,8,17,0,0,35.6935330477731,137.418985741555,中津川市 / 付知町 / 国・県・市道 / 1頭 / 通勤・通学
404,2026,6,17,15,0,0,36.2823014551523,137.302376246869,高山市 / 高山市上宝町蔵柱 / 河川敷 / 1頭 / その他車移動
405,2026,6,17,17,0,0,36.022984139416,137.390021001921,高山市 / 高山市朝日町一之宿 / 国・県・市道 / 1頭 / その他車移動
406,2026,6,18,7,0,0,36.1335039409726,137.359472789252,高山市 / 高山市岩井町 / 住宅地 / 1頭 / 自宅
407,2026,6,18,13,0,0,36.171612945396,137.428732525962,高山市 / 高山市丹生川町駄吉 / 河川敷 / 1頭 / 自宅
408,2026,6,18,14,0,0,36.1684426830735,137.061621873505,高山市 / 高山市清見町池本 / 農地 / 1頭 / 農作業
409,2026,6,18,17,0,0,36.137617350094,137.349722194251,高山市 / 高山市滝町 / 国・県・市道 / 1頭 / その他車移動
410,2026,6,19,14,0,0,36.0482967373361,137.438206126486,高山市 / 高山市高根町中洞 / 国・県・市道 / 1頭 / その他
411,2026,7,9,9,0,0,36.1496965651365,136.909967175643,白川村 / 牧 / 住宅地 / 1頭 / 自宅
412,2026,6,19,18,0,0,36.0773584157989,137.29192832176,高山市 / 高山市久々野町柳島 / 国・県・市道 / 1頭 / その他車移動
413,2026,6,21,12,0,0,35.9400985283599,137.464381155821,高山市 / 高山市高根町日和田 / 国・県・市道 / 1頭 / その他
414,2026,7,8,18,0,0,35.7259705070404,137.352781824375,中津川市 / 加子母　二渡区 / 国・県・市道 / 1頭 / 通勤・通学
415,2026,6,21,13,0,0,36.1871156146577,137.468513192332,高山市 / 高山市丹生川町籏鉾 / その他 / 1頭 / その他
416,2026,6,21,13,0,0,36.0135168899797,137.374363062022,高山市 / 高山市朝日町西洞 / 住宅地 / 1頭 / 自宅
417,2026,6,21,12,0,0,36.0650579277296,137.40044001576,高山市 / 高山市朝日町小瀬ヶ洞 / 国・県・市道 / 1頭 / その他車移動
418,2026,6,22,14,0,0,36.0254089669992,137.296041896372,高山市 / 高山市久々野町木賊洞 / 国・県・市道 / 1頭 / その他車移動
419,2026,6,22,16,0,0,36.1720267501017,137.42986427652,高山市 / 高山市丹生川町日面 / 国・県・市道 / 1頭 / 自宅
420,2026,6,22,16,0,0,36.0734067969183,137.38525866726,高山市 / 高山市朝日町黒川 / 河川敷 / 1頭 / その他
421,2026,6,23,9,0,0,36.06597537615,137.291952668882,高山市 / 高山市久々野町久須母 / 河川敷 / 1頭 / その他
422,2026,6,23,7,0,0,36.0000926597515,137.527696024751,高山市 / 高山市高根町日和田 / 国・県・市道 / 1頭 / その他車移動
423,2026,6,23,15,0,0,36.0162492515829,137.383769838079,高山市 / 高山市朝日町西洞 / 農地 / 1頭 / その他
424,2026,6,23,16,0,0,36.171726036029,137.450540659457,高山市 / 高山市丹生川町岩井谷 / 農地 / 1頭 / 農作業
425,2026,6,23,18,0,0,36.2422706360017,137.519721223736,高山市 / 高山市奥飛騨?郷一重ヶ根 / その他 / 1頭 / その他
426,2026,6,24,11,0,0,36.017431550245,137.388756556195,高山市 / 高山市朝日町西洞 / その他 / 1頭 / その他
427,2026,6,24,13,0,0,36.0180507668447,137.388994047599,高山市 / 高山市朝日町西洞 / 住宅地 / 1頭 / その他
428,2026,6,24,16,0,0,36.021001208,137.293162496894,高山市 / 高山市久々野町小坊 / 国・県・市道 / 1頭 / その他
429,2026,6,25,8,0,0,36.138657286916,137.351884402465,高山市 / 高山市滝町 / 山林 / 1頭 / その他
430,2026,7,8,20,0,0,35.5947185067613,136.458689184369,揖斐川町 / 西横山 / 国・県・市道 / 3頭 / その他車移動
431,2026,6,25,9,0,0,35.9939773126735,137.353508397344,高山市 / 高山市朝日町西洞 / 国・県・市道 / 1頭 / その他
432,2026,6,25,14,0,0,36.1977851679928,137.15803008366,高山市 / 高山市国府町宇津江 / 国・県・市道 / 1頭 / その他
433,2026,6,25,19,0,0,36.2366991833535,137.529083886754,高山市 / 高山市奥飛騨温泉郷一重ヶ根 / 住宅地 / 1頭 / その他
434,2026,6,26,11,0,0,36.0721545454673,137.231662326523,高山市 / 高山市一之宮 / 国・県・市道 / 1頭 / その他車移動
435,2026,6,26,14,0,0,36.0560866384809,137.285518527728,高山市 / 高山市久々野町久々野 / 河川敷 / 1頭 / その他
436,2026,6,27,8,0,0,35.9995848456149,137.355909820852,高山市 / 高山市朝日町西洞 / 国・県・市道 / 1頭 / その他車移動
437,2026,6,28,17,0,0,36.0037533939751,137.546045096433,高山市 / 高山市高根町日和田 / その他 / 1頭 / その他
438,2026,6,29,15,0,0,36.018660102983,137.388178221027,高山市 / 高山市朝日町西洞 / 住宅地 / 1頭 / その他
439,2026,6,29,16,0,0,36.2490613478328,137.484319678498,高山市 / 高山市奥飛騨温泉郷笹嶋 / 河川敷 / 1頭 / その他車移動
440,2026,6,30,14,0,0,36.0122257637472,137.390327002892,高山市 / 高山市朝日町宮之前 / 住宅地 / 1頭 / その他車移動
441,2026,7,1,8,0,0,36.0121921185909,137.390546702054,高山市 / 高山市朝日町宮之前 / 住宅地 / 1頭 / その他
442,2026,7,1,0,0,0,35.9998827482945,137.530052103935,高山市 / 高山市高根町日和田 / 国・県・市道 / 1頭 / その他
443,2026,7,1,14,0,0,35.9961877737249,137.393683433443,高山市 / 高山市朝日町胡桃島 / 河川敷 / 1頭 / 自宅
444,2026,7,2,11,0,0,36.0241639633658,137.391409165464,高山市 / 高山市朝日町 / 河川敷 / 1頭 / その他車移動
445,2026,7,2,16,0,0,36.0737319284338,137.385206134711,高山市 / 高山市朝日町黒川 / 農地 / 1頭 / その他車移動
446,2026,7,3,13,0,0,36.0205901919174,136.996199487795,高山市 / 高山市荘川町三谷 / 国・県・市道 / 1頭 / その他車移動
447,2026,7,3,14,0,0,36.25182999391,137.479612134212,高山市 / 高山市奥飛騨温泉郷笹嶋 / 国・県・市道 / 1頭 / その他車移動
448,2026,7,4,11,0,0,36.0000361449269,137.528317610074,高山市 / 高山市高根町日和田 / 山林 / 1頭 / その他車移動
449,2026,7,9,15,0,0,35.7248943775881,137.349930216227,中津川市 / 加子母　二渡区 / 国・県・市道 / 1頭 / 農作業
450,2026,7,4,14,0,0,36.1262603349277,137.231355275534,高山市 / 高山市上岡本町 / 国・県・市道 / 1頭 / その他車移動
451,2026,7,5,10,0,0,36.0012443893223,137.531507950063,高山市 / 高山市高根町日和田 / 山林 / 1頭 / その他
452,2026,7,5,18,0,0,36.000220375901,137.531101150921,高山市 / 高山市高根町日和田 / 住宅地 / 1頭 / その他
453,2026,7,4,16,0,0,36.174027062751,137.422324267319,高山市 / 高山市丹生川町日面 / 国・県・市道 / 1頭 / その他車移動
454,2026,7,5,14,0,0,36.1715402259968,137.428756600788,高山市 / 高山市丹生川日面 / 国・県・市道 / 1頭 / その他車移動
455,2026,7,6,14,0,0,36.0138736774106,137.377154123397,高山市 / 高山市朝日町西洞 / 住宅地 / 1頭 / 自宅
456,2026,7,7,14,0,0,36.1280572257401,137.253660841082,高山市 / 高山市千島町 / 国・県・市道 / 1頭 / その他車移動
457,2026,7,8,9,0,0,36.159431234778,137.264330467922,高山市 / 高山市三福寺町 / その他 / 1頭 / その他
458,2026,7,8,16,0,0,35.990442307931,137.528267597889,高山市 / 高山市高根町留之原 / 国・県・市道 / 2頭 / その他車移動
459,2026,7,8,12,0,0,36.0465251420921,136.952113428849,高山市 / 高山市荘川町牧戸 / 住宅地 / 1頭 / その他
460,2026,7,9,6,0,0,36.1328073105442,137.189473921949,高山市 / 高山市清見町三日町 / 農地 / 1頭 / その他
461,2026,7,10,14,0,0,35.4623197273253,137.393842600418,恵那市 / 大井町 / 国・県・市道 / 1頭 / その他車移動
462,2026,7,11,7,0,0,35.917182003354,137.13301158353,下呂市 / 馬瀬黒石 / 国・県・市道 / 1頭 / その他車移動
463,2026,7,11,13,0,0,35.6578904182662,136.680812557667,山県市 / 神崎地内の舟伏山頂上付近 / 山林 / 1頭 / 登山
464,2026,7,9,18,0,0,35.948288361721,137.487712623236,高山市 / 高山市高根町日和田 / その他 / 1頭 / その他
465,2026,7,11,8,0,0,36.0119429552019,137.37306098407,高山市 / 高山市朝日町西洞 / 住宅地 / 1頭 / 自宅
466,2026,7,12,8,0,0,36.1760996051559,137.407593644688,高山市 / 高山市丹生川町日面 / その他 / 1頭 / その他
467,2026,7,13,11,0,0,35.4771624444138,137.318016854974,恵那市 / 笠置町 / 国・県・市道 / 1頭 / その他車移動
468,2026,7,13,12,0,0,35.4792921752162,137.296066855126,恵那市 / 飯地町 / 国・県・市道 / 3頭 / その他車移動
469,2026,7,14,8,0,0,35.5794872169286,136.521784177357,揖斐川町 / 揖斐川町 / 国・県・市道 / 1頭 / その他車移動
470,2026,7,14,4,0,0,35.522182937448,136.642126730444,本巣市 / 木知原 / 河川敷 / 1頭 / その他車移動
471,2026,7,14,11,0,0,35.5839689968158,136.636179219124,本巣市 / 日当 / 山林 / 1頭 / その他車移動
472,2026,7,14,17,0,0,35.3355678233932,137.389163592912,恵那市 / 上手向黒羽根 / 国・県・市道 / 1頭 / 通勤・通学
473,2026,7,15,8,0,0,35.4324956702402,137.488692891155,恵那市 / 東野 / 国・県・市道 / 1頭 / 建設作業
474,2026,7,15,9,0,0,35.3630851540115,137.42527643506,恵那市 / 岩村町 / 国・県・市道 / 1頭 / その他
475,2026,7,15,19,0,0,35.4820250756235,136.537079051632,揖斐川町 / 白樫 / 国・県・市道 / 1頭 / 通勤・通学
476,2026,7,16,14,0,0,35.7024520209589,137.421151436237,中津川市 / 付知町 / 山林 / 1頭 / その他
477,2026,7,17,8,0,0,35.5300960529893,137.323181629014,恵那市 / 中野方町 / 国・県・市道 / 1頭 / その他車移動
478,2026,7,15,22,0,0,36.3239058448171,137.28685178599,飛騨市 / 神岡町 / 農地 / 2頭 / 自宅
479,2026,7,16,21,0,0,36.2585072809956,136.909025670507,白川村 / 荻町 / 住宅地 / 1頭 / 自宅
480,2026,7,21,8,0,0,35.7350161324405,137.342759936707,中津川市 / 加子母　二渡区 / その他 / 1頭 / その他
481,2026,7,17,19,0,0,35.725065562977,137.370617758859,中津川市 / 加子母　番田区 / 林道 / 2頭 / その他
482,2026,7,18,15,0,0,36.4086992125913,137.187918114916,飛騨市 / 宮川町祢宜ケ沢上 / 河川敷 / 1頭 / その他
483,2026,7,3,19,0,0,35.6386925650698,137.38394543701,東白川村 / 越原 / 国・県・市道 / 1頭 / 自宅
484,2026,7,21,15,0,0,35.3153044780654,137.534878016161,恵那市 / 上矢作町 / 林道 / 1頭 / その他
485,2026,7,17,8,0,0,35.7003810638289,137.231636887361,下呂市 / 火打1472 / 国・県・市道 / 1頭 / その他車移動
486,2026,7,23,10,0,0,35.433311417351,137.429640471393,恵那市 / 東野 / その他 / 1頭 / その他
487,2026,7,23,11,0,0,35.6710837438667,137.420119844224,中津川市 / 付知町 / その他 / 1頭 / その他
488,2026,7,23,14,0,0,35.8633104510223,136.845810389851,郡上市 / 白鳥町越佐 / 山林 / 1頭 / 建設作業
489,2026,7,23,17,0,0,35.3181653280596,137.479110754826,恵那市 / 上矢作町 / 山林 / 1頭 / その他車移動
490,2026,7,26,11,0,0,35.698977533774,137.42445890367,中津川市 / 付知町 / 国・県・市道 / 1頭 / その他車移動
491,2026,7,17,16,0,0,36.2636561254077,137.565826643755,高山市 / 高山市奥飛騨温泉郷中尾 / 住宅地 / 1頭 / その他
492,2026,7,18,15,0,0,36.2644923239872,137.433413610744,高山市 / 高山市上宝町葛山 / 山林 / 1頭 / 林業作業
493,2026,7,22,18,0,0,36.1762858404403,137.320251580257,高山市 / 高山市丹生川町北方 / 住宅地 / 1頭 / その他車移動
494,2026,7,23,19,0,0,36.1536463517798,137.235598021905,高山市 / 高山市中山町 / 住宅地 / 1頭 / その他
495,2026,7,26,17,0,0,36.139212806423,137.231080406407,高山市 / 高山市山田町 / 住宅地 / 1頭 / その他
496,2026,7,26,18,0,0,36.0961997604678,137.258417244142,高山市 / 高山市一之宮町 / 住宅地 / 1頭 / その他
497,2026,7,28,8,0,0,35.7830669977658,137.230220125432,下呂市 / 三原町 / その他 / 1頭 / その他
498,2026,7,26,15,0,0,35.5182155329105,136.644811012726,本巣市 / 木知原 / 河川敷 / 1頭 / その他
499,2026,7,29,16,0,0,35.6233536514932,137.461242717459,中津川市 / 田瀬 / 山林 / 1頭 / 散歩
500,2026,7,29,19,0,0,35.4707900773344,137.416644462538,恵那市 / 大井町 / その他 / 1頭 / その他
501,2026,8,1,7,0,0,35.5072889001681,136.531223198577,揖斐川町 / 上野 / 国・県・市道 / 1頭 / その他車移動
502,2026,8,1,10,0,0,35.5059326080524,136.533207099988,揖斐川町 / 北方 / 山林 / 1頭 / その他車移動
503,2026,8,1,18,0,0,35.5013926473099,136.550548033799,揖斐川町 / 北方 / 農地 / 1頭 / その他車移動
504,2026,8,2,15,0,0,35.7139964002405,137.361695956074,中津川市 / 加子母　中切区 / 林道 / 1頭 / その他車移動
505,2026,8,2,6,0,0,36.3319155526511,137.293735356839,飛騨市 / 神岡町 / 山林 / 1頭 / 農作業
506,2026,8,3,8,0,0,35.2867214950866,137.418987564188,恵那市 / 明智町 / 山林 / 1頭 / 建設作業
507,2026,7,30,6,0,0,36.1409408782805,137.350479943902,高山市 / 高山市滝町 / 国・県・市道 / 1頭 / その他車移動
508,2026,7,30,19,0,0,36.0837118123462,137.347990261643,高山市 / 高山市朝日町万石 / 国・県・市道 / 1頭 / その他車移動
509,2026,8,4,16,0,0,35.698977533774,137.42445890367,中津川市 / 付知町 / 国・県・市道 / 2頭 / 林業作業
510,2026,8,6,14,0,0,35.2611155493833,137.456090101039,恵那市 / 上矢作町 / 国・県・市道 / 1頭 / その他車移動
511,2026,8,5,5,0,0,35.5255005279932,136.610684568922,揖斐川町 / 谷汲名礼 / 国・県・市道 / 1頭 / その他車移動
512,2026,8,5,7,0,0,35.5351667446109,136.608009148105,揖斐川町 / 揖斐川町谷汲徳積 / その他 / 1頭 / その他
513,2026,8,9,11,0,0,35.5150524634846,136.588189640563,揖斐川町 / 谷汲名礼 / 国・県・市道 / 1頭 / その他車移動
514,2026,8,10,12,0,0,35.3597591610284,137.474892682711,恵那市 / 岩村町富田　水晶山地内 / 山林 / 1頭 / 登山
515,2026,8,10,11,0,0,35.3232892540151,137.37243789042,恵那市 / 明智町大泉 / 山林 / 1頭 / 農作業
516,2026,8,12,21,0,0,35.5116126905827,137.152161177931,八百津町 / 八百津 / 農地 / 1頭 / その他
517,2026,8,7,18,0,0,35.583862267105,137.2706287855,白川町 / 黒川 / 国・県・市道 / 1頭 / 通勤・通学
518,2026,8,4,8,0,0,36.0430974160226,137.481896455088,高山市 / 高山市高根町上ヶ洞 / 国・県・市道 / 1頭 / その他車移動
519,2026,8,4,15,0,0,36.2120355567786,137.363088286004,高山市 / 高山市丹生川町折敷地 / 農地 / 1頭 / その他車移動
520,2026,8,7,12,0,0,36.0282448789448,137.516626509617,高山市 / 高山市高根町阿多野郷 / その他 / 1頭 / その他車移動
521,2026,8,7,16,0,0,36.0281778881716,137.516418165278,高山市 / 高山市高根町阿多野郷 / その他 / 1頭 / その他車移動
522,2026,8,8,14,0,0,36.1515577930486,137.23904690169,高山市 / 高山市下岡本町 / 住宅地 / 1頭 / その他
523,2026,8,11,9,0,0,35.4736060415235,136.584296095088,揖斐川町 / 長良 / 河川敷 / 2頭 / その他車移動
524,2026,8,12,23,0,0,35.7098711909801,137.376937231158,中津川市 / 加子母　上桑原区 / 国・県・市道 / 1頭 / その他
525,2026,8,11,13,0,0,36.2592125345784,136.902317704287,白川村 / 鳩谷 / 国・県・市道 / 1頭 / その他車移動
526,2026,8,17,9,0,0,35.9264419201393,137.444605628982,下呂市 / 小坂町落合 / その他 / 1頭 / その他
527,2026,8,12,16,0,0,36.0442916880048,137.012625752057,高山市 / 高山市荘川町三谷 / 国・県・市道 / 1頭 / その他車移動
528,2026,8,13,11,0,0,36.1769659870345,137.492557606562,高山市 / 高山市丹生川町久手 / その他 / 1頭 / その他車移動
529,2026,8,13,15,0,0,36.0446020284439,137.276851585621,高山市 / 高山市久々野町無数河 / 住宅地 / 1頭 / その他
530,2026,8,13,16,0,0,36.0469065597887,137.293377877433,高山市 / 高山市久々野町小坊 / 農地 / 1頭 / 農作業
531,2026,8,14,10,0,0,35.9470045576387,137.483250064541,高山市 / 高山市高根町日和田 / 国・県・市道 / 1頭 / その他
532,2026,8,17,16,0,0,35.9367764238275,137.249428019269,下呂市 / 小坂町大島 / その他 / 1頭 / その他車移動
533,2026,8,18,17,0,0,35.697262008346,137.420537566429,中津川市 / 付知町 / 国・県・市道 / 1頭 / 通勤・通学
534,2026,8,20,6,0,0,35.508704360102,137.314145201027,恵那市 / 中野方町 / その他 / 1頭 / その他車移動
535,2026,8,22,2,0,0,35.6537399271645,137.165859877961,下呂市 / 金山町田島 / 国・県・市道 / 1頭 / その他
536,2026,8,23,20,0,0,35.740706584728,136.984320921292,郡上市 / 八幡町安久田 / 林道 / 1頭 / その他車移動
537,2026,7,29,8,0,0,35.7468576846138,136.979073646996,郡上市 / 八幡町安久田 / 国・県・市道 / 1頭 / その他車移動
538,2026,8,21,6,0,0,36.3222144089152,137.283295630081,飛騨市 / 神岡町 / 山林 / 1頭 / 散歩
539,2026,8,23,17,0,0,36.3224391961303,137.283838919881,飛騨市 / 神岡町 / 山林 / 1頭 / 散歩
540,2026,8,25,17,0,0,35.4933671123572,136.579269442777,揖斐川町 / 大光寺 / その他 / 1頭 / その他
541,2026,8,26,7,0,0,35.4924260525144,136.567990807098,揖斐川町 / 極楽寺 / その他 / 1頭 / その他
542,2026,8,26,8,0,0,35.4931415990506,136.570052074913,揖斐川町 / 極楽寺 / 住宅地 / 1頭 / 自宅
543,2026,8,26,16,0,0,35.5638315118637,136.514022203779,揖斐川町 / 揖斐川町久瀬 / 国・県・市道 / 1頭 / その他車移動
544,2026,8,26,17,0,0,35.4994925325568,137.300212090511,恵那市 / 中野方町 / その他 / 2頭 / その他車移動
545,2026,8,28,16,0,0,35.4959594938127,136.551419653903,揖斐川町 / 北方 / 農地 / 1頭 / その他車移動
546,2026,8,30,6,0,0,35.5033297458357,136.534043265438,揖斐川町 / 北方 / その他 / 1頭 / その他車移動
547,2026,8,30,10,0,0,35.4917525265883,136.54007747258,揖斐川町 / 上野 / 山林 / 1頭 / その他
548,2026,8,30,17,0,0,35.9275792742776,137.316820784467,下呂市 / 小坂町落合 / その他 / 1頭 / その他
549,2026,8,29,20,0,0,35.5221817311016,137.39134558501,中津川市 / 蛭川 / 国・県・市道 / 1頭 / その他車移動
550,2026,7,24,18,0,0,35.5254782423252,137.381637807434,中津川市 / 蛭川 / 山林 / 1頭 / その他車移動
551,2026,8,31,12,0,0,35.4858685035882,136.601996518283,大野町 / 牛洞地内 / 農地 / 1頭 / 自宅
552,2026,8,28,9,0,0,35.5792345443492,137.53162564451,中津川市 / 坂下東町地内 / 農地 / 1頭 / 農作業
553,2026,9,1,10,0,0,35.2511882961839,137.473115332373,恵那市 / 串原 / 国・県・市道 / 1頭 / その他
554,2026,8,30,13,0,0,35.5328993112814,137.215123727663,八百津町 / 福地 / 国・県・市道 / 1頭 / その他車移動
555,2026,9,1,17,0,0,35.5026244060922,136.656410409645,大野町 / 稲富地内 / 国・県・市道 / 1頭 / その他
556,2026,9,2,20,0,0,35.5678882307669,137.223790398926,白川町 / 三川 / 河川敷 / 1頭 / その他
557,2026,8,15,15,0,0,35.9570091096193,137.488614674082,高山市 / 高山市高根町日和田 / 国・県・市道 / 1頭 / その他車移動
558,2026,8,17,14,0,0,36.2497096307735,137.490024962774,高山市 / 高山市奥飛騨温泉郷田頃家 / 国・県・市道 / 1頭 / その他車移動
559,2026,8,17,15,0,0,36.0109783241363,137.355059874422,高山市 / 高山市朝日町西洞 / 林道 / 1頭 / その他
560,2026,8,18,15,0,0,36.1742107917049,137.312917580417,高山市 / 高山市丹生川町坊方 / 農地 / 1頭 / 農作業
561,2026,9,3,8,0,0,35.5936874089464,137.509640613665,高山市 / 坂下大門地内 / 河川敷 / 1頭 / 散歩
562,2026,8,21,7,0,0,36.1341258748048,137.208771148296,高山市 / 高山市新宮町 / 国・県・市道 / 1頭 / その他
563,2026,8,21,11,0,0,36.1864745870811,137.425698705897,高山市 / 高山市農政部農務課 / その他 / 1頭 / その他
564,2026,8,20,20,0,0,36.1575383238662,137.274978303342,高山市 / 高山市三福寺町 / 国・県・市道 / 1頭 / その他車移動
565,2026,8,24,15,0,0,36.0504532301986,137.56669254448,高山市 / 高山市高根町野麦 / その他 / 1頭 / その他
566,2026,8,27,15,0,0,36.0511659396414,137.434103031067,高山市 / 高山市高根町中洞 / 国・県・市道 / 1頭 / その他車移動
567,2026,8,29,22,0,0,36.1482036343467,137.263182399544,高山市 / 高山市左京町 / 住宅地 / 1頭 / その他
568,2026,8,31,14,0,0,36.0544503470605,137.23189621022,高山市 / 高山市一之宮町苅安 / 国・県・市道 / 1頭 / その他車移動
569,2026,9,1,15,0,0,35.8238898744587,137.025137710069,郡上市 / 八幡町有穂 / 国・県・市道 / 1頭 / その他車移動
570,2026,9,2,17,0,0,35.8204087006547,137.025392905801,郡上市 / 八幡町有穂地内 / 国・県・市道 / 1頭 / その他
571,2026,9,5,14,0,0,35.5792558838169,137.187802020822,白川町 / 河岐 / 山林 / 1頭 / その他
572,2026,9,6,0,0,0,35.4951265834156,136.561955491942,揖斐川町 / 上南方 / 山林 / 1頭 / その他車移動
573,2026,9,6,13,0,0,35.5929537953856,137.455773588362,中津川市 / 福岡　八布施　向島 / 河川敷 / 1頭 / その他車移動
574,2026,9,4,8,0,0,35.5085781572075,136.653375599956,大野町 / 稲富地内 / 山林 / 1頭 / その他
575,2025,4,11,7,0,0,35.8637140042169,136.860707993925,郡上市 / 白鳥庁舎 / その他 / 1頭 / 自宅
576,2025,4,8,14,0,0,35.6396520968394,136.486797919105,揖斐川町 / 藤橋村 / 国・県・市道 / 1頭 / 建設作業
577,2025,4,7,8,0,0,35.5268684282328,136.529017034319,揖斐川町 / 久瀬村 / 国・県・市道 / 1頭 / その他
578,2025,4,18,7,0,0,35.8814248852209,136.864064903797,郡上市 / 白鳥町 / 山林 / 1頭 / 通勤・通学
579,2025,4,17,19,0,0,35.4874011755091,137.27224781916,恵那市 / 飯地町西山 / 山林 / 2頭 / 建設作業
580,2025,4,22,10,0,0,35.3701557361033,137.431315587703,恵那市 / 岩村町 / 国・県・市道 / 1頭 / その他車移動
581,2025,4,22,10,0,0,35.3379597699976,137.388568801253,恵那市 / 山岡町 / 国・県・市道 / 1頭 / その他車移動
582,2025,4,21,17,0,0,36.2751690414068,137.028567279312,飛騨市 / 河合町 / 山林 / 1頭 / 家畜作業
583,2025,4,22,16,0,0,35.8904033263628,136.896637780702,郡上市 / 白鳥町 / 国・県・市道 / 1頭 / 自宅
584,2025,4,22,16,0,0,36.332559184544,137.303344318862,飛騨市 / 神岡町 / 国・県・市道 / 1頭 / その他
585,2025,4,22,12,0,0,35.529545688343,136.597994335479,揖斐川町 / 谷汲村 / その他 / 1頭 / その他
586,2025,4,23,12,0,0,35.5294555271426,136.597989458223,揖斐川町 / 谷汲村 / その他 / 1頭 / その他
587,2025,4,20,10,0,0,35.6033855053375,136.739860072907,山県市 / 旧美山町 / 山林 / 1頭 / その他
588,2025,4,25,10,0,0,35.6449202915927,136.501077531458,揖斐川町 / 藤橋村 / 国・県・市道 / 1頭 / その他
589,2025,5,1,10,0,0,35.340476405492,137.227508684542,土岐市 / 土岐市 / 山林 / 1頭 / 自宅
590,2025,4,24,16,0,0,35.5385891502305,137.149040505717,八百津町 / 上吉田 / 山林 / 2頭 / その他
591,2025,4,29,16,0,0,35.5386004306394,137.149130107359,八百津町 / 上吉田 / 山林 / 2頭 / その他
592,2025,5,1,18,0,0,35.4383940086255,137.402874933058,恵那市 / 恵那市 / 国・県・市道 / 1頭 / その他車移動
593,2025,5,6,18,0,0,35.5050569619366,136.574957352138,揖斐川町 / 揖斐川町 / 農地 / 1頭 / 自宅
594,2025,5,4,14,0,0,35.49706568744,136.565512706437,揖斐川町 / 揖斐川町 / その他 / 1頭 / その他
595,2025,5,7,10,0,0,35.5166088755018,136.552774362932,揖斐川町 / 揖斐川町 / 山林 / 1頭 / その他
596,2025,5,5,14,0,0,35.4972264222564,136.471229335018,揖斐川町 / 春日村 / 山林 / 1頭 / 登山
597,2025,5,5,14,0,0,35.5142824773958,136.653502418512,本巣市 / 本巣町 / 山林 / 1頭 / 通勤・通学
598,2025,5,9,5,0,0,35.4723717943631,136.506743989718,揖斐川町 / 春日村 / 山林 / 1頭 / 通勤・通学
599,2025,5,3,14,0,0,35.4251247420061,136.541978697455,池田町 / 池田町 / 林道 / 1頭 / その他車移動
600,2025,5,5,16,0,0,35.4273425308262,136.538897953166,池田町 / 池田町 / 林道 / 1頭 / その他車移動
601,2025,4,26,11,0,0,36.2627459972444,136.908590063715,白川村 / 白川村 / その他 / 1頭 / 散歩
602,2025,4,27,11,0,0,36.2627016779054,136.908935210129,白川村 / 白川村 / 農地 / 1頭 / 通勤・通学
603,2025,5,3,11,0,0,36.2625773024288,136.908726949918,白川村 / 白川村 / その他 / 1頭 / 散歩
604,2025,5,5,11,0,0,36.2608990060471,136.908885495003,白川村 / 白川村 / 山林 / 1頭 / 通勤・通学
605,2025,5,8,8,0,0,36.2548071193107,136.89226926741,白川村 / 白川村 / 河川敷 / 2頭 / 通勤・通学
606,2025,5,14,12,0,0,35.5560963060892,136.776277186289,山県市 / 旧美山町 / 林道 / 1頭 / その他車移動
607,2025,5,18,6,0,0,35.539730232754,137.15089784081,八百津町 / 上吉田 / 山林 / 1頭 / その他
608,2025,5,19,7,0,0,35.3904464760963,136.553542983033,大垣市 / 大垣市 / 山林 / 1頭 / その他
609,2025,5,19,7,0,0,35.3928461036929,136.555698914362,大垣市 / 大垣市 / 山林 / 1頭 / その他
610,2025,5,20,14,0,0,35.6016860942029,136.413659278453,揖斐川町 / 坂内村 / その他 / 1頭 / その他
611,2025,5,22,7,0,0,35.7781951166508,137.241552031805,下呂市 / 旧下呂町 / 国・県・市道 / 1頭 / 通勤・通学
612,2025,5,20,13,0,0,35.5855645611438,136.525265433851,揖斐川町 / 久瀬村 / 農地 / 1頭 / 農作業
613,2025,5,23,18,0,0,35.7431086482619,137.068752769537,郡上市 / 和良町 / 河川敷 / 1頭 / 散歩
614,2025,5,24,6,0,0,35.738221878834,137.067061717117,郡上市 / 和良町 / 河川敷 / 1頭 / その他
615,2025,5,24,6,0,0,35.7415172681228,137.06281761462,郡上市 / 和良町 / 国・県・市道 / 1頭 / その他車移動
616,2025,5,24,17,0,0,35.5564571666418,137.455228730716,中津川市 / 福岡小池地内 / 国・県・市道 / 1頭 / その他車移動
617,2025,5,3,9,0,0,36.2759472300989,137.033770318287,飛騨市 / 河合町 / 山林 / 1頭 / 農作業
618,2025,5,19,11,0,0,36.301894881622,137.078598764372,飛騨市 / 河合町 / 山林 / 1頭 / 建設作業
619,2025,5,29,14,0,0,36.3039222643502,137.093722571268,飛騨市 / 河合町 / その他 / 1頭 / その他
620,2025,5,26,8,0,0,35.7780950787918,137.23932657301,下呂市 / 下呂町 / 国・県・市道 / 1頭 / 通勤・通学
621,2025,5,29,17,0,0,35.7085976038741,137.210766110515,下呂市 / 下呂町 / 国・県・市道 / 1頭 / 自宅
622,2025,5,29,22,0,0,35.5409396165346,136.882781869917,美濃市 / 美濃市 / 山林 / 1頭 / 散歩
623,2025,4,17,8,0,0,36.2162708379716,137.369450307892,高山市 / 丹生川町 / その他 / 1頭 / その他
624,2025,4,12,15,0,0,36.2204866654323,137.241469319187,高山市 / 国府町 / 国・県・市道 / 1頭 / その他車移動
625,2025,4,9,13,0,0,36.2117581801463,137.272689147437,高山市 / 国府町宮地 / 国・県・市道 / 1頭 / その他車移動
626,2025,4,27,12,0,0,36.1948148434379,137.549565999437,高山市 / 奥飛騨温泉郷 / 国・県・市道 / 1頭 / その他車移動
627,2025,4,27,9,0,0,36.066501070163,137.399451935907,高山市 / 朝日町 / 国・県・市道 / 1頭 / その他車移動
628,2025,5,29,15,0,0,36.4000330635846,137.181755325009,飛騨市 / 宮川村桑野 / 国・県・市道 / 1頭 / その他車移動
629,2025,5,30,9,0,0,36.406916133905,137.184139853361,飛騨市 / 宮川町桑野 / 国・県・市道 / 1頭 / その他車移動
630,2025,5,31,10,0,0,35.5279548882541,136.793515900974,山県市 / 旧高富町 / 国・県・市道 / 1頭 / 散歩
631,2025,5,2,16,0,0,36.0859976445332,137.292546293598,高山市 / 久々野町大西 / 国・県・市道 / 1頭 / その他車移動
632,2025,5,5,6,0,0,36.2386506105657,137.525942093581,高山市 / 奥飛騨温泉郷一重ケ根 / 住宅地 / 1頭 / その他
633,2025,5,12,16,0,0,36.2525174330035,137.243951240004,高山市 / 上宝町荒原 / 国・県・市道 / 1頭 / その他車移動
634,2025,6,1,,,,35.5383001839822,137.361790245518,中津川市 / 旧蛭川村 / 山林 / 1頭 / その他車移動
635,2025,5,15,13,0,0,36.1264848384155,137.203332857289,高山市 / 高山市新宮町 / 住宅地 / 1頭 / その他
636,2025,5,2,14,0,0,35.5163402319155,137.390213557318,中津川市 / 旧蛭川村 / その他 / 1頭 / その他車移動
637,2025,5,20,7,0,0,36.1585294323847,137.263174000674,高山市 / 高山市三福寺町 / 国・県・市道 / 1頭 / その他車移動
638,2025,5,20,13,0,0,36.1554204840612,137.265945207519,高山市 / 高山市三福寺町 / 農地 / 1頭 / その他
639,2025,5,21,18,0,0,36.1519141795708,137.272133053676,高山市 / 高山市松之木町 / 住宅地 / 1頭 / その他車移動
640,2025,5,26,13,0,0,36.2489373773068,137.511870279984,高山市 / 高山市奥飛騨温泉郷栃尾 / その他 / 1頭 / その他
641,2025,5,27,16,0,0,36.2134475305271,137.364068305619,高山市 / 高山市丹生川町折敷地 / 住宅地 / 1頭 / 自宅
642,2025,5,29,12,0,0,36.1701244540035,137.246722620599,高山市 / 高山市下切町 / その他 / 1頭 / その他
643,2025,5,29,17,0,0,36.1634255008215,137.25627476674,高山市 / 高山市松本町 / 農地 / 1頭 / 農作業
644,2025,5,30,14,0,0,36.1473431981833,137.271136534729,高山市 / 高山市松之木町 / 住宅地 / 1頭 / その他
645,2025,5,30,17,0,0,36.1509111842497,137.260337771497,高山市 / 高山市大新町３丁目 / その他 / 1頭 / その他
646,2025,5,31,9,0,0,36.2101869501838,137.344417305963,高山市 / 丹生川町折敷地 / 国・県・市道 / 1頭 / その他車移動
647,2025,5,31,10,0,0,36.1332902916727,137.275426184767,高山市 / 高山市江名子町 / 住宅地 / 1頭 / その他
648,2025,6,9,19,0,0,35.489233228969,136.573138522567,揖斐川町 / 揖斐川町 / 山林 / 1頭 / その他
649,2025,6,10,17,0,0,36.4116754050134,137.190441505654,飛騨市 / 宮川村 / 山林 / 1頭 / その他
650,2025,6,9,14,0,0,35.5985509322019,137.50493971927,中津川市 / 坂下町 / 国・県・市道 / 1頭 / その他車移動
651,2025,6,12,11,0,0,36.3851182901347,137.181585311879,飛騨市 / 宮川町打保 / その他 / 1頭 / その他
652,2025,6,13,12,0,0,36.41594980648,137.192346107258,飛騨市 / 宮川町 / その他 / 1頭 / その他
653,2025,6,13,16,0,0,35.4384463749312,136.445545712473,揖斐川町 / 旧春日村 / 国・県・市道 / 1頭 / その他車移動
654,2025,6,11,1,0,0,35.5330498662244,137.396775680763,中津川市 / 旧蛭川村 / 林道 / 1頭 / 自宅
655,2025,6,13,18,0,0,35.5261295379108,136.797165819751,山県市 / 高富町 / 山林 / 1頭 / その他
656,2025,6,17,7,0,0,36.294877590547,137.070222359563,飛騨市 / 河合町 / 河川敷 / 1頭 / 通勤・通学
657,2025,6,16,10,0,0,35.7085917508996,137.250455293453,下呂市 / 下呂町 / 国・県・市道 / 1頭 / 自宅
658,2025,6,17,19,0,0,35.4536394368751,136.545211278725,池田町 / 池田町 / 河川敷 / 1頭 / その他車移動
659,2025,6,18,15,0,0,35.551557290163,136.511601300143,揖斐川町 / 久瀬村 / 林道 / 1頭 / 建設作業
660,2025,6,18,6,0,0,35.5838084060594,136.545694926176,揖斐川町 / 久瀬村 / 山林 / 1頭 / その他
661,2025,6,19,8,0,0,35.4195839701627,136.572873606256,池田町 / 池田町 / 住宅地 / 1頭 / その他車移動
662,2025,6,19,17,0,0,35.6385870553495,136.487742032156,揖斐川町 / 藤橋村 / その他 / 1頭 / その他
663,2025,6,19,20,0,0,35.6373142178265,136.484309236276,揖斐川町 / 藤橋 / 国・県・市道 / 1頭 / その他
664,2025,6,23,8,0,0,35.472967119067,136.490924794849,揖斐川町 / 旧春日村 / 農地 / 1頭 / その他車移動
665,2025,6,21,10,0,0,36.3659468231176,137.37829253939,飛騨市 / 神岡町 / 国・県・市道 / 1頭 / その他車移動
666,2025,6,19,10,0,0,36.3168357251712,137.302997462102,飛騨市 / 神岡町 / 国・県・市道 / 1頭 / その他
667,2025,6,24,9,0,0,35.5194266039841,136.724790313202,山県市 / 伊自良村 / 国・県・市道 / 1頭 / その他車移動
668,2025,6,1,20,0,0,35.5295682901346,136.528828002287,揖斐川町 / 久瀬村 / 国・県・市道 / 1頭 / その他車移動
669,2025,6,7,9,0,0,35.5317234554293,136.511950592314,揖斐川町 / 久瀬村 / その他 / 1頭 / その他車移動
670,2025,6,19,21,0,0,35.5572679435073,136.480452010233,揖斐川町 / 久瀬村 / 河川敷 / 1頭 / その他車移動
671,2025,6,20,18,0,0,35.5327390841485,136.58133176324,揖斐川町 / 谷汲村 / 山林 / 1頭 / その他車移動
672,2025,6,25,9,0,0,35.4714837168572,137.219642368334,八百津町 / 南戸 / 国・県・市道 / 1頭 / 建設作業
673,2025,6,26,5,0,0,35.5219885667598,136.724417924543,山県市 / 伊自良村 / 山林 / 1頭 / その他
674,2025,5,4,6,0,0,36.3163459670253,137.302725155143,飛騨市 / 神岡町 / 国・県・市道 / 1頭 / その他
675,2025,5,25,7,0,0,36.3282229223721,137.310083142085,飛騨市 / 神岡町 / 山林 / 1頭 / その他車移動
676,2025,6,2,5,0,0,36.0838482564501,137.298084377735,高山市 / 久々野町柳島 / 国・県・市道 / 1頭 / その他
677,2025,6,2,8,0,0,36.0333227691289,137.521085370051,高山市 / 高根町阿多野郷 / 国・県・市道 / 1頭 / 通勤・通学
678,2025,6,2,10,0,0,36.2042600027757,137.312216942769,高山市 / 丹生川町大沼 / 国・県・市道 / 1頭 / その他車移動
679,2025,6,2,18,0,0,36.130184418445,137.184849726809,高山市 / 清見町三日町 / 河川敷 / 1頭 / 自宅
680,2025,6,3,11,0,0,36.1317057738511,137.18194743715,高山市 / 清見町三日町 / 山林 / 1頭 / その他
681,2025,6,4,14,0,0,36.04994583032,137.261914644793,高山市 / 久々野町中組 / 農地 / 1頭 / その他
682,2025,6,5,8,0,0,36.0947718594208,137.320942013958,高山市 / 朝日町見座 / 住宅地 / 1頭 / 自宅
683,2025,6,5,18,0,0,36.053653550016,137.239592269831,高山市 / 久々野町上組 / 国・県・市道 / 1頭 / その他車移動
684,2025,6,6,8,0,0,36.0824198166351,137.279175329804,高山市 / 久々野町山梨 / 住宅地 / 1頭 / 自宅
685,2025,6,6,5,0,0,36.1383088947357,137.351850787807,高山市 / 滝町 / 住宅地 / 1頭 / その他車移動
686,2025,6,7,18,0,0,36.1340166658534,137.224065758025,高山市 / 新宮町 / 住宅地 / 2頭 / 自宅
687,2025,6,8,12,0,0,36.0534342306234,137.262235860264,高山市 / 久々野町中組 / その他 / 1頭 / その他
688,2025,6,10,16,0,0,36.2645387447272,137.561510723817,高山市 / 奥飛騨温泉郷神坂 / 国・県・市道 / 1頭 / その他車移動
689,2025,6,12,13,0,0,36.0564599658617,137.273400530739,高山市 / 久々野町西洞 / 住宅地 / 1頭 / 自宅
690,2025,6,12,16,0,0,36.0518720851662,137.398643110267,高山市 / 朝日町小瀬ヶ洞 / 国・県・市道 / 1頭 / その他車移動
691,2025,6,12,17,0,0,36.094834464636,137.300292432317,高山市 / 久々野町大西 / 国・県・市道 / 1頭 / その他車移動
692,2025,6,13,7,0,0,36.205494500048,137.28885478341,高山市 / 丹生川町柏原 / 国・県・市道 / 1頭 / その他車移動
693,2025,6,13,8,0,0,36.2206779181346,137.257270592061,高山市 / 国府町宮地 / 農地 / 1頭 / 自宅
694,2025,6,13,13,0,0,36.0478464997295,137.439619508345,高山市 / 高根町中洞 / 国・県・市道 / 1頭 / その他車移動
695,2025,6,13,18,0,0,36.2654787671216,137.56171856209,高山市 / 奥飛騨温泉郷神坂 / 国・県・市道 / 1頭 / その他車移動
696,2025,6,13,13,0,0,36.2265633513891,137.24278144506,高山市 / 国府町西門前 / その他 / 1頭 / その他
697,2025,6,15,16,0,0,36.2634305711882,137.432481265523,高山市 / 上宝町葛西 / 山林 / 2頭 / その他
698,2025,6,17,6,0,0,36.1388680668065,137.213445219556,高山市 / 新宮町 / 国・県・市道 / 1頭 / その他車移動
699,2025,6,17,8,0,0,36.201216905092,137.319514610301,高山市 / 丹生川町大沼 / 国・県・市道 / 1頭 / その他車移動
700,2025,6,18,10,0,0,36.1403999545259,137.225643385227,高山市 / 山田町 / 国・県・市道 / 1頭 / その他
701,2025,6,19,10,0,0,36.1457137942984,137.215462005631,高山市 / 下之切町 / 住宅地 / 1頭 / 自宅
702,2025,6,19,12,0,0,36.1439838419187,137.226621846368,高山市 / 山田町 / 住宅地 / 1頭 / その他
703,2025,6,19,13,0,0,36.1438135474335,137.224693740146,高山市 / 山田町 / 住宅地 / 1頭 / 自宅
704,2025,6,20,10,0,0,36.1467094598006,137.217473315991,高山市 / 山田町 / 住宅地 / 1頭 / その他車移動
705,2025,6,21,16,0,0,36.0682412240453,137.194394245613,高山市 / 一之宮町 / 国・県・市道 / 1頭 / その他車移動
706,2025,6,21,16,0,0,35.9844692684659,137.524059352968,高山市 / 高根町留之原 / 国・県・市道 / 1頭 / 自宅
707,2025,6,22,14,0,0,36.0624915246786,137.258381593691,高山市 / 久々野町西洞 / その他 / 1頭 / その他
708,2025,6,26,15,0,0,36.4284550038381,137.198476476402,飛騨市 / 宮川村小豆沢 / 国・県・市道 / 1頭 / その他
709,2025,6,23,16,0,0,36.1391122144516,137.350733874965,高山市 / 滝町 / 山林 / 1頭 / その他車移動
710,2025,6,24,14,0,0,36.0199581654201,137.295813043997,高山市 / 久々野町小坊 / 国・県・市道 / 1頭 / その他車移動
711,2025,6,26,10,0,0,36.2495160740562,137.49745136535,高山市 / 奥飛騨温泉郷田頃家 / その他 / 1頭 / その他
712,2025,6,26,17,0,0,36.1266375636663,137.360064147947,高山市 / 磐井町 / 山林 / 1頭 / 自宅
713,2025,6,26,12,0,0,35.7684615203597,137.28279601923,下呂市 / 下呂町 / 国・県・市道 / 1頭 / その他車移動
714,2025,6,28,15,0,0,35.8285150667206,137.234541223241,下呂市 / 下呂町 / 国・県・市道 / 1頭 / その他車移動
715,2025,6,29,13,0,0,35.5869694363627,136.747964646272,山県市 / 美山町 / 国・県・市道 / 1頭 / その他車移動
716,2025,6,29,13,0,0,36.3959151860136,137.178809375666,飛騨市 / 宮川村中沢上 / 国・県・市道 / 1頭 / その他車移動
717,2025,6,27,12,0,0,36.2472247537919,137.515043634655,高山市 / 奥飛騨温泉郷 / 河川敷 / 1頭 / その他
718,2025,6,27,15,0,0,36.0806427289726,137.367640843494,高山市 / 朝日町浅井 / 住宅地 / 1頭 / 自宅
719,2025,6,28,8,0,0,36.1810471082084,137.322926110848,高山市 / 丹生川北方 / その他 / 1頭 / その他
720,2025,6,28,14,0,0,36.1357944855324,137.210829516402,高山市 / 新宮町 / その他 / 1頭 / その他
721,2025,6,28,17,0,0,36.1419105587869,137.233515271815,高山市 / 緑ヶ丘町 / 住宅地 / 1頭 / その他車移動
722,2025,6,28,19,0,0,36.1548880874949,137.260456396682,高山市 / 三福寺町 / 住宅地 / 1頭 / その他車移動
723,2025,6,29,11,0,0,36.1819821681059,137.215496803054,高山市 / 国府町瓜巣 / 国・県・市道 / 1頭 / その他車移動
724,2025,6,30,6,0,0,36.1468631686826,137.241214986718,高山市 / 下岡本町 / 国・県・市道 / 2頭 / 通勤・通学
725,2025,6,29,12,0,0,36.1419599402106,137.238683088107,高山市 / 上岡本町４丁目 / 住宅地 / 1頭 / その他
726,2025,7,2,11,0,0,35.6345890448759,136.492068084532,揖斐川町 / 藤橋村 / 林道 / 1頭 / その他
727,2025,6,30,9,0,0,36.1357744030342,137.266528201124,高山市 / 城山 / その他 / 1頭 / 散歩
728,2025,6,30,17,0,0,36.1273029363569,137.274666651417,高山市 / 江名子町 / 住宅地 / 1頭 / 自宅
729,2025,6,30,17,0,0,36.1826727994585,137.287510329935,高山市 / 丹生川町下保 / 国・県・市道 / 1頭 / その他車移動
730,2025,7,3,7,0,0,36.396483147792,137.177024369207,飛騨市 / 宮川村戸谷 / 国・県・市道 / 1頭 / その他車移動
731,2025,5,21,10,0,0,35.5382351465582,137.584618851888,中津川市 / 山口村 / 国・県・市道 / 1頭 / その他車移動
732,2025,7,4,8,0,0,36.349052786547,137.182811099146,飛騨市 / 宮川村巣之内 / 国・県・市道 / 1頭 / その他車移動
733,2025,7,1,7,0,0,35.5511144352816,136.412795180064,揖斐川町 / 坂内村 / 国・県・市道 / 1頭 / 建設作業
734,2025,7,4,6,0,0,35.9316004647611,137.249507048845,下呂市 / 萩原町宮田 / 山林 / 1頭 / その他
735,2025,6,30,14,0,0,35.5342497553765,136.655597927247,本巣市 / 本巣町 / 山林 / 1頭 / その他車移動
736,2025,6,20,10,0,0,35.7068356524007,136.671950831223,本巣市 / 根尾村 / 山林 / 1頭 / その他
737,2025,7,8,8,0,0,35.6398071619224,136.614414140276,本巣市 / 根尾村 / 国・県・市道 / 1頭 / 通勤・通学
738,2025,7,2,10,0,0,35.500999971602,136.639142175505,大野町 / 大野町 / 林道 / 1頭 / 建設作業
739,2025,6,28,15,0,0,35.739928448421,136.601042040365,本巣市 / 根尾村 / 山林 / 1頭 / その他
740,2025,7,8,10,0,0,35.633837412648,136.476720502725,揖斐川町 / 藤橋村 / 国・県・市道 / 1頭 / その他車移動
741,2025,7,4,15,0,0,35.6957640166737,137.098635914261,下呂市 / 金山町戸部 / 河川敷 / 1頭 / その他車移動
742,2025,7,9,2,0,0,35.2950360360424,137.251768205016,土岐市 / 土岐市 / 農地 / 1頭 / 自宅
743,2025,7,13,6,0,0,35.5380880932159,136.429850960799,揖斐川町 / 久瀬村 / その他 / 2頭 / その他車移動
744,2025,7,13,14,0,0,35.6391296341779,136.486057028038,揖斐川町 / 藤橋村 / その他 / 1頭 / その他
745,2025,5,15,16,0,0,35.4297071846377,137.454099351997,恵那市 / 東野 / 国・県・市道 / 1頭 / その他車移動
746,2025,6,11,11,0,0,35.527321222909,136.957221574237,関市 / 旧関 / 国・県・市道 / 1頭 / その他車移動
747,2025,6,4,13,0,0,35.6208497897896,136.820585898064,関市 / 洞戸 / 国・県・市道 / 1頭 / その他車移動
748,2025,5,26,19,0,0,35.6614994289154,137.078553770395,関市 / 上之保 / 国・県・市道 / 1頭 / その他車移動
749,2025,4,18,0,0,0,35.5775143966324,137.040902133117,関市 / 武儀 / 国・県・市道 / 1頭 / その他車移動
750,2025,5,23,7,0,0,35.7255273358882,136.76527693698,関市 / 板取 / 山林 / 1頭 / 自宅
751,2025,6,13,13,0,0,35.5296323229357,136.95778773765,関市 / 旧関 / 国・県・市道 / 1頭 / その他車移動
752,2025,7,5,7,0,0,35.7109909213412,137.367992172153,中津川市 / 加子母中切地内 / 住宅地 / 1頭 / 自宅
753,2025,7,20,7,0,0,36.3334585074533,137.295985362494,飛騨市 / 神岡町 / 河川敷 / 1頭 / その他
754,2025,7,22,10,0,0,35.5184907123499,137.185067117378,八百津町 / 久田見 / 国・県・市道 / 1頭 / その他車移動
755,2025,7,23,10,0,0,35.5086601831908,137.581644127539,中津川市 / 神坂 / 山林 / 1頭 / その他車移動
756,2025,7,22,17,0,0,36.3741029860492,137.177663028858,飛騨市 / 宮川村打保 / その他 / 1頭 / その他（市役所への連絡は7/23）
757,2025,7,25,18,0,0,35.4649956273195,137.126166678069,八百津町 / 伊岐津志 / 山林 / 1頭 / 散歩
758,2025,7,29,16,0,0,35.5961687773646,136.626931871377,本巣市 / 根尾村 / 国・県・市道 / 1頭 / その他車移動
759,2025,7,31,12,0,0,35.4740315658983,136.502547965132,揖斐川町 / 旧春日村 / 国・県・市道 / 1頭 / 建設作業
760,2025,7,25,13,0,0,35.5929378750598,136.432292290146,揖斐川町 / 坂内村 / 国・県・市道 / 1頭 / 建設作業
761,2025,7,31,15,0,0,35.6793907762811,137.411646296835,中津川市 / 付知町 / 国・県・市道 / 1頭 / その他車移動
762,2025,7,29,10,0,0,35.6684445059148,137.42258978516,中津川市 / 付知町 / 河川敷 / 1頭 / その他車移動
763,2025,7,19,15,0,0,35.6635839078745,137.424676336401,中津川市 / 付知町 / 河川敷 / 1頭 / その他
764,2025,7,16,6,0,0,35.6649786681537,137.423148261728,中津川市 / 付知町 / 国・県・市道 / 1頭 / 散歩
765,2025,6,19,14,0,0,35.671230305665,137.42126275618,中津川市 / 付知町 / 河川敷 / 1頭 / 通勤・通学
766,2025,6,18,11,0,0,35.6986871261576,137.43976223121,中津川市 / 付知町 / 国・県・市道 / 1頭 / その他車移動
767,2025,6,4,18,0,0,35.6408352729496,137.440089862061,中津川市 / 付知町 / 河川敷 / 1頭 / その他車移動
768,2025,6,6,7,0,0,35.642947178147,137.430296879786,中津川市 / 付知町 / その他 / 1頭 / 散歩
769,2025,6,8,9,0,0,35.6512072253819,137.465929196477,中津川市 / 付知町 / 林道 / 1頭 / その他車移動
770,2025,6,9,17,0,0,35.6907629682405,137.423393023556,中津川市 / 付知町 / 国・県・市道 / 1頭 / その他車移動
771,2025,7,31,16,0,0,35.9634244827921,136.809565506296,郡上市 / 白鳥町 / 国・県・市道 / 3頭 / 通勤・通学
772,2025,7,1,15,0,0,36.1432053668701,137.234958168375,高山市 / 高山市上岡本町８丁目 / 住宅地 / 1頭 / その他車移動
773,2025,7,3,6,0,0,36.1605837885249,137.080947376479,高山市 / 清見町池本 / 林道 / 1頭 / 林業作業
774,2025,7,1,17,0,0,36.0355384562184,137.397828240495,高山市 / 朝日町黍生谷 / 国・県・市道 / 2頭 / その他車移動
775,2025,7,3,18,0,0,36.2551215638729,137.548304588494,高山市 / 奥飛騨温泉郷神坂 / 住宅地 / 1頭 / その他
776,2025,7,4,6,0,0,36.0944567529934,137.311658761837,高山市 / 久々野町小屋名 / 農地 / 1頭 / 自宅
777,2025,7,4,13,0,0,36.0409093475573,136.942406875259,高山市 / 荘川町野々俣 / 国・県・市道 / 1頭 / その他車移動
778,2025,7,4,15,0,0,36.1611732929258,137.306706556131,高山市 / 丹生川町町方 / 国・県・市道 / 1頭 / その他車移動
779,2025,7,6,12,0,0,36.1403657050657,137.230881172732,高山市 / 高山市緑ヶ丘町 / 住宅地 / 1頭 / 自宅
780,2025,7,6,18,0,0,36.1417127631763,137.216349894963,高山市 / 高山市下之切 / 住宅地 / 1頭 / その他
781,2025,7,7,7,0,0,36.1413865990095,137.217697011386,高山市 / 高山市匠ヶ丘町 / その他 / 1頭 / その他車移動
782,2025,7,7,15,0,0,36.2034819254747,137.318667576994,高山市 / 丹生川町大沼 / 国・県・市道 / 1頭 / その他車移動
783,2025,7,7,21,0,0,36.1364317146783,137.233584265011,高山市 / 高山市上岡本町 / その他 / 1頭 / その他
784,2025,8,1,7,0,0,35.992112177695,136.900044746876,郡上市 / 高鷲町 / 山林 / 1頭 / その他
785,2025,7,8,19,0,0,36.1354102872755,137.227523005312,高山市 / 高山市山田町 / 住宅地 / 1頭 / 自宅
786,2025,7,9,7,0,0,36.1459712562194,137.225411383866,高山市 / 高山市山田町 / 住宅地 / 1頭 / 自宅
787,2025,7,9,13,0,0,36.1756083109106,137.365441639118,高山市 / 丹生川町瓜田 / 国・県・市道 / 1頭 / その他車移動
788,2025,7,9,13,0,0,36.1378230708674,137.288483458299,高山市 / 高山市山口町 / 農地 / 1頭 / その他
789,2025,7,9,13,0,0,36.1592032479918,137.326975748377,高山市 / 丹生川町山口 / 国・県・市道 / 1頭 / 農作業
790,2025,7,9,14,0,0,36.1397517655778,137.296587534317,高山市 / 高山市漆垣内町 / その他 / 1頭 / その他
791,2025,7,9,15,0,0,36.152521594755,137.235712883014,高山市 / 高山市中山町 / 住宅地 / 1頭 / 自宅
792,2025,7,9,17,0,0,36.1500083471236,137.241805553564,高山市 / 高山市下岡本町 / その他 / 1頭 / その他
793,2025,7,9,19,0,0,36.1438981449869,137.23414270762,高山市 / 高山市上岡本町８丁目 / 国・県・市道 / 1頭 / その他車移動
794,2025,7,10,8,0,0,36.1366350023259,137.242195655834,高山市 / 高山市西之一色町 / 住宅地 / 1頭 / 自宅
795,2025,7,10,12,0,0,36.134590576102,137.237864598764,高山市 / 高山市西之一色３丁目 / 住宅地 / 1頭 / その他
796,2025,7,10,19,0,0,36.1387626160999,137.219134966383,高山市 / 高山市匠ヶ丘町 / その他 / 1頭 / その他車移動
797,2025,7,11,5,0,0,36.0865420171165,137.358220745196,高山市 / 朝日町寺澤 / 林道 / 1頭 / その他
798,2025,7,11,10,0,0,36.1537738902013,137.267323318629,高山市 / 高山市三福寺町 / 農地 / 1頭 / その他
799,2025,7,11,14,0,0,36.1348112312709,137.23121834005,高山市 / 高山市上岡本町 / 住宅地 / 1頭 / その他車移動
800,2025,7,11,17,0,0,36.1484649356536,137.238957099148,高山市 / 高山市下岡本町 / 国・県・市道 / 1頭 / その他車移動
801,2025,7,13,5,0,0,36.180654902276,137.324319877874,高山市 / 丹生川町北方 / その他 / 1頭 / その他
802,2025,7,13,13,0,0,36.1481076432138,137.243698494607,高山市 / 高山市下岡本町 / 住宅地 / 1頭 / その他
803,2025,7,13,14,0,0,36.1527404849854,137.258606923428,高山市 / 高山市三福寺町 / その他 / 1頭 / その他
804,2025,7,13,16,0,0,36.0013696980619,137.536290467269,高山市 / 高根町日和田 / 住宅地 / 1頭 / 自宅
805,2025,7,14,8,0,0,36.144199328752,137.241990342499,高山市 / 高山市上岡本 / その他 / 1頭 / その他
806,2025,7,14,7,0,0,36.183208869566,137.307243869477,高山市 / 丹生川町桐山 / 住宅地 / 1頭 / 自宅
807,2025,7,14,12,0,0,36.1852408375018,137.310933832486,高山市 / 丹生川町桐山 / 農地 / 1頭 / 農作業
808,2025,7,14,13,0,0,36.2455965629665,137.526169954129,高山市 / 奥飛騨温泉郷栃尾 / 住宅地 / 1頭 / その他
809,2025,7,14,14,0,0,36.0267673955167,136.955264055167,高山市 / 荘川町町屋 / 国・県・市道 / 1頭 / その他車移動
810,2025,7,14,17,0,0,36.1441259991931,137.237555768227,高山市 / 高山市上岡本町 / 住宅地 / 1頭 / 自宅
811,2025,7,14,6,0,0,36.143980677665,137.242124870968,高山市 / 高山市下岡本町 / その他 / 1頭 / その他
812,2025,7,15,14,0,0,36.2309922379751,137.351044461218,高山市 / 丹生川町呂瀬金山 / 国・県・市道 / 1頭 / その他車移動
813,2025,7,15,17,0,0,36.1439023051888,137.237178098091,高山市 / 高山市上岡本町 / 住宅地 / 1頭 / 自宅
814,2025,7,15,18,0,0,36.2319710815539,137.202011753771,高山市 / 国府町山本 / 農地 / 1頭 / 農作業
815,2025,7,16,14,0,0,36.174809011565,137.3284171723,高山市 / 丹生川町北方 / 国・県・市道 / 1頭 / 農作業
816,2025,7,16,17,0,0,35.9472941320092,137.485251134538,高山市 / 高根町留之原 / その他 / 1頭 / その他
817,2025,7,18,6,0,0,36.1213834835156,137.182556487524,高山市 / 清見町三日町 / 国・県・市道 / 1頭 / その他車移動
818,2025,7,18,9,0,0,36.1771593945609,137.333966565163,高山市 / 丹生川町法力 / 農地 / 1頭 / 農作業
819,2025,7,18,10,0,0,36.1805610202532,137.476960757085,高山市 / 丹生川町久手 / 国・県・市道 / 1頭 / その他車移動
820,2025,7,18,11,0,0,36.1792577042744,137.304916800384,高山市 / 丹生川町桐山 / 住宅地 / 1頭 / 自宅
821,2025,7,19,9,0,0,35.9947846062789,137.531820495013,高山市 / 高根町小日和田 / 国・県・市道 / 1頭 / その他車移動
822,2025,7,19,11,0,0,36.1199875203184,137.282095468545,高山市 / 高山市江名子町 / 山林 / 1頭 / 農作業
823,2025,7,20,18,0,0,36.1518979374949,137.236795896265,高山市 / 高山市下岡本町 / その他 / 1頭 / その他
824,2025,7,22,9,0,0,36.1958841445853,137.328430520725,高山市 / 丹生川町大沼 / 林道 / 1頭 / その他車移動
825,2025,7,23,8,0,0,36.0431347153798,137.263981826133,高山市 / 久々野町無数河 / 国・県・市道 / 1頭 / その他車移動
826,2025,7,23,17,0,0,36.1363657883204,137.281068653048,高山市 / 高山市江名子町 / 住宅地 / 1頭 / その他
827,2025,8,5,8,0,0,35.4194538512606,137.430844445825,恵那市 / 東野 / 山林 / 1頭 / 散歩
828,2025,7,23,18,0,0,36.1316739568532,137.292789046065,高山市 / 高山市山口町 / その他 / 1頭 / その他
829,2025,7,24,7,0,0,36.1272137567558,137.231276736454,高山市 / 高山市上岡本町 / 国・県・市道 / 1頭 / その他車移動
830,2025,7,24,8,0,0,35.9544098804205,137.485764683718,高山市 / 高根町留之原 / 国・県・市道 / 1頭 / その他
831,2025,7,25,6,0,0,36.0850801244346,137.347027190441,高山市 / 朝日町万石 / その他 / 1頭 / その他車移動
832,2025,7,25,8,0,0,36.1485833542574,137.261324761691,高山市 / 高山市桜町 / その他 / 1頭 / その他
833,2025,7,25,7,0,0,36.0869379869403,137.345874498888,高山市 / 朝日町万石 / 国・県・市道 / 1頭 / その他車移動
834,2025,7,25,13,0,0,36.0500958908164,137.47623939809,高山市 / 高根町池ヶ洞 / 国・県・市道 / 1頭 / その他車移動
835,2025,7,28,4,0,0,36.1332190722088,137.228455324201,高山市 / 高山市上岡本町 / 住宅地 / 1頭 / その他車移動
836,2025,7,28,9,0,0,36.1534590709512,137.273081160218,高山市 / 高山市三福寺町 / 住宅地 / 1頭 / 自宅
837,2025,7,28,16,0,0,36.0384342545255,137.486241768031,高山市 / 高根町上ヶ洞 / その他 / 1頭 / その他
838,2025,7,28,18,0,0,36.1366032015906,137.333873709373,高山市 / 高山市滝町 / 国・県・市道 / 1頭 / その他車移動
839,2025,7,31,6,0,0,36.1726548896217,137.500858060609,高山市 / 丹生川町久手 / 国・県・市道 / 1頭 / その他車移動
840,2025,5,24,17,0,0,35.5557489186519,137.457612221523,中津川市 / 福岡町 / 国・県・市道 / 1頭 / 通勤・通学
841,2025,5,26,16,0,0,35.5969250726921,137.414906459987,中津川市 / 福岡町 / 国・県・市道 / 1頭 / 通勤・通学
842,2025,5,28,12,0,0,35.5740602361234,137.456816443455,中津川市 / 福岡町 / 国・県・市道 / 1頭 / 通勤・通学
843,2025,6,2,19,0,0,35.5725066217811,137.45628678699,中津川市 / 福岡町 / 国・県・市道 / 1頭 / 通勤・通学
844,2025,7,16,15,0,0,35.6206675069197,137.468188901177,中津川市 / 福岡町 / 国・県・市道 / 1頭 / その他車移動
845,2025,7,24,19,0,0,35.5690587967926,137.451571178076,中津川市 / 福岡町 / 農地 / 1頭 / 散歩
846,2025,7,25,5,0,0,35.5517667011532,137.440438720231,中津川市 / 福岡町 / 国・県・市道 / 1頭 / 通勤・通学
847,2025,8,5,6,0,0,35.6098702037752,137.24767666966,白川町 / 西白川村 / 国・県・市道 / 1頭 / 通勤・通学
848,2025,4,2,18,0,0,35.5903888379636,137.226719051899,白川町 / 西白川村 / 国・県・市道 / 1頭 / その他車移動
849,2025,8,7,18,0,0,36.2644336477681,137.226087135358,飛騨市 / 神岡町 / 国・県・市道 / 1頭 / その他車移動
850,2025,8,11,13,0,0,36.3743458551424,137.36325221923,飛騨市 / 神岡町 / 林道 / 1頭 / その他
851,2025,7,25,10,0,0,35.5320102461738,136.644006106447,揖斐川町 / 谷汲村 / その他 / 1頭 / その他
852,2025,7,26,17,0,0,35.5188935009249,136.62400859598,揖斐川町 / 谷汲村 / 山林 / 1頭 / その他
853,2025,7,29,17,0,0,35.5263452855811,136.608130814449,揖斐川町 / 谷汲村 / その他 / 1頭 / その他車移動
854,2025,8,9,10,0,0,35.5946205174792,137.509268529169,中津川市 / 坂下町 / 河川敷 / 1頭 / その他
855,2025,8,8,6,0,0,35.7677301823429,137.283493100524,下呂市 / 下呂町 / 河川敷 / 1頭 / 自宅
856,2025,8,17,9,0,0,35.5126515557287,137.183639487768,八百津町 / 久田見 / 国・県・市道 / 1頭 / その他車移動
857,2025,8,20,4,0,0,36.3149268574562,137.304831667824,飛騨市 / 神岡町 / 国・県・市道 / 1頭 / その他車移動
858,2025,8,20,16,0,0,35.280550910518,137.370906051188,恵那市 / 明智町横通 / 国・県・市道 / 1頭 / その他
859,2025,8,18,16,0,0,36.3458932007984,137.183346616492,飛騨市 / 宮川町種蔵 / 山林 / 1頭 / その他車移動
860,2025,8,18,16,0,0,36.4093835260163,137.186559935411,飛騨市 / 宮川町桑野 / 国・県・市道 / 1頭 / その他車移動
861,2025,8,20,13,0,0,36.4263924024253,137.19788944698,飛騨市 / 宮川町小豆沢 / 国・県・市道 / 1頭 / その他車移動
862,2025,8,15,6,0,0,35.6408651542399,137.441317368852,中津川市 / 付知町 / 河川敷 / 1頭 / その他
863,2025,8,1,6,0,0,36.047030028735,137.473495774772,高山市 / 高根町池ヶ洞 / 農地 / 1頭 / 自宅
864,2025,8,2,6,0,0,36.1431449600747,137.268359895915,高山市 / 高山市西洞町 / その他 / 1頭 / その他
865,2025,8,5,14,0,0,36.1472148504191,137.277895685263,高山市 / 高山市松之木町」 / 住宅地 / 1頭 / 自宅
866,2025,8,8,5,0,0,35.9733878249162,137.533841890503,高山市 / 高根町留之原 / 住宅地 / 1頭 / 自宅
867,2025,8,6,16,0,0,35.9735345253739,137.533764951952,高山市 / 高根町留之原 / 住宅地 / 1頭 / 自宅
868,2025,8,9,6,0,0,36.1729560963159,137.357925176727,高山市 / 丹生川町大谷 / 国・県・市道 / 1頭 / その他車移動
869,2025,8,9,9,0,0,36.0606003397219,137.589716069052,高山市 / 高根町野麦 / 国・県・市道 / 1頭 / その他車移動
870,2025,8,8,11,0,0,36.0396777234739,137.524267602177,高山市 / 高根町阿多野郷 / 国・県・市道 / 2頭 / その他車移動
871,2025,8,9,10,0,0,35.9731928119021,137.535894381016,高山市 / 高根町留之原 / 国・県・市道 / 1頭 / その他車移動
872,2025,8,9,14,0,0,36.1136261067063,137.260052081707,高山市 / 高山市石浦町６丁目 / 国・県・市道 / 1頭 / その他車移動
873,2025,8,9,14,0,0,36.1428535207468,137.235546113627,高山市 / 高山市上岡本８丁目 / 住宅地 / 1頭 / その他
874,2025,8,9,16,0,0,36.1489114033345,137.29952738092,高山市 / 高山市漆垣内町 / その他 / 1頭 / その他
875,2025,8,9,18,0,0,36.1376739132378,137.168810726505,高山市 / 清見町牧ヶ洞 / 国・県・市道 / 1頭 / その他車移動
876,2025,8,11,9,0,0,36.0374346594816,137.496122575439,高山市 / 高根町上ヶ洞 / 国・県・市道 / 1頭 / その他車移動
877,2025,8,12,10,0,0,36.2080004854944,137.350551325784,高山市 / 丹生川町折敷地 / 国・県・市道 / 1頭 / その他車移動
878,2025,8,12,10,0,0,36.0502240305241,137.501304244939,高山市 / 高根町黍生 / 国・県・市道 / 2頭 / その他車移動
879,2025,8,12,15,0,0,35.9998524857089,137.528218173399,高山市 / 高根町日和田 / 国・県・市道 / 2頭 / その他車移動
880,2025,8,12,17,0,0,36.038015979765,137.522735604196,高山市 / 高根町阿多野郷 / その他 / 1頭 / その他
881,2025,8,12,18,0,0,36.1861976243979,137.261792989555,高山市 / 国府町三川 / 山林 / 1頭 / その他
882,2025,8,13,7,0,0,36.0095736871417,137.37085818472,高山市 / 朝日町西洞 / 住宅地 / 2頭 / 自宅
883,2025,8,13,14,0,0,36.0338878050595,137.521458252257,高山市 / 高根町阿多野郷 / 住宅地 / 1頭 / 自宅
884,2025,8,13,20,0,0,36.1422861410727,137.234776111143,高山市 / 高山市上岡本町 / 住宅地 / 1頭 / その他車移動
885,2025,8,15,16,0,0,35.984143093489,137.525383797139,高山市 / 高根町留之原 / 国・県・市道 / 1頭 / その他車移動
886,2025,8,16,7,0,0,36.1407629946718,137.365376820929,高山市 / 高山市生井町 / 国・県・市道 / 1頭 / その他車移動
887,2025,8,17,23,0,0,36.1455021246287,137.279958115667,高山市 / 高山市松之木町 / 住宅地 / 1頭 / 自宅
888,2025,8,19,9,0,0,36.1603602570299,137.263106073531,高山市 / 高山市松本町 / 国・県・市道 / 1頭 / その他車移動
889,2025,8,16,5,0,0,36.1373850195405,137.22801828018,高山市 / 高山市　上岡本町 / 住宅地 / 1頭 / 自宅
890,2025,8,20,6,0,0,36.1491488134321,137.276566928418,高山市 / たかやまし上岡本町 / 農地 / 1頭 / 農作業
891,2025,8,21,10,0,0,36.1329215002101,137.30370522457,高山市 / 高山市山口町 / その他 / 1頭 / その他
892,2025,8,22,9,0,0,36.0494345003002,137.566334845693,高山市 / 高根町野麦 / 住宅地 / 1頭 / その他
893,2025,8,22,13,0,0,36.0629359898131,137.400522402934,高山市 / 朝日町小瀬ヶ洞 / その他 / 1頭 / その他
894,2025,8,23,16,0,0,36.0767316674209,137.363190501206,高山市 / 朝日町大広 / 山林 / 1頭 / その他車移動
895,2025,8,24,7,0,0,36.0772045457059,137.363379034922,高山市 / 朝日町大廣 / 山林 / 1頭 / その他車移動
896,2025,8,25,18,0,0,36.0010341780205,137.355777928873,高山市 / 朝日町西洞 / 国・県・市道 / 1頭 / その他車移動
897,2025,8,25,17,0,0,36.1525307139574,137.275596420565,高山市 / 高山市松之木町 / 住宅地 / 1頭 / 自宅
898,2025,8,26,13,0,0,36.1472915272057,137.270960746153,高山市 / 高山市松之木町 / 国・県・市道 / 1頭 / その他車移動
899,2025,8,24,21,0,0,35.6422585565161,137.44245570047,中津川市 / 付知町 / 国・県・市道 / 1頭 / その他車移動
900,2025,8,21,13,0,0,35.5969279828593,136.437009544308,揖斐川町 / 坂内村 / 国・県・市道 / 1頭 / その他車移動
901,2025,8,24,9,0,0,35.9674898799351,137.417155072477,下呂市 / 小坂町落合 / 国・県・市道 / 3頭 / その他
902,2025,8,27,12,0,0,36.194997878737,137.552560106696,高山市 / 奥飛騨温泉郷平湯 / 住宅地 / 1頭 / その他
903,2025,8,27,2,0,0,35.6029266986231,137.475082535743,中津川市 / 坂下町 / 国・県・市道 / 1頭 / その他車移動
904,2025,7,25,14,0,0,35.7274834875147,136.769714332139,関市 / 板取 / 国・県・市道 / 1頭 / 自宅
905,2025,8,30,5,0,0,35.5873931958971,137.522658807956,中津川市 / 坂下町 / 農地 / 1頭 / 自宅
906,2025,8,28,17,0,0,35.9757470005175,137.532748115298,高山市 / 高根町留之原 / 国・県・市道 / 1頭 / その他車移動
907,2025,8,30,21,0,0,36.0702027882051,137.475455583633,高山市 / 高根町池ヶ洞 / その他 / 1頭 / その他
908,2025,8,29,12,0,0,35.9896112953274,137.52500720458,高山市 / 高根町留之原 / 国・県・市道 / 2頭 / その他車移動
909,2025,8,29,15,0,0,35.9830159943487,137.530210282931,高山市 / 高根町留之原付近 / 国・県・市道 / 1頭 / その他車移動
910,2025,8,30,5,0,0,36.0790062051107,137.370690737915,高山市 / 朝日町浅井 / 住宅地 / 1頭 / 自宅
911,2025,8,29,17,0,0,36.0423919259536,136.984566672864,高山市 / 荘川町三谷 / 住宅地 / 1頭 / その他
912,2025,8,30,10,0,0,35.985316556997,137.529299678315,高山市 / 高根町留之原 / 国・県・市道 / 1頭 / その他車移動
913,2025,8,31,12,0,0,36.1713629536863,137.434142288653,高山市 / 丹生川町日面 / 国・県・市道 / 2頭 / その他車移動
914,2025,9,1,7,0,0,36.2928994036549,137.366356827122,高山市 / 上宝町見座 / 国・県・市道 / 1頭 / その他車移動
915,2025,9,1,8,0,0,35.9771892654685,137.53269932925,高山市 / 高根町留之原 / その他 / 1頭 / その他
916,2025,9,1,12,0,0,36.2484432783408,137.498565110584,高山市 / 奥飛騨温泉郷田頃家 / その他 / 1頭 / その他
917,2025,9,1,18,0,0,36.0293148571902,137.393407721522,高山市 / 朝日町一之宿 / 住宅地 / 1頭 / 自宅
918,2025,9,2,19,0,0,35.5706739715519,137.529742177394,中津川市 / 坂下町 / 国・県・市道 / 1頭 / その他
919,2025,8,26,5,0,0,35.3390035158152,137.38174927581,恵那市 / 山岡町上手向 / 国・県・市道 / 1頭 / 通勤・通学
920,2025,9,2,8,0,0,36.1753084981076,137.379285989133,高山市 / 丹生川町小野 / 国・県・市道 / 1頭 / 通勤・通学
921,2025,9,2,12,0,0,36.0522374721099,137.571902111047,高山市 / 高根町野麦 / 国・県・市道 / 2頭 / その他車移動
922,2025,9,2,17,0,0,36.0531990597179,137.431889155342,高山市 / 高根町中洞 / 国・県・市道 / 3頭 / その他車移動
923,2025,9,3,6,0,0,35.5741815869,137.526699806026,中津川市 / 坂下町 / 国・県・市道 / 1頭 / 通勤・通学
924,2025,9,3,7,0,0,35.2918460393225,137.424218842409,恵那市 / 明智町東方 / 国・県・市道 / 1頭 / 通勤・通学
925,2025,9,3,8,0,0,35.570647655751,136.784607133022,山県市 / 旧美山町 / 国・県・市道 / 1頭 / その他車移動
926,2025,9,1,18,0,0,35.6933526339359,136.494736335356,揖斐川町 / 藤橋村 / 国・県・市道 / 1頭 / その他車移動
927,2025,9,1,7,0,0,35.3727340934341,137.085057853722,可児市 / 可児市 / 国・県・市道 / 1頭 / その他車移動
928,2025,9,3,21,0,0,35.6951899048709,137.418552268369,中津川市 / 付知町 / 国・県・市道 / 2頭 / 通勤・通学
929,2025,9,3,6,0,0,36.1497450961658,137.261087914102,高山市 / 高山市八幡町 / 住宅地 / 1頭 / 自宅
930,2025,9,3,12,0,0,36.1511042368681,137.267451891626,高山市 / 高山市三福寺町 / 住宅地 / 1頭 / 自宅
931,2025,9,3,18,0,0,36.0295344182009,137.393479087136,高山市 / 朝日町一之宿 / 住宅地 / 1頭 / その他車移動
932,2025,9,2,20,0,0,35.4190108067647,137.140463865651,御嵩町 / 御嵩町 / その他 / 1頭 / 通勤・通学
933,2025,9,4,5,0,0,35.4695119448477,137.463213458605,中津川市 / 坂本 / その他 / 1頭 / その他
934,2025,9,4,5,0,0,35.5144014210974,137.482229547686,中津川市 / 苗木 / 山林 / 1頭 / その他車移動
935,2025,9,3,17,0,0,35.5045366082591,137.587509421347,中津川市 / 神坂 / 河川敷 / 1頭 / その他
936,2025,9,4,16,0,0,35.566920993317,137.429574770781,中津川市 / 旧福岡町 / 山林 / 1頭 / 通勤・通学
937,2025,9,4,6,0,0,35.5487826589373,136.807349655824,山県市 / 旧美山町 / その他 / 1頭 / 散歩
938,2025,9,5,19,0,0,36.0260772060508,136.96347880368,高山市 / 荘川町猿丸 / 国・県・市道 / 1頭 / その他車移動
939,2025,9,6,15,0,0,36.0907939280228,137.362603541458,高山市 / 朝日町青屋 / 国・県・市道 / 1頭 / その他車移動
940,2025,9,6,17,0,0,36.2047471625794,137.552433442894,高山市 / 高山市農政部農務課 / その他 / 1頭 / その他
941,2025,9,7,6,0,0,36.0795229294478,137.361304345738,高山市 / 高山市農政部農務課 / 国・県・市道 / 1頭 / その他車移動
942,2025,9,7,17,0,0,36.0795965380144,137.362799987416,高山市 / 朝日町寺澤 / 河川敷 / 1頭 / その他
943,2025,9,7,13,0,0,36.0343074254649,136.955065652899,高山市 / 荘川町新渕 / 住宅地 / 1頭 / その他
944,2025,9,4,15,0,0,35.3472267101145,136.536453404058,垂井町 / 宮代村 / 農地 / 1頭 / 農作業
945,2025,9,6,8,0,0,35.6419402121202,137.332825117178,東白川村 / 東白川村 / 山林 / 2頭 / その他不明
946,2025,9,7,18,0,0,35.6897080110899,137.423181799167,中津川市 / 付知町 / 国・県・市道 / 1頭 / その他車移動
947,2025,9,8,20,0,0,35.6173589713408,137.461456557574,中津川市 / 福岡　田瀬 / その他 / 1頭 / 通勤・通学
948,2025,9,9,7,0,0,35.4470658849958,136.94001956818,関市 / 旧関市 / 国・県・市道 / 1頭 / 通勤・通学
949,2025,9,11,10,0,0,36.3110390413166,137.302103496165,飛騨市 / 神岡町 / 国・県・市道 / 1頭 / その他
950,2025,9,9,6,0,0,36.0328985430047,136.935804229433,高山市 / 荘川町野々俣 / 住宅地 / 1頭 / 自宅
951,2025,9,9,15,0,0,36.237584866842,137.525853097363,高山市 / 奥飛騨温泉郷一重ケ根 / その他 / 1頭 / その他
952,2025,9,10,12,0,0,36.0552452602402,137.431168986404,高山市 / 高根町中洞 / 国・県・市道 / 1頭 / その他車移動
953,2025,9,11,13,0,0,36.1686163078809,137.278179390989,高山市 / 高山市上野町 / 国・県・市道 / 1頭 / 農作業
954,2025,9,11,11,0,0,36.1720985527215,137.296697710935,高山市 / 丹生川町町方 / 国・県・市道 / 1頭 / その他車移動
955,2025,9,13,18,0,0,36.028944678363,137.395690381413,高山市 / 朝日町一之宿 / 河川敷 / 1頭 / その他
956,2025,9,12,7,0,0,36.1244148969401,137.076498649802,高山市 / 荘川町上小鳥 / 国・県・市道 / 2頭 / その他車移動
957,2025,9,15,7,0,0,36.1473851268028,137.268619561558,高山市 / 高山市三福寺町 / 住宅地 / 1頭 / その他
958,2025,9,13,10,0,0,35.6356661868901,137.504874460091,中津川市 / 旧川上村 / 国・県・市道 / 1頭 / その他車移動
959,2025,9,17,6,0,0,36.1353879319461,137.271540899825,高山市 / 高山市江名子町 / 住宅地 / 1頭 / その他車移動
960,2025,9,16,7,0,0,35.5773077314748,137.524334037637,中津川市 / 坂下町 / その他 / 1頭 / その他
961,2025,9,15,21,0,0,36.4239545425761,137.198922148404,飛騨市 / 宮川町巣納谷 / 国・県・市道 / 1頭 / その他車移動
962,2025,9,17,18,0,0,35.6080555626798,137.480002932467,中津川市 / 坂下町 / 国・県・市道 / 1頭 / その他車移動
963,2025,9,17,19,0,0,35.5900791394656,137.510803777708,中津川市 / 坂下町 / 国・県・市道 / 1頭 / 通勤・通学
964,2025,9,15,15,0,0,36.1377824727717,137.213039025372,高山市 / 高山市新宮町 / 住宅地 / 1頭 / その他車移動
965,2025,9,17,6,0,0,36.143254452924,137.221195782861,高山市 / 高山市匠ヶ丘町 / 住宅地 / 1頭 / その他車移動
966,2025,9,17,8,0,0,36.0224189016456,136.949918803666,高山市 / 荘川町町屋 / 林道 / 2頭 / 林業作業
967,2025,9,17,16,0,0,36.0756349089733,137.214638382391,高山市 / 一之宮町 / 林道 / 2頭 / その他車移動
968,2025,9,17,18,0,0,36.13425919376,137.275158782801,高山市 / 高山市農政部農務課 / 住宅地 / 1頭 / 自宅
969,2025,9,17,19,0,0,36.024703380875,137.389430008308,高山市 / 朝日町一之宿 / 林道 / 3頭 / その他車移動
970,2025,9,18,16,0,0,36.0270469095189,137.514811768385,高山市 / 高根町阿多野郷 / 国・県・市道 / 1頭 / その他車移動
971,2025,9,19,9,0,0,35.4657660958221,137.241378253243,八百津町 / 潮見 / 山林 / 2頭 / 建設作業
972,2025,9,18,10,0,0,35.542333624751,136.418195809892,揖斐川町 / 坂内村 / 国・県・市道 / 1頭 / その他
973,2025,9,19,7,0,0,36.2131493624484,137.272627772143,高山市 / 丹生川町柏原 / 国・県・市道 / 1頭 / その他車移動
974,2025,9,19,17,0,0,36.1876578060595,137.553767344453,高山市 / 奥飛騨温泉郷 / その他 / 1頭 / その他
975,2025,9,20,9,0,0,36.1485103602961,137.265593435934,高山市 / 高山市農政部農務課 / 住宅地 / 1頭 / 自宅
976,2025,9,20,12,0,0,36.1431822793144,137.220103267752,高山市 / 高山市匠ヶ丘町 / 住宅地 / 2頭 / その他車移動
977,2025,9,21,16,0,0,36.1521199924697,137.269687690941,高山市 / 高山市三福寺町 / 住宅地 / 1頭 / 自宅
978,2025,9,22,11,0,0,36.0725549642365,137.227333281405,高山市 / 宮村 / 国・県・市道 / 1頭 / その他車移動
979,2025,9,23,12,0,0,35.4892234779081,137.109549249286,八百津町 / 和知 / 農地 / 1頭 / 農作業
980,2025,9,24,18,0,0,35.7847039511445,137.116431836111,郡上市 / 和良村 / 国・県・市道 / 1頭 / 通勤・通学
981,2025,8,31,21,0,0,35.7173469816115,137.431635126853,中津川市 / 付知町 / 林道 / 1頭 / その他車移動
982,2025,9,25,8,0,0,35.6111881040537,137.490558564807,中津川市 / 旧川上村 / 農地 / 1頭 / 通勤・通学
983,2025,9,27,23,0,0,36.3078561784898,137.107056426088,飛騨市 / 河合町 / 山林 / 1頭 / 自宅
984,2025,9,24,6,0,0,35.8046520687714,137.251453934327,下呂市 / 下呂町 / 国・県・市道 / 1頭 / 自宅
985,2025,9,23,17,0,0,35.7992315731799,137.260534554957,下呂市 / 下呂町 / 国・県・市道 / 1頭 / 自宅
986,2025,9,26,19,0,0,35.8092726872428,137.249756144203,下呂市 / 下呂町 / その他 / 3頭 / 自宅
987,2025,9,22,6,0,0,36.2811088121103,137.574334235877,高山市 / 奥飛騨温泉郷神坂 / 国・県・市道 / 1頭 / その他車移動
988,2025,9,22,8,0,0,36.200111777672,137.233519247612,高山市 / 国府町金桶 / 国・県・市道 / 1頭 / その他車移動
989,2025,9,22,8,0,0,36.2874722245927,137.370092617635,高山市 / 上宝町宮原 / 国・県・市道 / 1頭 / 自宅
990,2025,9,22,9,0,0,36.0578650510939,137.401802691372,高山市 / 朝日町小瀬ヶ洞 / 国・県・市道 / 1頭 / その他車移動
991,2025,9,28,12,0,0,36.3040749322905,137.082615403137,飛騨市 / 河合町 / 国・県・市道 / 1頭 / その他車移動
992,2025,9,24,10,0,0,36.0710924434256,137.204846424385,高山市 / 一之宮町田家 / 農地 / 1頭 / 農作業
993,2025,9,24,11,0,0,36.0649777561039,137.400534686263,高山市 / 朝日町小瀬ヶ洞 / 国・県・市道 / 1頭 / その他車移動
994,2025,9,24,14,0,0,36.1305405997613,137.181890982155,高山市 / 清見町三日町 / 国・県・市道 / 2頭 / その他車移動
995,2025,9,24,16,0,0,36.0910956153057,137.326360958905,高山市 / 朝日町青屋 / 住宅地 / 1頭 / その他車移動
996,2025,9,24,17,0,0,36.2658202057799,137.564509613011,高山市 / 奥飛騨温泉郷神坂 / 河川敷 / 1頭 / その他
997,2025,9,24,21,0,0,36.1218993163052,137.27156122297,高山市 / 高山市片野町 / 国・県・市道 / 1頭 / その他車移動
998,2025,9,26,11,0,0,35.6113014426994,136.35204865545,揖斐川町 / 坂内村 / 国・県・市道 / 1頭 / その他車移動
999,2025,9,25,17,0,0,36.1343730018859,137.325889292456,高山市 / 高山市滝町 / 河川敷 / 1頭 / その他車移動
1000,2025,9,25,12,0,0,36.0158479177502,136.969604853853,高山市 / 荘川猿丸 / 河川敷 / 1頭 / その他
1001,2025,9,30,8,0,0,35.6104558868578,137.490501804624,中津川市 / 旧川上村 / 国・県・市道 / 1頭 / 通勤・通学
1002,2025,9,30,11,0,0,35.7171842519606,137.290419857548,下呂市 / 下呂町 / 国・県・市道 / 1頭 / 通勤・通学
1003,2025,9,30,7,0,0,36.385436481271,137.180087566297,飛騨市 / 宮川村打保 / 山林 / 1頭 / その他
1004,2025,9,30,10,0,0,36.4132198027871,137.189904665526,飛騨市 / 宮川村杉原 / 国・県・市道 / 1頭 / その他車移動
1005,2025,10,1,8,0,0,36.3181782421173,137.133798782431,飛騨市 / 宮川村岸奥 / その他 / 1頭 / 通勤・通学
1006,2025,10,2,10,0,0,36.3302818280232,137.143812187531,飛騨市 / 宮川村西忍 / その他 / 1頭 / その他
1007,2025,10,2,3,0,0,35.7150266192446,137.366594529599,中津川市 / 加子母 / 住宅地 / 1頭 / その他車移動
1008,2025,9,26,11,0,0,36.0607173280702,136.953619049534,高山市 / 荘川町岩瀬 / その他 / 2頭 / その他
1009,2025,9,27,10,0,0,36.0928078426568,137.395916701844,高山市 / 朝日町 / 国・県・市道 / 1頭 / その他車移動
1010,2025,9,27,16,0,0,36.0316757716098,136.93620172786,高山市 / 荘川町野々俣 / 住宅地 / 4頭 / 自宅
1011,2025,10,3,11,0,0,35.6033076336952,137.494370449137,中津川市 / 旧川上村 / 国・県・市道 / 1頭 / 自宅
1012,2025,9,28,12,0,0,36.056965896315,136.941439952196,高山市 / 荘川町牛丸 / その他 / 3頭 / その他
1013,2025,9,26,21,0,0,36.0986122668255,137.072814697895,高山市 / 荘川町上小鳥 / 住宅地 / 1頭 / その他車移動
1014,2025,9,29,11,0,0,36.2498469535534,137.497283079928,高山市 / 奥飛騨温泉郷田頃家 / その他 / 1頭 / その他
1015,2025,9,29,12,0,0,36.2186398077767,137.21431673472,高山市 / 国府町木曽垣内 / 住宅地 / 1頭 / 自宅
1016,2025,9,29,15,0,0,36.0781605980769,137.291919033392,高山市 / 久々野町柳島 / 国・県・市道 / 1頭 / その他車移動
1017,2025,9,30,10,0,0,36.175861880406,137.371596794353,高山市 / 丹生川町瓜田 / 国・県・市道 / 1頭 / その他車移動
1018,2025,9,30,12,0,0,36.0415314811146,136.942658290004,高山市 / 荘川町野々俣 / 国・県・市道 / 1頭 / その他車移動
1019,2025,9,30,15,0,0,36.0572542568022,136.942309791397,高山市 / 荘川町牛丸 / 国・県・市道 / 1頭 / その他車移動
1020,2025,9,30,16,0,0,36.0697763918705,136.944782491318,高山市 / 荘川町岩瀬 / 国・県・市道 / 1頭 / その他車移動
1021,2025,9,30,16,0,0,36.1970347023509,137.552337278975,高山市 / 奥飛騨温泉郷平湯 / 国・県・市道 / 1頭 / その他車移動
1022,2025,9,30,17,0,0,36.2877629392919,137.369730866544,高山市 / 上宝町宮原 / 国・県・市道 / 1頭 / その他車移動
1023,2025,9,30,17,0,0,36.2494016163868,137.499432911187,高山市 / 奥飛騨温泉郷田頃家 / 国・県・市道 / 1頭 / その他車移動
1024,2025,9,30,5,0,0,36.1757872497044,137.364050425727,高山市 / 丹生川町瓜田 / 住宅地 / 1頭 / 自宅
1025,2025,9,30,20,0,0,36.1464777947275,137.269082344578,高山市 / 高山市曙町 / 住宅地 / 1頭 / その他車移動
1026,2025,9,30,16,0,0,36.1089941840937,137.177652244992,高山市 / 高山市農政部農務課 / その他 / 1頭 / その他車移動
1027,2025,10,6,10,0,0,35.3684865252379,137.382742931158,恵那市 / 山岡町久保原 / 農地 / 1頭 / 農作業
1028,2025,10,6,19,0,0,35.4314802869901,136.632585409566,大野町 / 大野町 / 河川敷 / 2頭 / 散歩
1029,2025,10,3,12,0,0,35.9002442843657,136.848217784804,郡上市 / 白鳥町 / 住宅地 / 1頭 / 自宅
1030,2025,10,7,8,0,0,35.7959155990626,137.26897461964,下呂市 / 下呂町 / その他 / 2頭 / 通勤・通学
1031,2025,10,7,8,0,0,36.2867304365937,137.101763184873,飛騨市 / 河合町 / 山林 / 1頭 / 通勤・通学
1032,2025,10,5,14,0,0,35.7829024367241,137.28480054079,下呂市 / 下呂町 / 住宅地 / 1頭 / 通勤・通学
1033,2025,10,4,6,0,0,35.732945992766,137.324801423776,下呂市 / 下呂町 / その他 / 1頭 / その他
1034,2025,10,7,10,0,0,35.5298542842663,137.209411056105,八百津町 / 福地 / 国・県・市道 / 1頭 / その他車移動
1035,2025,6,6,15,0,0,36.2819504651454,137.163924288516,飛騨市 / 古川町 / 山林 / 1頭 / その他車移動
1036,2025,6,7,6,0,0,36.2834318719276,137.12994374772,飛騨市 / 古川町 / 国・県・市道 / 1頭 / 通勤・通学
1037,2025,6,8,9,0,0,36.2623128425961,137.150862372426,飛騨市 / 古川町 / 山林 / 1頭 / 散歩
1038,2025,6,16,6,0,0,36.2560611387128,137.172897367295,飛騨市 / 古川町 / その他 / 1頭 / 散歩
1039,2025,7,2,12,0,0,36.2937728107175,137.207427942728,飛騨市 / 古川町 / 国・県・市道 / 1頭 / その他
1040,2025,7,14,13,0,0,36.2513515802466,137.114144012306,飛騨市 / 古川町 / 国・県・市道 / 1頭 / その他車移動
1041,2025,8,18,17,0,0,36.2349036712601,137.169474800054,飛騨市 / 古川町 / 国・県・市道 / 1頭 / その他車移動
1042,2025,9,26,12,0,0,36.2334161769429,137.176107996835,飛騨市 / 古川町 / 住宅地 / 1頭 / その他車移動
1043,2025,9,28,13,0,0,36.2324358599161,137.177901757398,飛騨市 / 古川町 / 国・県・市道 / 1頭 / その他車移動
1044,2025,10,3,17,0,0,36.2442969283497,137.191547239343,飛騨市 / 古川町 / 国・県・市道 / 1頭 / その他
1045,2025,10,3,21,0,0,36.2420318733577,137.194133363685,飛騨市 / 古川町 / 国・県・市道 / 1頭 / その他
1046,2025,10,6,21,0,0,36.2333823058137,137.176942362614,飛騨市 / 古川町 / 国・県・市道 / 1頭 / その他車移動
1047,2025,9,30,11,0,0,35.6753776335158,137.146851877763,下呂市 / 金山町 / 河川敷 / 1頭 / その他
1048,2025,10,7,14,0,0,35.7504468285887,137.328772762918,中津川市 / 加子母 / 国・県・市道 / 1頭 / その他車移動
1049,2025,9,25,7,0,0,36.3949883243798,137.385414500076,飛騨市 / 神岡町 / 農地 / 1頭 / 自宅
1050,2025,9,26,8,0,0,36.265629915003,137.231376645358,飛騨市 / 神岡町 / 国・県・市道 / 1頭 / 通勤・通学
1051,2025,10,1,18,0,0,36.408565379958,137.306469297523,飛騨市 / 神岡町 / 国・県・市道 / 1頭 / 通勤・通学
1052,2025,10,2,12,0,0,36.3190471014535,137.304370476068,飛騨市 / 神岡町 / 住宅地 / 1頭 / 自宅
1053,2025,10,5,8,0,0,36.3063711598241,137.251115370355,飛騨市 / 神岡町 / 国・県・市道 / 1頭 / その他車移動
1054,2025,10,2,16,0,0,36.3060341067849,137.330058876995,飛騨市 / 神岡町 / 国・県・市道 / 1頭 / 自宅
1055,2025,10,3,5,0,0,36.3949746464328,137.391566673415,飛騨市 / 神岡町 / 国・県・市道 / 2頭 / その他車移動
1056,2025,10,6,11,0,0,36.3338133262712,137.303409172228,飛騨市 / 神岡町 / 住宅地 / 1頭 / 自宅
1057,2025,9,30,12,0,0,35.6793317939064,137.141956840424,下呂市 / 金山町 / 国・県・市道 / 1頭 / その他車移動
1058,2025,9,11,11,0,0,35.767632825017,136.952712327134,郡上市 / 八幡町小野 / 農地 / 1頭 / その他
1059,2025,10,8,9,0,0,36.4133328468272,137.190803012627,飛騨市 / 宮川村杉原 / その他 / 1頭 / 自宅
1060,2025,10,8,10,0,0,35.647907522139,137.429685098093,中津川市 / 付知町 / 住宅地 / 1頭 / 自宅
1061,2025,10,8,5,0,0,35.4724172943326,137.400344196007,恵那市 / 大井町丸池地内 / 国・県・市道 / 1頭 / 散歩
1062,2025,10,7,18,0,0,36.2606649831368,137.145950744886,飛騨市 / 古川町 / 住宅地 / 1頭 / 通勤・通学
1063,2025,10,7,19,0,0,36.2386490003648,137.178965813126,飛騨市 / 古川町 / 住宅地 / 1頭 / 通勤・通学
1064,2025,10,7,19,0,0,36.2387354932982,137.198312008439,飛騨市 / 古川町 / 住宅地 / 1頭 / 自宅
1065,2025,10,7,19,0,0,36.2509431131536,137.169877281141,飛騨市 / 古川町 / 住宅地 / 2頭 / 通勤・通学
1066,2025,10,7,20,0,0,36.2564982661104,137.172768730278,飛騨市 / 古川町 / その他 / 1頭 / 散歩
1067,2025,10,7,20,0,0,36.2560386110677,137.172813209053,飛騨市 / 古川町 / その他 / 1頭 / 通勤・通学
1068,2025,10,8,9,0,0,35.6037292309894,136.907889017894,美濃市 / 美濃市 / 河川敷 / 1頭 / 散歩
1069,2025,9,1,8,0,0,36.0411893091576,136.942532329546,高山市 / 荘川町野々俣 / 国・県・市道 / 1頭 / その他車移動
1070,2025,9,1,12,0,0,36.1705014601143,137.299350418454,高山市 / 丹生川町町方 / 農地 / 1頭 / 農作業
1071,2025,10,2,7,0,0,36.0060918498432,137.371660410725,高山市 / 朝日町西洞 / 国・県・市道 / 1頭 / その他車移動
1072,2025,10,2,4,0,0,36.1749451751439,137.375620709028,高山市 / 丹生川町小野 / 国・県・市道 / 1頭 / その他車移動
1073,2025,10,2,8,0,0,36.0293602329757,136.995962656337,高山市 / 荘川町三尾河 / 国・県・市道 / 1頭 / その他車移動
1074,2025,10,2,7,0,0,36.0265824096616,137.214749625036,高山市 / 久々野町無数河 / その他 / 1頭 / その他
1075,2025,10,8,15,0,0,36.3389745644866,137.16827147718,飛騨市 / 宮川村丸山 / 国・県・市道 / 1頭 / その他車移動
1076,2025,10,8,19,0,0,36.3312637054219,137.147340115798,飛騨市 / 宮川村西忍 / 国・県・市道 / 1頭 / その他車移動
1077,2025,10,10,9,0,0,36.3464437197102,137.18432714966,飛騨市 / 宮川村種蔵 / 農地 / 1頭 / その他
1078,2025,10,10,4,0,0,36.274106288401,137.024053575601,飛騨市 / 河合町 / その他 / 1頭 / その他
1079,2025,8,10,4,0,0,36.2740568109989,137.02413158055,飛騨市 / 河合町 / その他 / 1頭 / その他
1080,2025,9,16,4,0,0,36.2723948431535,137.0248859139,飛騨市 / 河合町 / その他 / 1頭 / その他
1081,2025,10,11,15,0,0,35.6473198972642,136.850446931444,関市 / 洞戸 / 林道 / 1頭 / その他車移動
1082,2025,10,10,10,0,0,35.5026521341299,137.413419475677,中津川市 / 旧蛭川村 / 山林 / 1頭 / 山菜採取
1083,2025,10,8,5,0,0,35.5224572304674,136.738684202137,山県市 / 旧伊自良村 / 山林 / 1頭 / 散歩
1084,2025,10,12,19,0,0,35.6251516798922,136.72684629855,山県市 / 旧美山町 / その他 / 1頭 / その他
1085,2025,5,3,10,0,0,36.2627359852719,136.908761912794,白川村 / その他 / 1頭 / その他
1086,2025,5,17,11,0,0,36.2626979864308,136.908694707124,白川村 / その他 / 1頭 / その他
1087,2025,10,12,16,0,0,36.2501344349742,137.073157144489,飛騨市 / 河合町 / 農地 / 1頭 / 散歩
1088,2025,10,10,9,0,0,36.2535014525587,136.903695788167,白川村 / 白川村 / 国・県・市道 / 1頭 / その他
1089,2025,10,9,8,0,0,36.254076076683,136.903721680679,白川村 / 白川村 / その他 / 1頭 / その他
1090,2025,10,7,17,0,0,36.1889331832356,136.902640292534,白川村 / 白川村 / その他 / 1頭 / その他
1091,2025,10,5,8,0,0,36.2617796108123,136.906732642172,白川村 / 白川村 / その他 / 1頭 / その他
1092,2025,10,6,16,0,0,36.2833527627458,136.904604410907,白川村 / 白川村 / その他 / 1頭 / その他
1093,2025,10,2,16,0,0,36.1619993051173,136.906843211495,白川村 / 白川村 / その他 / 1頭 / その他
1094,2025,9,30,17,0,0,36.1492491468246,136.910948518885,白川村 / 白川村 / その他 / 1頭 / その他
1095,2025,9,17,11,0,0,36.1501937509269,136.910125853187,白川村 / 白川村 / 国・県・市道 / 1頭 / その他
1096,2025,10,7,6,0,0,35.5274532753127,136.82095028259,岐阜市 / 岐阜市 / 山林 / 2頭 / 散歩
1097,2025,10,14,6,0,0,35.5230415338188,136.815294966347,岐阜市 / 岐阜市 / 山林 / 1頭 / 散歩
1098,2025,5,5,12,0,0,36.2620727912486,136.907165142532,白川村 / その他 / 1頭 / その他
1099,2025,10,15,15,0,0,35.8955611791945,136.891752415422,郡上市 / 白鳥町 / 山林 / 1頭 / その他
1100,2025,9,21,14,0,0,36.1739307826345,136.901453965642,白川村 / その他 / 1頭 / その他
1101,2025,9,3,17,0,0,36.2051289522026,136.895296939856,白川村 / その他 / 1頭 / その他
1102,2025,5,8,9,0,0,36.2549070375698,136.892370610785,白川村 / その他 / 1頭 / その他
1103,2025,6,9,19,0,0,36.1726736596501,136.902453951236,白川村 / その他 / 1頭 / その他
1104,2025,6,14,8,0,0,36.1738017647014,136.903128265672,白川村 / その他 / 1頭 / その他
1105,2025,6,16,15,0,0,36.1736877234428,136.901076825686,白川村 / その他 / 1頭 / その他
1106,2025,10,15,10,0,0,35.4762993672746,137.424482860933,恵那市 / 大井町 / 山林 / 1頭 / その他
1107,2025,5,15,12,0,0,36.2637588819188,136.906136924751,白川村 / 白川村 / 国・県・市道 / 1頭 / 散歩
1108,2025,5,25,13,0,0,36.2610796174603,136.908640773849,白川村 / 白川村 / 山林 / 1頭 / 散歩
1109,2025,5,26,16,0,0,36.2610563371529,136.908816129303,白川村 / 白川村 / 山林 / 1頭 / 散歩
1110,2025,6,4,13,0,0,36.1769987721563,136.90616623019,白川村 / 白川村 / 登山道 / 1頭 / 散歩
1111,2025,6,6,16,0,0,36.1460382991868,136.908860762207,白川村 / 白川村 / その他 / 1頭 / 通勤・通学
1112,2025,6,8,14,0,0,36.2644855611235,136.906663845787,白川村 / 白川村 / 山林 / 1頭 / 通勤・通学
1113,2025,6,10,11,0,0,36.1458017411618,136.908876122484,白川村 / 白川村 / その他 / 1頭 / 通勤・通学
1114,2025,6,10,15,0,0,36.1455203262531,136.908988169471,白川村 / 白川村 / その他 / 1頭 / 通勤・通学
1115,2025,6,13,8,0,0,36.1493839489362,136.910764715386,白川村 / 白川村 / その他 / 1頭 / 通勤・通学
1116,2025,6,17,9,0,0,36.2727436723097,136.902604423365,白川村 / 白川村 / 山林 / 1頭 / 散歩
1117,2025,6,17,15,0,0,36.182749260707,136.899625919794,白川村 / 白川村 / 山林 / 1頭 / 散歩
1118,2025,6,18,6,0,0,36.277362849399,136.897599320863,白川村 / 白川村 / 山林 / 1頭 / 散歩
1119,2025,6,18,13,0,0,36.1742591934363,136.907368252191,白川村 / 白川村 / 山林 / 1頭 / 散歩
1120,2025,6,18,14,0,0,36.1500823173658,136.910699932403,白川村 / 白川村 / 山林 / 1頭 / 散歩
1121,2025,6,18,16,0,0,36.2810748816,136.901076342042,白川村 / 白川村 / 山林 / 1頭 / 散歩
1122,2025,6,19,16,0,0,36.2791704159966,136.900846258841,白川村 / 白川村 / 登山道 / 1頭 / 散歩
1123,2025,5,27,12,0,0,36.1711402699862,136.907684231733,白川村 / 白川村 / 国・県・市道 / 1頭 / 通勤・通学
1124,2025,6,19,16,0,0,36.1674625415697,136.905923407988,白川村 / 白川村 / 山林 / 1頭 / 散歩
1125,2025,6,19,17,0,0,36.1735316920375,136.907504049143,白川村 / 白川村 / 山林 / 1頭 / 散歩
1126,2025,6,20,8,0,0,36.2812890347863,136.9013747798,白川村 / 白川村 / 山林 / 1頭 / 散歩
1127,2025,6,20,8,0,0,36.1503396836879,136.910668533957,白川村 / 白川村 / 山林 / 1頭 / 自宅
1128,2025,6,23,8,0,0,36.1756118737546,136.906410530183,白川村 / 白川村 / 山林 / 1頭 / 自宅
1129,2025,6,23,10,0,0,36.1748592902318,136.902807062784,白川村 / 白川村 / 国・県・市道 / 1頭 / 散歩
1130,2025,6,23,16,0,0,36.1907984991585,136.903244174133,白川村 / 白川村 / 国・県・市道 / 1頭 / 通勤・通学
1131,2025,10,6,17,0,0,35.882834297261,137.210671602457,下呂市 / 下呂町 / 国・県・市道 / 1頭 / 通勤・通学
1132,2025,6,24,13,0,0,36.2730977940268,136.903538193453,白川村 / 白川村 / 山林 / 1頭 / 散歩
1133,2025,6,25,8,0,0,36.1818844528468,136.899567710788,白川村 / 白川村 / 山林 / 1頭 / 散歩
1134,2025,6,25,8,0,0,36.17558574395,136.906828884021,白川村 / 白川村 / 山林 / 1頭 / 散歩
1135,2025,6,26,19,0,0,36.1770034144376,136.90596958405,白川村 / 白川村 / 山林 / 1頭 / 散歩
1136,2025,6,26,8,0,0,36.170323717625,136.906498899395,白川村 / 白川村 / 山林 / 1頭 / 通勤・通学
1137,2025,6,26,12,0,0,36.2742390223383,136.8974542221,白川村 / 白川村 / 山林 / 1頭 / 散歩
1138,2025,10,10,7,0,0,35.9139818139551,137.202185201587,下呂市 / 下呂町 / その他 / 1頭 / 散歩
1139,2025,6,27,18,0,0,36.1785827774593,136.906415981453,白川村 / 白川村 / 山林 / 1頭 / 散歩
1140,2025,7,2,14,0,0,36.1502457470942,136.910468802656,白川村 / 白川村 / 国・県・市道 / 1頭 / 通勤・通学
1141,2025,7,3,13,0,0,36.2749755931264,136.894862389784,白川村 / 白川村 / 山林 / 1頭 / 散歩
1142,2025,7,7,13,0,0,36.2770725991473,136.897532140143,白川村 / 白川村 / 山林 / 1頭 / 散歩
1143,2025,7,7,14,0,0,36.2772080655392,136.897654116855,白川村 / 白川村 / 山林 / 1頭 / 通勤・通学
1144,2025,7,8,16,0,0,36.2660538341632,136.90129838626,白川村 / 白川村 / 国・県・市道 / 1頭 / 散歩
1145,2025,7,9,16,0,0,36.1785831377938,136.90093938928,白川村 / 白川村 / 国・県・市道 / 1頭 / 通勤・通学
1146,2025,7,10,13,0,0,36.1456267490894,136.908444696979,白川村 / 白川村 / 山林 / 1頭 / 通勤・通学
1147,2025,7,11,8,0,0,36.2742225335383,136.897636543748,白川村 / 白川村 / 山林 / 1頭 / 通勤・通学
1148,2025,7,12,9,0,0,36.1669056748806,136.905519538365,白川村 / 白川村 / 山林 / 1頭 / 散歩
1149,2025,7,13,11,0,0,36.272957607873,136.902805442684,白川村 / 白川村 / 国・県・市道 / 1頭 / 通勤・通学
1150,2025,7,14,14,0,0,36.1509523828358,136.911109682068,白川村 / 白川村 / 山林 / 1頭 / 自宅
1151,2025,7,14,18,0,0,36.1749418019694,136.907571658915,白川村 / 白川村 / 国・県・市道 / 1頭 / 散歩
1152,2025,7,19,9,0,0,36.1672075531665,136.904978042106,白川村 / 白川村 / 山林 / 1頭 / 散歩
1153,2025,7,22,15,0,0,36.2657459412424,136.902166137175,白川村 / 白川村 / 山林 / 1頭 / 散歩
1154,2025,7,24,16,0,0,36.190209954087,136.899230870336,白川村 / 白川村 / 国・県・市道 / 1頭 / 通勤・通学
1155,2025,7,26,14,0,0,36.2618072691141,136.903411959192,白川村 / 白川村 / その他 / 1頭 / その他
1156,2025,8,1,12,0,0,36.1771546537043,136.907392053205,白川村 / 白川村 / 山林 / 1頭 / 散歩
1157,2025,8,4,12,0,0,36.2618031406627,136.903839740767,白川村 / 白川村 / その他 / 1頭 / その他
1158,2025,8,11,12,0,0,36.1807414929381,136.900829952096,白川村 / 白川村 / その他 / 1頭 / 散歩
1159,2025,8,12,11,0,0,36.1742364494573,136.901359138706,白川村 / 白川村 / 国・県・市道 / 1頭 / 散歩
1160,2025,8,15,7,0,0,36.1804481733364,136.900650285875,白川村 / 白川村 / その他 / 1頭 / 散歩
1161,2025,8,20,14,0,0,36.146361809967,136.908155440191,白川村 / 白川村 / 国・県・市道 / 1頭 / 通勤・通学
1162,2025,8,20,14,0,0,36.1884627222017,136.897537761584,白川村 / 白川村 / 国・県・市道 / 1頭 / 通勤・通学
1163,2025,8,25,8,0,0,36.1743249478708,136.906519008068,白川村 / 白川村 / その他 / 1頭 / 散歩
1164,2025,8,27,16,0,0,36.1768675761864,136.906969167509,白川村 / 白川村 / 山林 / 1頭 / 通勤・通学
1165,2025,8,27,17,0,0,36.1710959217144,136.902853041166,白川村 / 白川村 / その他 / 1頭 / その他
1166,2025,8,30,11,0,0,36.2640545066456,136.906475035935,白川村 / 白川村 / その他 / 1頭 / その他
1167,2025,9,1,11,0,0,36.2643720427797,136.906398858865,白川村 / 白川村 / 山林 / 1頭 / その他車移動
1168,2025,10,3,10,0,0,36.2642163546502,136.906299212645,白川村 / 白川村 / 山林 / 1頭 / その他車移動
1169,2025,6,23,13,0,0,36.2641787678938,136.906111531343,白川村 / 白川村 / 山林 / 1頭 / その他車移動
1170,2025,7,8,17,0,0,36.2827347741078,136.903940305172,白川村 / 白川村 / その他 / 1頭 / その他車移動
1171,2025,7,11,14,0,0,36.190296138435,136.898852190022,白川村 / 白川村産業課 / その他 / 1頭 / その他車移動
1172,2025,8,27,9,0,0,36.2832744353058,136.905234673104,白川村 / 白川村 / その他 / 1頭 / 通勤・通学
1173,2025,5,12,9,0,0,36.2541243514513,136.89681600053,白川村 / 白川村 / 河川敷 / 1頭 / その他車移動
1174,2025,10,16,13,0,0,35.9311847964824,137.294954746111,下呂市 / 小坂町赤沼田　地内 / 河川敷 / 1頭 / その他
1175,2025,10,16,15,0,0,35.9240880594122,137.307388465877,下呂市 / 小坂町湯屋　地内 / 国・県・市道 / 1頭 / その他車移動
1176,2025,4,28,9,0,0,36.2635431942114,136.907978823108,白川村 / 白川村 / 山林 / 1頭 / その他車移動
1177,2025,4,29,9,0,0,36.2618287865692,136.909153019652,白川村 / 白川村 / 国・県・市道 / 1頭 / 散歩
1178,2025,5,8,11,0,0,36.2621462857711,136.907495151159,白川村 / 白川村 / 国・県・市道 / 1頭 / その他車移動
1179,2025,5,26,13,0,0,36.2604629576998,136.908973883794,白川村 / 白川村 / その他 / 1頭 / 散歩
1180,2025,6,6,16,0,0,36.1467468943943,136.908836909617,白川村 / 白川村 / 山林 / 1頭 / その他
1181,2025,7,13,9,0,0,36.1719069585636,136.903562452439,白川村 / 白川村 / その他 / 1頭 / 通勤・通学
1182,2025,7,14,11,0,0,36.1707715548232,136.905725546094,白川村 / 白川村 / その他 / 1頭 / 散歩
1183,2025,7,20,10,0,0,36.1741003072832,136.901948774041,白川村 / 白川村 / その他 / 1頭 / その他
1184,2025,8,26,7,0,0,36.1764406656613,136.904678420355,白川村 / 白川村 / その他 / 1頭 / その他
1185,2025,8,29,9,0,0,36.2651400106754,136.907913035344,白川村 / 白川村 / その他 / 1頭 / その他車移動
1186,2025,9,18,11,0,0,36.1758266818892,136.905979044242,白川村 / 白川村 / 山林 / 1頭 / 通勤・通学
1187,2025,10,17,6,0,0,35.6600577565217,137.347730323485,東白川村 / 東白川村 / 農地 / 1頭 / 自宅
1188,2025,10,11,7,0,0,36.2601008457616,136.909016111585,白川村 / 白川村 / その他 / 1頭 / その他車移動
1189,2025,10,14,14,0,0,36.3403789984958,136.882553647554,白川村 / 白川村 / 国・県・市道 / 1頭 / その他車移動
1190,2025,10,17,10,0,0,36.1483257654661,136.910895261147,白川村 / 白川村 / 国・県・市道 / 1頭 / その他車移動
1191,2025,10,16,21,0,0,36.1741144748011,136.900969776957,白川村 / 白川村 / 国・県・市道 / 1頭 / その他車移動
1192,2025,10,9,17,0,0,35.5561623560727,137.436214500668,中津川市 / 福岡 / 山林 / 1頭 / 通勤・通学
1193,2025,10,17,7,0,0,35.5697831346972,137.455790195907,中津川市 / 福岡 / 国・県・市道 / 1頭 / 散歩
1194,2025,10,15,3,0,0,35.4499991348567,137.324695989513,恵那市 / 武並町藤 / その他 / 1頭 / 散歩
1195,2025,10,2,4,0,0,36.1748926451522,137.366803714836,高山市 / 丹生川町小野 / 住宅地 / 2頭 / 自宅
1196,2025,10,2,14,0,0,36.0227248378395,136.937217385529,高山市 / 荘川町野々俣 / 住宅地 / 2頭 / 自宅
1197,2025,10,2,18,0,0,36.1808593671155,137.260467762425,高山市 / 丹生川町折敷地 / 国・県・市道 / 1頭 / その他車移動
1198,2025,10,2,19,0,0,36.2953319504729,137.370751066498,高山市 / 上宝町中山 / 国・県・市道 / 3頭 / その他車移動
1199,2025,10,2,22,0,0,36.2174186207016,136.882546016196,高山市 / 荘川町保木脇 / その他 / 1頭 / その他
1200,2025,10,3,6,0,0,36.048690500778,136.947409796222,高山市 / 荘川町牧戸 / 河川敷 / 3頭 / その他
1201,2025,10,3,7,0,0,36.1755847063177,137.419364491304,高山市 / 丹生川町日面 / 国・県・市道 / 1頭 / その他車移動
1202,2025,10,3,7,0,0,36.0365035030519,136.941579483298,高山市 / 荘川町野々俣 / 住宅地 / 2頭 / 自宅
1203,2025,10,3,7,0,0,36.2225315700356,137.228085660505,高山市 / 国府町半田 / 国・県・市道 / 1頭 / 通勤・通学
1204,2025,10,3,6,0,0,36.0938180681571,137.351820944714,高山市 / 朝日町立石 / 山林 / 1頭 / その他車移動
1205,2025,10,3,9,0,0,36.2981686103126,137.339382626233,高山市 / 上宝町吉野 / 国・県・市道 / 1頭 / その他車移動
1206,2025,10,2,21,0,0,36.1783013138349,137.288012259076,飛騨市 / 丹生川町細越 / 住宅地 / 2頭 / 自宅
1207,2025,10,3,9,0,0,35.9938403786633,137.351359015299,高山市 / 朝日町西洞 / その他 / 1頭 / その他
1208,2025,10,3,16,0,0,36.0283303508052,136.961410540955,高山市 / 荘川町新渕 / 住宅地 / 1頭 / 自宅
1209,2025,10,3,17,0,0,36.2209492467411,137.260113577459,高山市 / 国府町宮地 / 住宅地 / 1頭 / 自宅
1210,2025,10,3,18,0,0,36.0191253590794,137.389424056879,高山市 / 朝日町一之宿 / 住宅地 / 1頭 / 自宅
1211,2025,10,3,18,0,0,36.1801911429782,137.290829251149,高山市 / 丹生川町細超 / 国・県・市道 / 2頭 / その他車移動
1212,2025,10,5,8,0,0,36.2868848759326,137.360151217442,高山市 / 上宝町本郷 / 住宅地 / 1頭 / 散歩
1213,2025,10,5,9,0,0,36.1772427659895,137.374740222104,高山市 / 丹生川町根方 / 住宅地 / 1頭 / 自宅
1214,2025,10,6,9,0,0,36.0459998785442,136.951344059546,高山市 / 荘川町中畑 / 住宅地 / 2頭 / 自宅
1215,2025,10,6,14,0,0,36.0789403139345,137.381815875823,高山市 / 朝日町黒川 / 河川敷 / 1頭 / その他
1216,2025,10,6,20,0,0,36.262685992208,137.563668100944,高山市 / 奥飛騨温泉郷中尾 / 国・県・市道 / 1頭 / その他車移動
1217,2025,10,7,8,0,0,36.045783131391,136.951417484539,高山市 / 荘川町中畑 / 住宅地 / 2頭 / その他
1218,2025,10,7,6,0,0,36.1721407493638,137.353282188627,高山市 / 丹生川町大谷 / 住宅地 / 3頭 / 自宅
1219,2025,10,7,10,0,0,36.1515886627807,137.284435107823,高山市 / 高山市松之木町 / 国・県・市道 / 1頭 / その他車移動
1220,2025,10,7,16,0,0,36.0914436466293,137.32769632684,高山市 / 朝日町甲 / 住宅地 / 1頭 / 自宅
1221,2025,10,8,6,0,0,36.1389763493699,137.232900283937,高山市 / 高山市緑ヶ丘町 / 住宅地 / 1頭 / 散歩
1222,2025,10,18,16,0,0,35.5727710318829,136.929265794506,美濃市 / 美濃市 / 国・県・市道 / 2頭 / その他車移動
1223,2025,10,8,8,0,0,36.2701823462988,137.404815348258,高山市 / 上宝町長倉 / 住宅地 / 2頭 / 自宅
1224,2025,10,8,9,0,0,36.132660756683,137.228118802331,高山市 / 高山市上岡本町 / 国・県・市道 / 1頭 / その他車移動
1225,2025,10,8,11,0,0,36.0472502978117,136.950007420162,高山市 / 荘川町牧戸 / 河川敷 / 2頭 / その他
1226,2025,10,8,16,0,0,36.2081740568396,137.351442142231,高山市 / 丹生川町折敷地 / 農地 / 1頭 / その他車移動
1227,2025,10,8,15,0,0,36.2327010380692,137.225667654089,高山市 / 国府町桐谷 / 住宅地 / 1頭 / 自宅
1228,2025,10,8,17,0,0,36.0626594332187,137.034409113315,高山市 / 荘川町六厩 / 農地 / 1頭 / 自宅
1229,2025,10,8,16,0,0,36.1965223982822,137.213398577482,高山市 / 国府町瓜巣 / 住宅地 / 2頭 / 自宅
1230,2025,10,8,17,0,0,36.1384212370566,137.228094095646,高山市 / 高山市山田町 / 住宅地 / 1頭 / その他車移動
1231,2025,10,8,18,0,0,36.1805936949622,137.305351342512,高山市 / 丹生川用桐山 / 住宅地 / 1頭 / 自宅
1232,2025,10,8,9,0,0,36.1535427715692,137.287838092928,高山市 / 高山市松之木町 / 国・県・市道 / 1頭 / その他車移動
1233,2025,10,9,8,0,0,36.044520905963,136.952776998166,高山市 / 荘川町中畑 / 住宅地 / 2頭 / 自宅
1234,2025,10,9,4,0,0,36.2640930381793,137.430580427462,高山市 / 上宝町葛山 / 国・県・市道 / 2頭 / その他車移動
1235,2025,10,9,9,0,0,36.1803033749903,137.389377355706,高山市 / 丹生川町根方 / 国・県・市道 / 1頭 / その他車移動
1236,2025,10,9,11,0,0,36.1753959092522,137.385351074575,高山市 / 丹生川町根方 / 住宅地 / 1頭 / 自宅
1237,2025,10,9,14,0,0,36.2126404821506,137.358271762701,高山市 / 丹生川町折敷地 / 農地 / 1頭 / 農作業
1238,2025,10,9,17,0,0,36.176212534445,137.348417800565,高山市 / 丹生川町法力 / 国・県・市道 / 1頭 / その他車移動
1239,2025,10,9,17,0,0,36.1940422977124,137.210009187641,高山市 / 国府町瓜巣 / 住宅地 / 1頭 / 自宅
1240,2025,10,9,18,0,0,36.1382036271185,137.351646379617,高山市 / 高山市岩井町 / 住宅地 / 2頭 / その他車移動
1241,2025,10,10,19,0,0,36.1863944187765,137.33291395247,高山市 / 丹生川町大萱 / 住宅地 / 1頭 / その他車移動
1242,2025,10,10,6,0,0,36.2119356405919,137.358361107835,高山市 / 丹生川町折敷地 / 農地 / 1頭 / その他車移動
1243,2025,10,10,8,0,0,36.1803232815546,137.388971628417,高山市 / 丹生川町根方 / 国・県・市道 / 1頭 / その他車移動
1244,2025,10,10,15,0,0,36.1909452035372,137.331023608193,高山市 / 丹生川町大萱 / 国・県・市道 / 1頭 / その他車移動
1245,2025,10,10,18,0,0,36.0879775073328,137.252423010071,高山市 / 一之宮町 / 住宅地 / 1頭 / その他
1246,2025,10,11,6,0,0,36.2111760343335,137.357824025298,高山市 / 丹生川町折敷地 / 住宅地 / 1頭 / 自宅
1247,2025,10,11,11,0,0,36.0054211618992,136.961428403125,高山市 / 荘川町惣範則 / その他 / 2頭 / その他
1248,2025,10,11,19,0,0,36.1793191698359,137.290797307304,高山市 / 丹生川町細越 / 住宅地 / 1頭 / その他車移動
1249,2025,10,12,7,0,0,36.1757678621685,137.308182498603,高山市 / 丹生川町細越 / 農地 / 1頭 / その他車移動
1250,2025,10,12,13,0,0,36.1692473680731,137.061927029639,高山市 / 清見町池本 / 住宅地 / 1頭 / その他車移動
1251,2025,10,12,16,0,0,36.2937581295274,137.352785967599,高山市 / 上宝町吉野 / 山林 / 1頭 / その他
1252,2025,10,13,8,0,0,36.2703890055754,137.40400208795,高山市 / 上宝町長倉 / 住宅地 / 2頭 / 自宅
1253,2025,10,13,10,0,0,36.0578579394736,136.942807582254,高山市 / 荘川町牛丸 / 国・県・市道 / 1頭 / その他車移動
1254,2025,10,13,13,0,0,36.1384146247822,137.262146670382,高山市 / 高山市堀端町 / その他 / 1頭 / 散歩
1255,2025,10,13,16,0,0,36.1754207706198,137.308259693111,高山市 / 丹生川町町方 / 農地 / 1頭 / その他車移動
1256,2025,10,13,20,0,0,36.1467705776714,137.289523089416,高山市 / 高山市漆垣内町 / 住宅地 / 1頭 / その他車移動
1257,2025,10,14,8,0,0,36.1743432762012,137.4209112657,高山市 / 丹生川町日面 / 国・県・市道 / 1頭 / 通勤・通学
1258,2025,10,14,17,0,0,36.1526875851234,137.23561579577,高山市 / 高山市中山町 / 住宅地 / 1頭 / 自宅
1259,2025,10,14,17,0,0,36.1711250306243,137.31560528443,高山市 / 丹生川町坊方 / 住宅地 / 1頭 / 自宅
1260,2025,10,15,7,0,0,36.1376504290214,137.349827682369,高山市 / 高山市滝町 / 国・県・市道 / 1頭 / その他車移動
1261,2025,10,15,8,0,0,36.1940616387981,137.261942159944,高山市 / 国府町三川 / 農地 / 1頭 / 農作業
1262,2025,10,15,17,0,0,36.1767400062848,137.307340747596,高山市 / 丹生川町北方 / 住宅地 / 1頭 / その他車移動
1263,2025,10,16,23,0,0,36.1710812912005,137.237823764884,高山市 / 高山市農政部農務課 / 住宅地 / 1頭 / 自宅
1264,2025,10,15,8,0,0,36.176260554608,137.459482897111,高山市 / 丹生川町籏鉾 / 住宅地 / 1頭 / その他車移動
1265,2025,10,15,21,0,0,36.166511629669,137.267584085553,高山市 / 高山市上野町 / 住宅地 / 1頭 / その他車移動
1266,2025,10,17,7,0,0,36.2475669757198,137.524214393287,高山市 / 奥飛騨温泉郷 / 住宅地 / 1頭 / その他
1267,2025,10,18,5,0,0,36.1670197666185,137.266209187518,高山市 / 高山市丹生川町 / 農地 / 1頭 / その他車移動
1268,2025,10,18,11,0,0,36.1742745242061,137.368246598596,高山市 / 丹生川町小野 / 国・県・市道 / 1頭 / 自宅
1269,2025,10,18,16,0,0,36.1738508688089,137.321823844835,高山市 / 丹生川町法力 / 住宅地 / 1頭 / その他車移動
1270,2025,10,18,16,0,0,36.1747763247774,137.257345803964,高山市 / 高山市上野町 / 農地 / 1頭 / その他車移動
1271,2025,10,19,9,0,0,36.1289088182539,137.264060042697,高山市 / 高山市片野町 / 住宅地 / 1頭 / その他
1272,2025,10,19,7,0,0,36.1743594999326,137.367961954871,高山市 / 高山市農政部農務課 / 住宅地 / 1頭 / その他車移動
1273,2025,10,17,14,0,0,35.5271273777684,137.527010533784,中津川市 / 瀬戸 / 住宅地 / 1頭 / その他
1274,2025,10,14,6,0,0,35.4994237573092,137.53419558755,中津川市 / 中津 / 農地 / 1頭 / その他
1275,2025,10,12,10,0,0,35.5061584582016,137.458569378541,中津川市 / 坂本 / 山林 / 1頭 / その他
1276,2025,10,8,8,0,0,35.4666399564501,137.465750253556,中津川市 / 坂本 / 国・県・市道 / 1頭 / その他車移動
1277,2025,10,4,12,0,0,35.5222671867259,137.515128383376,中津川市 / 苗木 / 山林 / 1頭 / その他車移動
1278,2025,9,23,18,0,0,35.4857265789462,137.412033474286,中津川市 / 坂本 / 山林 / 1頭 / その他車移動
1279,2025,9,22,18,0,0,35.4187921452683,137.461470768346,中津川市 / 阿木 / 河川敷 / 2頭 / その他車移動
1280,2025,9,18,4,0,0,35.5212885098661,137.472817718596,中津川市 / 苗木 / 住宅地 / 1頭 / その他
1281,2025,9,16,16,0,0,35.5383333727614,137.529541856504,中津川市 / 落合 / 山林 / 1頭 / その他
1282,2025,9,16,8,0,0,35.4009460992798,137.458985073572,中津川市 / 阿木 / 山林 / 1頭 / その他
1283,2025,9,11,3,0,0,35.503128325948,137.491019119004,中津川市 / 中津 / 住宅地 / 1頭 / その他車移動
1284,2025,9,8,7,0,0,35.3926413056872,137.464971789676,中津川市 / 阿木 / 農地 / 1頭 / その他
1285,2025,8,15,6,0,0,35.510429326438,137.535252230683,中津川市 / 落合 / 河川敷 / 1頭 / その他
1286,2025,8,13,5,0,0,35.4091373912717,137.443562174551,中津川市 / 阿木 / 山林 / 1頭 / その他
1287,2025,4,27,4,0,0,35.5141352638953,137.481957614159,中津川市 / 苗木 / 山林 / 1頭 / その他
1288,2025,4,24,20,0,0,35.5164014361341,137.485701216783,中津川市 / 苗木 / 山林 / 1頭 / その他
1289,2025,4,23,4,0,0,35.4885658196022,137.516009854553,中津川市 / 中津 / 山林 / 1頭 / その他
1290,2025,4,3,9,0,0,35.4714788348187,137.457559702175,中津川市 / 坂本 / 家畜場 / 1頭 / その他
1291,2025,10,20,12,0,0,35.658136993419,137.224968436453,白川町 / 佐見村 / 国・県・市道 / 1頭 / その他車移動
1292,2025,10,17,16,0,0,35.6550254328123,137.197941823514,白川町 / 坂ノ東村 / その他 / 1頭 / その他車移動
1293,2025,10,17,12,0,0,35.4932508063518,137.401442278652,中津川市 / 旧蛭川村 / その他 / 1頭 / その他
1294,2025,10,20,23,0,0,35.4833656893266,137.075807454397,川辺町 / 川辺町 / 住宅地 / 1頭 / その他
1295,2025,10,19,15,0,0,36.1731175477787,137.42718526144,高山市 / 丹生川町日面 / 国・県・市道 / 2頭 / その他車移動
1296,2025,10,19,18,0,0,36.1615953313868,137.273706212502,高山市 / 高山市農政部農務課 / 国・県・市道 / 1頭 / その他車移動
1297,2025,10,20,11,0,0,36.1463184640007,137.219632397391,高山市 / 高山市山田町 / 住宅地 / 1頭 / その他
1298,2025,7,20,10,0,0,35.4921429058226,137.081831272056,川辺町 / 川辺町 / その他 / 1頭 / その他
1299,2025,10,22,4,0,0,36.3341722403091,137.14896083866,飛騨市 / 宮川村西忍 / 国・県・市道 / 1頭 / その他
1300,2025,10,20,13,0,0,36.0210113806402,137.293135322827,高山市 / 久々野町小坊 / 国・県・市道 / 2頭 / その他車移動
1301,2025,10,20,16,0,0,36.1488541923817,137.233704502214,高山市 / 高山市下林町 / 国・県・市道 / 1頭 / その他車移動
1302,2025,10,17,20,0,0,36.2256675464864,137.239937063436,高山市 / 国府町八日町 / 国・県・市道 / 3頭 / その他車移動
1303,2025,10,20,13,0,0,36.1432168281089,137.220938093314,高山市 / 高山市匠ヶ丘町 / 住宅地 / 1頭 / その他車移動
1304,2025,10,21,16,0,0,36.0463669131304,136.941989752336,高山市 / 荘川町牧戸 / 国・県・市道 / 2頭 / その他車移動
1305,2025,10,21,16,0,0,36.0208628312935,137.292975595716,高山市 / 久々野町小坊 / その他 / 1頭 / 家畜作業
1306,2025,10,22,9,0,0,35.5712586042144,137.448409861033,中津川市 / 福岡 / 山林 / 1頭 / 通勤・通学
1307,2025,10,19,16,0,0,36.2615344225609,136.906403762311,白川村 / 白川村 / その他 / 1頭 / その他
1308,2025,10,19,18,0,0,36.1718179690846,136.905885342496,白川村 / 白川村 / 国・県・市道 / 3頭 / その他
1309,2025,10,21,18,0,0,36.2570233119206,136.907352122883,白川村 / 白川村 / 住宅地 / 1頭 / その他
1310,2025,10,21,15,0,0,35.9225259454707,137.200270907934,下呂市 / 萩原町 / 国・県・市道 / 1頭 / その他車移動
1311,2025,10,17,10,0,0,36.153474519913,136.908573140832,白川村 / 白川村 / 国・県・市道 / 1頭 / その他
1312,2025,10,21,17,0,0,35.5632955920666,136.66353258339,本巣市 / 本巣町 / 山林 / 1頭 / その他
1313,2025,10,18,11,0,0,36.1748721298674,136.9058383876,白川村 / 白川村 / その他 / 1頭 / その他
1314,2025,10,22,7,0,0,36.2141347723437,137.202229058221,高山市 / 高山市農政部農務課 / 国・県・市道 / 1頭 / その他車移動
1315,2025,10,22,7,0,0,36.1844691063926,137.261838171204,高山市 / 高山市農政部農務課 / 住宅地 / 1頭 / その他車移動
1316,2025,10,22,14,0,0,36.2044208623588,137.307999686232,高山市 / 丹生川町三之瀬 / 住宅地 / 1頭 / その他車移動
1317,2025,10,17,16,0,0,35.5193946315681,137.524343646126,中津川市 / 落合 / 国・県・市道 / 2頭 / 通勤・通学
1318,2025,10,22,15,0,0,36.1716882951221,137.309181198212,高山市 / 丹生川町町方 / 住宅地 / 1頭 / 散歩
1319,2025,10,18,21,0,0,36.2060058788383,136.895085947069,白川村 / 白川村 / その他 / 3頭 / その他
1320,2025,10,22,19,0,0,36.1464522950002,137.29748478761,高山市 / 高山市漆垣内町 / 住宅地 / 1頭 / その他
1321,2025,10,23,9,0,0,36.3301697495365,137.143900634048,飛騨市 / 宮川町西忍 / 国・県・市道 / 1頭 / その他
1322,2025,10,23,8,0,0,36.4104098885723,137.191074602729,飛騨市 / 宮川町祢宜ケ沢上 / 河川敷 / 1頭 / その他車移動
1323,2025,10,20,9,0,0,35.4540696460406,137.469474208057,中津川市 / 坂本 / その他 / 1頭 / 散歩
1324,2025,10,21,10,0,0,35.5188735784769,137.549113988037,中津川市 / 落合 / 山林 / 1頭 / その他
1325,2025,10,22,20,0,0,35.4922255753608,136.652388385622,大野町 / 大野町 / 農地 / 2頭 / 自宅
1326,2025,10,21,12,0,0,35.5295084985587,137.462716671931,中津川市 / 苗木 / 国・県・市道 / 1頭 / 通勤・通学
1327,2025,10,22,9,0,0,35.7693312204143,137.103690620892,郡上市 / 和良町 / 国・県・市道 / 1頭 / その他車移動
1328,2025,10,20,22,0,0,35.5370889404842,136.834030750114,関市 / 武芸川 / 国・県・市道 / 1頭 / その他車移動
1329,2025,10,24,13,0,0,35.6448060722879,137.467975165252,中津川市 / 福岡　田瀬　矢平　地内 / 山林 / 1頭 / 通勤・通学
1330,2025,10,24,17,0,0,35.5498506427373,137.460226328391,中津川市 / 福岡　小池　地内 / 山林 / 1頭 / 通勤・通学
1331,2025,10,25,10,0,0,35.6320866195063,137.501643718226,中津川市 / 旧川上村 / 国・県・市道 / 1頭 / その他車移動
1332,2025,10,15,6,0,0,35.9167337608619,137.224918487027,下呂市 / 萩原町 / 住宅地 / 1頭 / その他車移動
1333,2025,10,24,16,0,0,35.9251492600002,137.236858154016,下呂市 / 萩原町 / その他 / 1頭 / その他
1334,2025,10,25,14,0,0,35.9277810298797,137.209743067876,下呂市 / 萩原町 / その他 / 1頭 / その他車移動
1335,2025,10,26,8,0,0,35.9426338430408,137.190975835226,下呂市 / 萩原町 / 国・県・市道 / 1頭 / 自宅
1336,2025,10,26,11,0,0,35.92858568688,137.220913999794,下呂市 / 萩原町 / 山林 / 1頭 / 自宅
1337,2025,10,26,18,0,0,35.4777145353723,136.585667184101,揖斐川町 / 揖斐川町 / 国・県・市道 / 1頭 / その他車移動
1338,2025,10,27,6,0,0,36.3072851594177,137.24040547876,飛騨市 / 神岡町 / その他 / 1頭 / その他
1339,2025,10,23,9,0,0,36.0793953799864,137.228656359132,高山市 / 一之宮町渡瀬 / 住宅地 / 1頭 / 自宅
1340,2025,10,23,13,0,0,36.2317794433347,137.351807660978,高山市 / 丹生川町呂瀬金山 / 国・県・市道 / 2頭 / その他車移動
1341,2025,10,23,15,0,0,36.0162503283455,136.985807785144,高山市 / 荘川町黒川 / 住宅地 / 1頭 / その他
1342,2025,10,24,10,0,0,36.1735740676716,137.314441290798,高山市 / 丹生川町坊方 / 国・県・市道 / 1頭 / その他車移動
1343,2025,10,24,15,0,0,36.1019837221946,137.263655584214,高山市 / 高山市石浦町 / 国・県・市道 / 1頭 / その他車移動
1344,2025,10,24,16,0,0,36.4133869313171,137.190758426997,飛騨市 / 宮川村杉原 / その他 / 1頭 / 自宅
1345,2025,10,23,12,0,0,35.6037690642501,136.399713414698,揖斐川町 / 坂内村 / 山林 / 1頭 / その他
1346,2025,10,27,15,0,0,35.5512082865731,136.558162621667,揖斐川町 / 谷汲村 / 山林 / 1頭 / その他
1347,2025,10,27,13,0,0,35.9828507433126,137.19857445332,下呂市 / 萩原町 / 河川敷 / 1頭 / 自宅
1348,2025,10,10,7,0,0,36.2220053455468,137.227173139889,高山市 / 国府町桐谷 / 河川敷 / 1頭 / その他車移動
1349,2025,10,27,17,0,0,35.7658000834454,137.104426648161,郡上市 / 和良町土京 / 国・県・市道 / 1頭 / 散歩
1350,2025,10,28,6,0,0,35.9424665548992,137.192205377557,下呂市 / 萩原町 / 農地 / 1頭 / 自宅
1351,2025,10,28,8,0,0,36.4138508118265,137.189242783943,飛騨市 / 宮川町 / その他 / 2頭 / その他
1352,2025,10,28,15,0,0,35.6569998970729,137.21669740989,白川町 / 下佐見 / 国・県・市道 / 1頭 / その他車移動
1353,2025,10,28,17,0,0,35.5222843713782,136.563805121015,揖斐川町 / 谷汲有鳥 / 農地 / 1頭 / その他車移動
1354,2025,10,28,12,0,0,35.5460128052635,136.972391293993,関市 / 下之保 / 山林 / 1頭 / 登山
1355,2025,10,28,22,0,0,35.6253314248992,136.858414053516,美濃市 / 乙狩 / 山林 / 1頭 / 散歩
1356,2025,6,21,17,0,0,35.6954517197233,136.952016549864,郡上市 / 八幡町 / 河川敷 / 1頭 / 通勤・通学
1357,2025,6,22,13,0,0,35.747813996928,136.964992303474,郡上市 / 八幡町 / 山林 / 1頭 / 自宅
1358,2025,10,28,18,0,0,35.4729244141297,137.4030939232,恵那市 / 大井町 / 住宅地 / 1頭 / その他
1359,2025,7,8,16,0,0,35.6746356979968,137.020365676492,郡上市 / 八幡町 / 山林 / 1頭 / その他車移動
1360,2025,9,25,11,0,0,35.7341327747868,136.980548745757,郡上市 / 八幡町 / 国・県・市道 / 1頭 / その他車移動
1361,2025,9,6,8,0,0,35.7368254066125,136.981160200869,郡上市 / 八幡町 / 国・県・市道 / 1頭 / その他車移動
1362,2025,10,28,20,0,0,35.6996574992494,136.671334955163,本巣市 / 根尾下大須 / 国・県・市道 / 1頭 / 通勤・通学
1363,2025,10,29,9,0,0,36.4172308757971,137.193114565074,飛騨市 / 宮川町 / 国・県・市道 / 1頭 / その他
1364,2025,10,29,6,0,0,35.522356526533,136.564039567352,揖斐川町 / 谷汲有鳥 / 住宅地 / 1頭 / 自宅
1365,2025,10,29,13,0,0,35.4699174684134,137.39914248058,恵那市 / 大井町 / その他 / 1頭 / 自宅
1366,2025,10,29,17,0,0,36.1704314619734,136.906051123372,白川村 / 平瀬 / 住宅地 / 1頭 / 自宅
1367,2025,10,29,16,0,0,35.5072428085127,136.550693334921,揖斐川町 / 北方 / 農地 / 2頭 / 通勤・通学
1368,2025,10,27,9,0,0,35.4935536113595,136.534673658277,揖斐川町 / 上野 / その他 / 1頭 / その他
1369,2025,10,30,7,0,0,35.8914979122947,136.849991843432,郡上市 / 白鳥町向小駄良 / 山林 / 1頭 / 通勤・通学
1370,2025,10,30,23,0,0,35.6219711041928,137.498734025482,中津川市 / 川上 / 住宅地 / 1頭 / 通勤・通学
1371,2025,10,29,13,0,0,36.0749594618237,137.228210183766,高山市 / 一之宮町寺地 / 国・県・市道 / 1頭 / その他車移動
1372,2025,10,29,16,0,0,36.1728745670275,137.31017477906,高山市 / 丹生川町坊方 / 住宅地 / 1頭 / その他
1373,2025,10,29,18,0,0,36.2531469442528,137.544759887524,高山市 / 奥飛騨温泉郷神坂 / 住宅地 / 1頭 / その他
1374,2025,10,29,18,0,0,36.1960694098287,137.55122059137,高山市 / 奥飛騨温泉郷平湯 / その他 / 1頭 / その他
1375,2025,10,29,22,0,0,36.3900651205466,137.183892323126,飛騨市 / 宮川町 / その他 / 1頭 / その他
1376,2025,10,30,9,0,0,36.3262332815775,137.135635238298,飛騨市 / 宮川町 / 農地 / 1頭 / 農作業
1377,2025,10,9,6,0,0,36.3735635819079,137.341134420467,飛騨市 / 神岡町 / 農地 / 1頭 / 農作業
1378,2025,10,30,5,0,0,36.3761845044545,137.34386525982,飛騨市 / 神岡町 / 住宅地 / 1頭 / 自宅
1379,2025,10,29,6,0,0,36.3241079570011,137.284255950386,飛騨市 / 神岡町 / 住宅地 / 1頭 / 自宅
1380,2025,10,29,10,0,0,36.3258552400664,137.286023250546,飛騨市 / 神岡町 / 住宅地 / 1頭 / 自宅
1381,2025,10,28,16,0,0,36.3241332813349,137.284280352233,飛騨市 / 神岡町 / 住宅地 / 1頭 / 自宅
1382,2025,10,27,23,0,0,36.366475423007,137.284404424103,飛騨市 / 神岡町 / 農地 / 2頭 / その他
1383,2025,10,25,7,0,0,36.3364464669711,137.299250160688,飛騨市 / 神岡町 / 山林 / 1頭 / その他
1384,2025,10,24,16,0,0,36.4494906337539,137.270363693227,飛騨市 / 神岡町 / 国・県・市道 / 1頭 / 自宅
1385,2025,10,8,5,0,0,36.4504606761668,137.268977472736,飛騨市 / 神岡町 / その他 / 1頭 / その他
1386,2025,10,20,22,0,0,36.4504774851806,137.269082080654,飛騨市 / 神岡町 / その他 / 1頭 / その他
1387,2025,10,5,5,0,0,36.3733035367688,137.372349112587,飛騨市 / 神岡町 / 住宅地 / 1頭 / 自宅
1388,2025,10,28,11,0,0,35.5869273193214,137.501738369787,中津川市 / 坂下樺の木地内 / その他 / 1頭 / その他
1389,2025,10,16,22,0,0,36.4019250493334,137.292636802654,飛騨市 / 神岡町 / 住宅地 / 2頭 / 自宅
1390,2025,10,15,7,0,0,36.4085600188476,137.306338081781,飛騨市 / 神岡町 / 国・県・市道 / 1頭 / 通勤・通学
1391,2025,9,29,15,0,0,36.4356905562037,137.276228988794,飛騨市 / 神岡町 / 山林 / 1頭 / 散歩
1392,2025,10,5,17,0,0,36.31442351321,137.258136984314,飛騨市 / 神岡町 / 山林 / 1頭 / 自宅
1393,2025,10,30,14,0,0,35.4833683931361,137.214428451308,八百津町 / 南戸 / 国・県・市道 / 1頭 / その他車移動
1394,2025,10,30,15,0,0,36.1728233538351,136.901725188503,白川村 / 平瀬 / 国・県・市道 / 1頭 / その他車移動
1395,2025,10,31,8,0,0,35.4168002813448,137.377476134974,恵那市 / 三郷町 / 国・県・市道 / 1頭 / その他
1396,2025,10,29,18,0,0,35.6073844694806,137.173666900069,白川町 / 坂ノ東 / 国・県・市道 / 1頭 / その他車移動
1397,2025,10,30,18,0,0,35.3237190346584,137.471457514574,恵那市 / 上矢作町 / その他 / 1頭 / その他
1398,2025,10,29,20,0,0,35.5505984679837,136.826099726275,関市 / 武芸川町谷口 / 国・県・市道 / 1頭 / その他車移動
1399,2025,10,30,6,0,0,36.1723620427258,137.311035358382,高山市 / 丹生川町町方 / 住宅地 / 1頭 / その他
1400,2025,10,30,16,0,0,36.1724523235973,137.310910465325,高山市 / 丹生川町町方 / 住宅地 / 1頭 / その他
1401,2025,10,30,18,0,0,36.1625727947119,137.26574857252,高山市 / 高山市上野町 / 国・県・市道 / 1頭 / その他車移動
1402,2025,10,30,20,0,0,36.1468245442561,137.27002806595,高山市 / 高山市松之木町 / 国・県・市道 / 1頭 / その他車移動
1403,2025,10,31,4,0,0,36.1704280850058,136.906052524029,白川村 / 平瀬 / 住宅地 / 1頭 / 自宅
1404,2025,10,31,5,0,0,35.4588062742465,136.572661420738,池田町 / 粕ヶ原 / 住宅地 / 1頭 / 自宅
1405,2025,10,31,12,0,0,36.148879766937,137.231253417922,高山市 / 高山市山田町 / その他 / 1頭 / 散歩
1406,2025,10,31,12,0,0,36.1751963285664,137.49576076082,高山市 / 丹生川町久手 / 国・県・市道 / 1頭 / 自宅
1407,2025,10,31,16,0,0,36.1721830148128,137.310948185047,高山市 / 丹生川町町方 / 住宅地 / 1頭 / その他
1408,2025,10,31,20,0,0,36.1958307266295,137.550820511389,高山市 / 奥飛騨温泉郷平湯 / その他 / 1頭 / その他
1409,2025,11,3,17,0,0,35.6111882858183,137.490490957455,中津川市 / 川上 / 国・県・市道 / 1頭 / 通勤・通学
1410,2025,11,1,17,0,0,36.138412082086,137.222655008891,高山市 / 高山市匠ヶ丘町 / その他 / 1頭 / 通勤・通学
1411,2025,11,2,9,0,0,36.1390982067918,137.081075049645,高山市 / 清見町夏厩 / 国・県・市道 / 2頭 / その他車移動
1412,2025,10,2,15,0,0,36.1468790965757,137.242370733324,高山市 / 高山市下岡本町 / その他 / 1頭 / 通勤・通学
1413,2025,11,2,17,0,0,36.1747703975041,137.35714517281,高山市 / 丹生川町法力 / 国・県・市道 / 2頭 / その他車移動
1414,2025,11,3,7,0,0,36.2038734203455,137.30648420055,高山市 / 丹生川町三之瀬 / 国・県・市道 / 1頭 / その他車移動
1415,2025,11,3,13,0,0,36.1379885436161,137.285589196713,高山市 / 高山市山口町 / 国・県・市道 / 1頭 / その他車移動
1416,2025,11,4,17,0,0,35.4895555059881,137.409759596495,中津川市 / 旧蛭川村 / 国・県・市道 / 1頭 / 通勤・通学
1417,2025,11,4,15,0,0,36.1546933786865,137.296117541073,高山市 / 高山市松之木町 / 住宅地 / 2頭 / その他車移動
1418,2025,11,4,15,0,0,36.000904854697,137.28684004531,高山市 / 久々野町渚 / 国・県・市道 / 1頭 / その他車移動
1419,2025,10,31,16,0,0,36.3506301068408,137.179980771119,飛騨市 / 宮川町 / その他 / 1頭 / その他
1420,2025,6,2,15,0,0,35.7062125090787,136.588119313586,本巣市 / 根尾黒津 / 山林 / 1頭 / その他車移動
1421,2025,7,6,9,0,0,35.7506802624997,136.578281459035,本巣市 / 根尾大河原 / 山林 / 1頭 / 農作業
1422,2025,8,28,9,0,0,35.5393430764712,136.678889400734,本巣市 / 外山 / 国・県・市道 / 1頭 / その他車移動
1423,2025,9,18,18,0,0,35.5374230553928,136.648105741424,本巣市 / 神海 / 農地 / 1頭 / 散歩
1424,2025,10,26,12,0,0,35.5638998677443,136.663751502251,本巣市 / 外山木倉 / 農地 / 1頭 / 散歩
1425,2025,10,27,9,0,0,35.570718067748,136.645560573689,本巣市 / 金原 / 国・県・市道 / 1頭 / その他車移動
1426,2025,10,23,15,0,0,35.5842424178499,136.636093823835,本巣市 / 根尾宇津志 / 国・県・市道 / 1頭 / その他車移動
1427,2025,11,5,13,0,0,35.6137885334973,136.625536530938,本巣市 / 根尾板所 / 山林 / 1頭 / その他
1428,2025,10,24,19,0,0,35.5644297850424,137.214446073529,白川町 / 三川 / 林道 / 1頭 / その他車移動
1429,2025,10,29,11,0,0,36.3265470266998,137.285765632346,飛騨市 / 神岡町 / 国・県・市道 / 1頭 / その他
1430,2025,11,1,14,0,0,36.3241058475233,137.286490600134,飛騨市 / 神岡町 / 農地 / 1頭 / 自宅
1431,2025,10,30,17,0,0,36.3238914738117,137.286810483771,飛騨市 / 神岡町 / その他 / 1頭 / その他車移動
1432,2025,10,30,15,0,0,36.3353707992218,137.300157728908,飛騨市 / 神岡町 / 山林 / 1頭 / その他
1433,2025,11,4,6,0,0,36.3195729561035,137.312847397191,飛騨市 / 神岡町 / 国・県・市道 / 1頭 / その他車移動
1434,2025,11,5,8,0,0,36.3123130043014,137.307363267743,飛騨市 / 神岡町 / 農地 / 1頭 / その他
1435,2025,11,5,16,0,0,36.3128900877367,137.305206663839,飛騨市 / 神岡町 / 国・県・市道 / 1頭 / その他車移動
1436,2025,11,1,11,0,0,36.3076805665353,137.236133246745,飛騨市 / 神岡町 / 山林 / 1頭 / その他
1437,2025,11,6,7,0,0,35.5778569077541,137.527205178744,中津川市 / 坂下松源地地内 / 国・県・市道 / 1頭 / 通勤・通学
1438,2025,10,31,16,0,0,35.4995250885047,137.561518583553,中津川市 / 落合 / 国・県・市道 / 1頭 / その他車移動
1439,2025,11,6,9,0,0,36.3328464462459,137.155042366993,飛騨市 / 宮川町 / その他 / 3頭 / 自宅
1440,2025,11,6,6,0,0,35.6688136993398,137.354198195607,東白川村 / 越原 / 河川敷 / 1頭 / 農作業
1441,2025,11,6,17,0,0,35.4820467690443,137.09039937458,八百津町 / 上飯田 / 農地 / 3頭 / 建設作業
1442,2025,11,6,12,0,0,36.1997930703146,137.251058958134,高山市 / 高山市農政部農務課 / 国・県・市道 / 1頭 / その他車移動
1443,2025,10,30,6,0,0,35.6356402257483,136.797293744932,山県市 / 柿野洞地内 / 山林 / 1頭 / 散歩
1444,2025,11,7,3,0,0,35.6327028825874,137.452720739752,中津川市 / 付知町 / その他 / 1頭 / 農作業
1445,2025,10,9,19,0,0,36.2442646117412,137.189812195082,飛騨市 / 古川町 / 国・県・市道 / 2頭 / その他
1446,2025,11,7,15,0,0,35.5639569467746,137.456902771298,中津川市 / 福岡町植苗木地内 / 山林 / 1頭 / 通勤・通学
1447,2025,10,13,23,0,0,36.2385956723586,137.198759760905,飛騨市 / 古川町 / 住宅地 / 1頭 / 自宅
1448,2025,10,14,23,0,0,36.2511657870111,137.147707256714,飛騨市 / 古川町 / 国・県・市道 / 1頭 / その他
1449,2025,10,30,13,0,0,36.2442936037982,137.157717199334,飛騨市 / 古川町 / 国・県・市道 / 1頭 / その他
1450,2025,10,31,17,0,0,36.2685070553016,137.139541297063,飛騨市 / 古川町 / その他 / 1頭 / その他
1451,2025,11,2,14,0,0,36.2620501091528,137.200036555002,飛騨市 / 古川町 / 国・県・市道 / 3頭 / その他
1452,2025,11,7,7,0,0,36.2572870130992,137.164193032053,飛騨市 / 古川町 / その他 / 1頭 / その他
1453,2025,11,7,14,0,0,36.2574661547962,137.16488089603,飛騨市 / 古川町 / その他 / 1頭 / その他
1454,2025,10,31,20,0,0,35.5808276887515,136.416430981794,揖斐川町 / 坂内坂本 / 国・県・市道 / 1頭 / 自宅
1455,2025,11,7,12,0,0,35.4990229914743,136.652344353292,大野町 / 稲富397－1 / その他 / 1頭 / その他車移動
1456,2025,11,8,12,0,0,35.4986514157929,136.651874130746,大野町 / 稲富３９７－１ / その他 / 1頭 / 自宅
1457,2025,11,9,7,0,0,35.5080890269457,136.651363272341,大野町 / 稲富 / 農地 / 1頭 / その他
1458,2025,11,9,15,0,0,35.4309660076083,136.611987039928,神戸町 / 丈六道 / 河川敷 / 1頭 / その他車移動
1459,2025,10,25,6,0,0,36.3045707774881,137.105464311389,飛騨市 / 河合町角川 / 住宅地 / 2頭 / 散歩
1460,2025,10,31,6,0,0,35.9377532287037,137.189684916996,下呂市 / 萩原町尾崎 / 山林 / 1頭 / その他
1461,2025,10,29,16,0,0,35.9437147649438,137.190917667626,下呂市 / 萩原町尾崎 / その他 / 1頭 / その他
1462,2025,11,4,22,0,0,35.8724399654228,137.22015283444,下呂市 / 萩原町上村 / その他 / 1頭 / 散歩
1463,2025,11,9,8,0,0,36.2448839707921,137.19116286072,飛騨市 / 古川町 / 住宅地 / 1頭 / その他
1464,2025,11,7,17,0,0,35.4858922378665,137.250699213562,八百津町 / 潮見 / 国・県・市道 / 1頭 / 建設作業
1465,2025,11,10,12,0,0,36.1718253146004,136.905895739505,白川村 / 平瀬 / 住宅地 / 1頭 / その他
1466,2025,11,7,6,0,0,36.0930850727036,137.383150140339,高山市 / 朝日町青屋 / 住宅地 / 3頭 / 自宅
1467,2025,11,6,20,0,0,36.2041072233778,137.322394942365,高山市 / 丹生川町大沼 / 住宅地 / 1頭 / 自宅
1468,2025,11,7,8,0,0,36.1788529582332,137.323210128232,高山市 / 高山市農政部農務課 / 国・県・市道 / 3頭 / その他車移動
1469,2025,11,7,12,0,0,36.2076024552159,137.336922024998,高山市 / 丹生川町折敷地 / 住宅地 / 1頭 / 自宅
1470,2025,11,7,15,0,0,36.1955647896761,137.559515382082,高山市 / 奥飛騨温泉郷平湯 / 国・県・市道 / 1頭 / その他
1471,2025,11,7,16,0,0,36.1738479349418,137.50058382593,高山市 / 丹生川町久手 / 国・県・市道 / 1頭 / その他車移動
1472,2025,11,7,17,0,0,36.1959510563931,137.256026020482,高山市 / 国府町村山 / 国・県・市道 / 1頭 / その他車移動
1473,2025,11,1,7,0,0,35.5617380763494,137.228006816851,白川町 / 三川 / その他 / 1頭 / 自宅
1474,2025,11,3,6,0,0,35.5702362211695,137.221558578728,白川町 / 三川 / その他 / 1頭 / その他
1475,2025,11,7,19,0,0,36.2671230335482,137.569079369746,高山市 / 高山市農政部農務課 / 林道 / 2頭 / その他車移動
1476,2025,11,8,14,0,0,36.2639704026968,137.561770109078,高山市 / 高山市農政部農務課 / その他 / 1頭 / その他
1477,2025,11,8,15,0,0,36.3057079248737,137.381981342811,高山市 / 上宝町双六 / 住宅地 / 1頭 / 自宅
1478,2025,11,8,16,0,0,36.076450995828,137.363126669286,高山市 / 朝日町大廣 / 国・県・市道 / 2頭 / その他車移動
1479,2025,11,8,16,0,0,36.0256674407046,137.213660309957,高山市 / 久々野町上組 / その他 / 1頭 / その他
1480,2025,11,9,8,0,0,36.0769016660153,137.363117378049,高山市 / 朝日町大廣 / 国・県・市道 / 2頭 / その他車移動
1481,2025,11,9,19,0,0,36.0901984005066,137.318901653262,高山市 / 朝日町大廣 / 国・県・市道 / 1頭 / その他車移動
1482,2025,11,10,15,0,0,35.5024014932353,136.647737208573,大野町 / 稲富地区 / その他 / 1頭 / その他
1483,2025,11,10,17,0,0,35.5738907773081,137.210571506722,白川町 / 三川 / 国・県・市道 / 1頭 / その他車移動
1484,2025,11,9,7,0,0,35.5083458931587,136.648988740301,揖斐川町 / 谷汲長瀬 / その他 / 1頭 / その他
1485,2025,11,9,9,0,0,36.1346973852161,137.20266582156,高山市 / 高山市新宮町 / 国・県・市道 / 1頭 / その他車移動
1486,2025,11,10,12,0,0,36.2435388403145,137.515232448014,高山市 / 奥飛騨温泉郷柏当 / 国・県・市道 / 1頭 / その他車移動
1487,2025,11,10,21,0,0,36.1526172078964,137.263872506083,高山市 / 高山市農政部農務課 / 住宅地 / 1頭 / その他
1488,2025,11,1,16,0,0,35.4636268089885,137.433806244343,恵那市 / 大井町岡瀬沢 / 登山道 / 1頭 / その他
1489,2025,11,11,9,0,0,36.1870110472253,137.553444515608,高山市 / 奥飛騨温泉郷平湯 / その他 / 1頭 / その他
1490,2025,11,12,9,0,0,36.2806451670754,136.898965927001,白川村 / 飯島 / 林道 / 2頭 / 建設作業
1491,2025,11,12,8,0,0,35.2981284768269,137.487678736263,恵那市 / 上矢作町 / 河川敷 / 1頭 / その他
1492,2025,10,30,7,0,0,35.5226231317495,136.564404869994,揖斐川町 / 谷汲有鳥 / 住宅地 / 1頭 / その他
1493,2025,11,10,13,0,0,35.7476487060714,137.082056196155,郡上市 / 和良町沢 / その他 / 1頭 / その他
1494,2025,11,7,18,0,0,35.6430501607587,137.446221838656,中津川市 / 付知町 / 国・県・市道 / 1頭 / 通勤・通学
1495,2025,11,12,2,0,0,35.5934038426138,137.51008610766,中津川市 / 坂下大門地内 / 国・県・市道 / 1頭 / その他車移動
1496,2025,11,12,16,0,0,35.4840296933549,136.584926741829,揖斐川町 / 志津山 / 農地 / 1頭 / 自宅
1497,2025,11,12,17,0,0,35.4325764963384,137.43243022502,恵那市 / 東野 / 国・県・市道 / 1頭 / 通勤・通学
1498,2025,11,13,4,0,0,35.4853259329179,136.586199240999,揖斐川町 / 志津山 / 農地 / 2頭 / その他
1499,2025,11,13,14,0,0,35.6994437181765,137.438157703876,中津川市 / 付知町 / 国・県・市道 / 1頭 / その他
1500,2025,11,13,15,0,0,35.5597479525739,136.722420014074,山県市 / 平井地内 / 山林 / 1頭 / 自宅
1501,2025,11,13,9,0,0,36.1803221024465,137.557681459495,高山市 / 奥飛騨温泉郷平湯 / その他 / 1頭 / その他
1502,2025,10,1,6,0,0,35.9487920680229,136.878410172106,郡上市 / 高鷲町大鷲 / 河川敷 / 1頭 / 散歩
1503,2025,11,13,17,0,0,36.1380359252833,137.178218669836,高山市 / 清見町牧ヶ洞 / その他 / 1頭 / その他
1504,2025,10,3,7,0,0,36.0067047010921,136.909259608273,郡上市 / 高鷲町ひるがの / 山林 / 1頭 / その他車移動
1505,2025,10,9,3,0,0,36.0061091814063,136.88972417125,郡上市 / 高鷲町ひるがの / 山林 / 1頭 / その他
1506,2025,10,10,17,0,0,35.9482463872202,136.87176128412,郡上市 / 高鷲町大鷲 / 山林 / 1頭 / その他車移動
1507,2025,10,14,14,0,0,35.9437241884465,136.865501705859,郡上市 / 高鷲町鮎立 / 山林 / 1頭 / その他車移動
1508,2025,10,27,15,0,0,36.0046196953867,136.903733911157,郡上市 / 高鷲町ひるがの / 農地 / 1頭 / 通勤・通学
1509,2025,10,29,19,0,0,35.9454078321605,136.853334353984,郡上市 / 高鷲町鮎立 / 山林 / 1頭 / 自宅
1510,2025,10,30,10,0,0,35.9466223881426,136.865668048054,郡上市 / 高鷲町鮎立 / 山林 / 1頭 / 農作業
1511,2025,10,30,15,0,0,35.9388616238176,136.857571943008,郡上市 / 高鷲町　鮎立 / 国・県・市道 / 1頭 / その他車移動
1512,2025,10,31,7,0,0,35.9993573981781,136.915443710998,郡上市 / 高鷲町　ひるがの / 国・県・市道 / 1頭 / その他車移動
1513,2025,11,4,8,0,0,35.9452488865173,136.863837415567,郡上市 / 高鷲町鮎立 / 農地 / 1頭 / 通勤・通学
1514,2025,11,5,20,0,0,35.938491787181,136.858335369676,郡上市 / 高鷲町鮎立 / 国・県・市道 / 1頭 / その他車移動
1515,2025,11,9,10,0,0,35.9395002061745,136.856170154546,郡上市 / 高鷲町鮎立 / 国・県・市道 / 1頭 / その他車移動
1516,2025,10,7,5,0,0,35.8104235401037,136.883512305992,郡上市 / 大和町落部 / 山林 / 1頭 / その他車移動
1517,2025,11,12,11,0,0,35.9420012453032,136.858294011765,郡上市 / 高鷲町鮎立 / 山林 / 1頭 / その他車移動
1518,2025,11,13,6,0,0,35.944781870054,136.866298528457,郡上市 / 高鷲町大鷲 / 山林 / 1頭 / その他車移動
1519,2025,10,11,16,0,0,35.8124553277181,136.900136486028,郡上市 / 大和町徳永 / 農地 / 1頭 / 通勤・通学
1520,2025,10,17,11,0,0,35.8475371845663,136.937224503462,郡上市 / 大和町栗巣 / 国・県・市道 / 1頭 / その他車移動
1521,2025,11,6,18,0,0,35.3690578225819,136.49355589764,関ケ原町 / 野上 / 農地 / 1頭 / その他車移動
1522,2025,10,14,7,0,0,35.3672322437987,136.486871351435,関ケ原町 / 大高 / 農地 / 1頭 / 通勤・通学
1523,2025,8,5,12,0,0,35.3654042328946,136.487797977334,関ケ原町 / 野上 / 国・県・市道 / 1頭 / その他車移動
1524,2025,11,13,11,0,0,35.849931613726,137.031020845603,郡上市 / 明宝二間手 / その他 / 1頭 / 自宅
1525,2025,11,12,14,0,0,35.857522870041,137.030710329372,郡上市 / 明宝気良 / 山林 / 1頭 / 林業作業
1526,2025,10,28,6,0,0,35.8550079015913,137.03559452592,郡上市 / 明宝二間手 / その他 / 1頭 / 散歩
1527,2025,10,3,15,0,0,35.8794938753601,137.018881793695,郡上市 / 明宝気良 / 河川敷 / 1頭 / 散歩
1528,2025,10,29,5,0,0,35.7897663781466,137.254364579687,下呂市 / 少ヶ野 / 国・県・市道 / 1頭 / その他
1529,2025,11,3,7,0,0,35.7982079968265,137.256821053649,下呂市 / 小川 / 河川敷 / 1頭 / 自宅
1530,2025,10,20,14,0,0,35.8854609411111,137.05089429464,郡上市 / 明宝奥住 / その他 / 1頭 / その他車移動
1531,2025,11,4,19,0,0,35.8005524111126,137.251722036606,下呂市 / 森 / 住宅地 / 1頭 / 自宅
1532,2025,11,11,7,0,0,35.7242032243589,137.200885779789,下呂市 / 夏焼 / その他 / 1頭 / 自宅
1533,2025,11,12,1,0,0,35.7381137272295,137.210654513286,下呂市 / 久野川 / 山林 / 1頭 / その他
1534,2025,11,14,17,0,0,35.568114903761,137.448460915395,中津川市 / 福岡田之尻地内 / 山林 / 1頭 / 通勤・通学
1535,2025,11,14,17,0,0,35.4385274642692,137.425861427779,恵那市 / 東野 / 河川敷 / 1頭 / その他
1536,2025,11,14,17,0,0,35.5225361200191,136.597765076431,揖斐川町 / 谷汲名礼 / その他 / 1頭 / その他車移動
1537,2025,11,14,19,0,0,35.5282941904826,136.596676890035,揖斐川町 / 谷汲名礼 / 国・県・市道 / 1頭 / その他車移動
1538,2025,11,15,20,0,0,35.4250496416568,136.541883617876,池田町 / 片山 / 林道 / 1頭 / その他車移動
1539,2025,11,16,13,0,0,35.6636613057502,137.421817935776,中津川市 / 付知町 / 住宅地 / 1頭 / 自宅
1540,2025,11,16,10,0,0,35.5291112341761,137.434124042379,中津川市 / 高山地内 / 山林 / 1頭 / その他車移動
1541,2025,11,16,16,0,0,35.6378925091411,136.481325870237,揖斐川町 / 揖斐川町鶴見地内 / 国・県・市道 / 1頭 / その他
1542,2025,11,17,6,0,0,35.569450152271,137.508333274986,中津川市 / 坂下中外地内 / 国・県・市道 / 1頭 / 通勤・通学
1543,2025,11,16,12,0,0,35.6647439769822,136.592733337335,本巣市 / 根尾門脇 / 山林 / 1頭 / 登山
1544,2025,11,13,20,0,0,36.1278646183286,137.254372912653,高山市 / 高山市千島町 / 国・県・市道 / 1頭 / その他車移動
1545,2025,11,14,15,0,0,36.1827274592245,137.554205208655,高山市 / 高山市農政部農務課 / その他 / 1頭 / その他
1546,2025,11,15,7,0,0,36.145919636936,137.267658520945,高山市 / 高山市農政部農務課 / 住宅地 / 1頭 / 自宅
1547,2025,11,16,13,0,0,36.1709760762101,137.225164521768,高山市 / 高山市上切町 / 国・県・市道 / 1頭 / その他車移動
1548,2025,6,13,13,0,0,35.6663594411078,136.926621119648,郡上市 / 美並町 / 国・県・市道 / 1頭 / その他車移動
1549,2025,8,15,10,0,0,35.6391822914215,136.911407873485,郡上市 / 美並町上田 / その他 / 1頭 / その他
1550,2025,10,14,8,0,0,35.627385574068,136.947191709523,郡上市 / 美並町上田 / 山林 / 1頭 / 通勤・通学
1551,2025,10,28,16,0,0,35.6660931127856,136.956162566789,郡上市 / 美並町白山 / 山林 / 1頭 / 通勤・通学
1552,2025,11,15,11,0,0,35.6923127294975,136.948515311238,郡上市 / 美並町三戸 / 国・県・市道 / 1頭 / その他車移動
1553,2025,10,17,4,0,0,36.1232410182428,137.244476991908,高山市 / 高山市越後町 / その他 / 1頭 / その他
1554,2025,10,24,9,0,0,35.4543179433133,137.469022668165,中津川市 / 坂本 / その他 / 1頭 / 散歩
1555,2025,10,28,20,0,0,35.4637458248982,137.470228592693,中津川市 / 坂本 / 国・県・市道 / 1頭 / 通勤・通学
1556,2025,10,30,10,0,0,35.522712068695,137.457191839359,中津川市 / 苗木 / 農地 / 1頭 / 散歩
1557,2025,10,30,10,0,0,35.3908327164492,137.489664216604,中津川市 / 阿木 / 農地 / 1頭 / その他
1558,2025,11,13,17,0,0,35.5220856738717,137.515201439006,中津川市 / 落合 / 山林 / 1頭 / その他
1559,2025,11,16,18,0,0,35.5156753343983,137.500985987235,中津川市 / 苗木 / 農地 / 1頭 / 通勤・通学
1560,2025,11,16,12,0,0,36.3181989297134,137.313697574152,飛騨市 / 神岡町 / その他 / 1頭 / その他
1561,2025,11,16,0,0,0,36.3267257399688,137.308413174475,飛騨市 / 神岡町 / その他 / 1頭 / その他
1562,2025,11,17,15,0,0,36.3054660196301,137.282008175348,飛騨市 / 神岡町 / その他 / 1頭 / その他
1563,2025,11,15,6,0,0,36.2735658561467,137.024027844915,飛騨市 / 河合町天生 / 住宅地 / 1頭 / 自宅
1564,2025,10,18,5,0,0,36.1233289254872,137.244431251953,高山市 / 高山市越後町 / その他 / 1頭 / その他
1565,2025,11,18,3,0,0,36.139595083711,137.261752935685,高山市 / 高山市馬場町１丁目 / 住宅地 / 2頭 / その他
1566,2025,11,18,8,0,0,36.2183522508247,137.248852150153,高山市 / 国府町今 / 住宅地 / 1頭 / 自宅
1567,2025,11,19,7,0,0,35.5774466988931,137.526855099436,中津川市 / 坂下松源地地内 / その他 / 1頭 / 通勤・通学
1568,2025,11,18,16,0,0,35.5195359699521,137.368835657017,中津川市 / 旧蛭川村 / 国・県・市道 / 1頭 / その他車移動
1569,2025,11,20,6,0,0,35.5761533053713,137.526070090022,中津川市 / 坂下島平一地内 / 国・県・市道 / 1頭 / 散歩
1570,2025,11,20,10,0,0,35.9563470271297,136.877756335814,郡上市 / 高鷲町大鷲 / 山林 / 1頭 / その他車移動
1571,2025,11,19,9,0,0,36.1804426690939,137.260988397398,高山市 / 丹生川町新張 / 国・県・市道 / 1頭 / その他車移動
1572,2025,11,19,11,0,0,36.0952271775349,137.257333194596,高山市 / 一之宮町山越 / その他 / 1頭 / その他
1573,2025,11,19,16,0,0,36.1472620425514,137.270901682399,高山市 / 高山市松之木町 / 住宅地 / 1頭 / 自宅
1574,2025,11,19,17,0,0,36.2110443848143,137.31575994194,高山市 / 丹生川町森部 / 農地 / 1頭 / その他車移動
1575,2025,11,20,10,0,0,35.52756321024,137.17143676756,八百津町 / 久田見 / 農地 / 1頭 / 自宅
1576,2025,11,19,6,0,0,36.1382079600378,137.340887045282,高山市 / 高山市滝町 / 住宅地 / 1頭 / 自宅
1577,2025,11,21,6,0,0,35.3969800924268,137.344614495336,恵那市 / 三郷町佐々良木 / 国・県・市道 / 1頭 / 通勤・通学
1578,2025,11,20,17,0,0,35.6058910394293,137.172801021655,白川町 / 坂ノ東 / 国・県・市道 / 1頭 / その他車移動
1579,2025,11,12,22,0,0,35.6770003704382,137.273684272032,白川町 / 上佐見 / 国・県・市道 / 1頭 / その他車移動
1580,2025,11,18,16,0,0,35.5484686603635,137.251002224365,白川町 / 赤河 / 国・県・市道 / 1頭 / その他車移動
1581,2025,11,20,6,0,0,36.1427745989122,137.304334172792,高山市 / 高山市漆垣内町 / 住宅地 / 1頭 / 自宅
1582,2025,11,20,9,0,0,36.1503246964572,137.223445501693,高山市 / 高山市山田町 / 住宅地 / 1頭 / その他車移動
1583,2025,11,20,14,0,0,36.0498669161498,137.260957961748,高山市 / 久々野町無数河 / 住宅地 / 1頭 / 自宅
1584,2025,11,20,14,0,0,36.0949576473531,137.257679929475,高山市 / 一之宮町山越 / その他 / 1頭 / その他車移動
1585,2025,11,20,18,0,0,36.1830158420155,137.550367527114,高山市 / 奥飛騨温泉郷平湯 / その他 / 1頭 / その他車移動
1586,2025,11,20,20,0,0,36.2631447672547,137.562743227897,高山市 / 奥飛騨温泉郷中尾 / 国・県・市道 / 1頭 / その他車移動
1587,2025,11,20,20,0,0,36.2096313198161,137.315086500074,高山市 / 丹生川町森部 / 家畜場 / 1頭 / 家畜作業
1588,2025,11,20,6,0,0,36.2479826607387,137.121408376496,飛騨市 / 古川町 / その他 / 1頭 / 散歩
1589,2025,11,15,12,0,0,36.2628133846226,137.145820444473,飛騨市 / 古川町 / その他 / 1頭 / その他
1590,2025,10,21,14,0,0,35.5170680414211,137.287030569756,恵那市 / 中野方町 / 農地 / 1頭 / その他
1591,2025,11,21,17,0,0,35.5498418985236,137.460346933385,中津川市 / 福岡　小池　地内 / 山林 / 1頭 / 通勤・通学
1592,2025,11,21,7,0,0,36.2919468156503,137.355137043702,高山市 / 上宝町吉野 / 国・県・市道 / 1頭 / その他車移動
1593,2025,11,21,8,0,0,36.0955111226208,137.257290485412,高山市 / 一之宮町山越 / 国・県・市道 / 2頭 / その他車移動
1594,2025,11,21,9,0,0,36.1014099355198,137.263366118656,高山市 / 高山市石浦町 / 国・県・市道 / 1頭 / その他車移動
1595,2025,11,21,16,0,0,36.1778974742759,137.404038073058,高山市 / 丹生川町芦谷 / 住宅地 / 1頭 / 自宅
1596,2025,11,22,9,0,0,36.0952296458957,137.257049314904,高山市 / 一之宮町山越 / 国・県・市道 / 1頭 / その他車移動
1597,2025,11,23,10,0,0,36.1767243612117,137.313779481939,高山市 / 丹生川町北方 / 住宅地 / 1頭 / 自宅
1598,2025,11,24,9,0,0,36.0934904031061,137.255162923455,高山市 / 一之宮町山越 / 国・県・市道 / 1頭 / その他車移動
1599,2025,11,24,12,0,0,36.1060124831994,137.263069763332,高山市 / 高山市石浦町 / 住宅地 / 1頭 / その他車移動
1600,2025,11,25,8,0,0,35.5515484437153,136.647228874541,本巣市 / 佐原 / 山林 / 1頭 / 通勤・通学
1601,2025,11,25,11,0,0,35.6834010627937,137.407180659868,中津川市 / 付知町 / 林道 / 1頭 / 通勤・通学
1602,2025,11,25,19,0,0,35.3860024823262,137.357585923635,恵那市 / 三郷町椋実 / 国・県・市道 / 1頭 / その他車移動
1603,2025,11,26,17,0,0,35.8179263955912,136.939618624718,郡上市 / 大和町栗巣 / 山林 / 1頭 / その他車移動
1604,2025,11,25,7,0,0,36.1835777587221,137.54192070532,高山市 / 上宝町平湯 / 国・県・市道 / 1頭 / その他車移動
1605,2025,11,25,10,0,0,36.0520329700416,137.503988909605,高山市 / 高根町黍生 / 住宅地 / 1頭 / 自宅
1606,2025,11,27,7,0,0,36.176139857001,137.378562872455,高山市 / 丹生川町小野 / 国・県・市道 / 1頭 / その他車移動
1607,2025,11,30,16,0,0,35.5486076486157,136.638280281058,本巣市 / 神海 / 国・県・市道 / 1頭 / その他
1608,2025,11,28,11,0,0,36.0927866257466,137.254660327677,高山市 / 一之宮町薄越 / 国・県・市道 / 1頭 / その他車移動
1609,2025,11,29,14,0,0,36.2253714081268,137.264770643072,高山市 / 国府町宮地 / 林道 / 1頭 / その他車移動
1610,2025,11,29,21,0,0,35.4631542081522,137.428613899388,恵那市 / 大井町 / その他 / 1頭 / その他
1611,2025,12,1,10,0,0,36.1659495324112,137.310370603073,高山市 / 丹生川町坊方 / その他 / 1頭 / その他
1612,2025,12,2,10,0,0,36.2859798814091,137.368192784237,高山市 / 上宝町本郷 / 住宅地 / 1頭 / その他
1613,2025,12,2,13,0,0,36.0397964277241,137.288369672039,高山市 / 久々野町小坊 / 国・県・市道 / 1頭 / その他車移動
1614,2025,12,3,17,0,0,35.3030757952317,137.52460683194,恵那市 / 上矢作町横道 / 国・県・市道 / 1頭 / その他車移動
1615,2025,12,4,7,0,0,35.7609158306626,137.159226790314,下呂市 / 金山町乙原　岩屋ダム管理署付近 / 国・県・市道 / 1頭 / その他車移動
1616,2025,12,3,18,0,0,36.1148729192915,137.260214630896,高山市 / 高山市石浦町６丁目 / 住宅地 / 2頭 / その他車移動
1617,2025,12,5,16,0,0,35.8836941864405,136.865762406509,郡上市 / 白鳥町為真 / 山林 / 1頭 / その他
1618,2025,12,7,17,0,0,36.1927663343041,137.343683073296,高山市 / 丹生川町大萱 / 国・県・市道 / 1頭 / その他車移動
1619,2025,12,7,0,0,0,35.2853436312451,137.418178875779,恵那市 / 明智町東方 / 山林 / 1頭 / その他
1620,2025,12,8,0,0,0,35.4479012569457,136.941827994709,関市 / 新迫間 / その他 / 2頭 / その他
1621,2025,11,16,7,0,0,35.8119643232535,137.240278767308,下呂市 / 湯之島 / 山林 / 1頭 / その他
1622,2025,11,19,22,0,0,35.8100453221324,137.244255072775,下呂市 / 湯之島 / その他 / 3頭 / 通勤・通学
1623,2025,11,21,12,0,0,35.7666523689797,137.32563686037,下呂市 / 御厩野 / 農地 / 1頭 / 自宅
1624,2025,11,24,16,0,0,35.7608038735247,137.304972343944,下呂市 / 野尻 / その他 / 1頭 / 自宅
1625,2025,11,30,20,0,0,35.7701117238438,137.265983850423,下呂市 / 宮地 / 国・県・市道 / 1頭 / その他
1626,2025,12,2,5,0,0,35.7793871344398,137.287080334205,下呂市 / 乗政 / 国・県・市道 / 1頭 / 通勤・通学
1627,2025,12,7,11,0,0,35.760467854682,137.302733068341,下呂市 / 野尻 / 山林 / 不明頭 / 自宅
1628,2025,12,7,19,0,0,36.28484311026,137.371519212374,高山市 / 上宝町宮原 / 住宅地 / 1頭 / 自宅
1629,2025,12,8,7,0,0,36.2845756928187,137.3714315457,高山市 / 上宝町宮原 / 住宅地 / 1頭 / 自宅
1630,2025,12,8,17,0,0,36.1440878307209,137.239712364513,高山市 / 高山市上岡本町 / その他 / 1頭 / その他車移動
1631,2025,12,9,8,0,0,35.50781252352,137.384814539699,中津川市 / 旧蛭川村 / 農地 / 2頭 / 自宅
1632,2025,12,7,10,0,0,35.4621998666488,137.124446017839,八百津町 / 伊岐津志 / 国・県・市道 / 1頭 / その他車移動
1633,2025,12,9,15,0,0,36.2845950564481,137.37163684434,高山市 / 上宝町宮原 / 住宅地 / 1頭 / 自宅
1634,2025,12,10,7,0,0,36.2845726796235,137.371546337523,高山市 / 上宝町宮原 / 住宅地 / 1頭 / 自宅
1635,2025,12,11,16,0,0,36.146678892145,137.291017042329,高山市 / 高山市漆垣内町 / 農地 / 1頭 / 通勤・通学
1636,2025,12,12,8,0,0,35.8682148522658,136.873916096253,郡上市 / 白鳥町大島 / 国・県・市道 / 2頭 / 通勤・通学
1637,2025,12,10,14,0,0,35.5779077574191,137.531274134021,中津川市 / 坂下東町地内 / 住宅地 / 1頭 / 散歩
1638,2025,12,12,7,0,0,36.1190596003137,137.239880937546,高山市 / 高山市越後町 / 住宅地 / 1頭 / 通勤・通学
1639,2025,12,14,9,0,0,35.9537154322773,136.878348752657,郡上市 / 高鷲町大鷲 / 山林 / 1頭 / その他車移動
1640,2025,12,15,16,0,0,35.9480048756064,136.87159951313,郡上市 / 高鷲町大鷲 / 山林 / 1頭 / その他車移動
1641,2025,12,16,8,0,0,35.3376912812216,137.388728463239,恵那市 / 山岡町上手向 / 国・県・市道 / 1頭 / その他車移動
1642,2025,12,16,9,0,0,36.1418314573674,137.230400527065,高山市 / 高山市山田町 / 住宅地 / 1頭 / その他車移動
1643,2025,11,21,11,0,0,36.3349488212386,137.293784982999,飛騨市 / 神岡町 / 国・県・市道 / 1頭 / その他車移動
1644,2025,11,21,10,0,0,36.3442364290604,137.294837503515,飛騨市 / 神岡町 / 国・県・市道 / 1頭 / その他車移動
1645,2025,11,16,22,0,0,36.3022373903275,137.338675488574,飛騨市 / 神岡町 / その他 / 1頭 / その他車移動
1646,2025,12,17,7,0,0,35.4605690663141,137.354235933594,恵那市 / 長島町久須見 / 山林 / 1頭 / 通勤・通学
1647,2025,12,17,13,0,0,36.1990238240727,137.34502819538,高山市 / 丹生川町大萱 / 国・県・市道 / 1頭 / その他車移動
1648,2025,12,19,14,0,0,35.4125552888806,137.367231688623,恵那市 / 三郷町 / 国・県・市道 / 1頭 / その他車移動
1649,2025,12,18,17,0,0,36.2448947300243,137.518109928145,高山市 / 奥飛騨温泉郷村上 / 住宅地 / 1頭 / その他
1650,2025,12,22,11,0,0,36.1448175205835,137.239390082842,高山市 / 高山市上岡本町 / その他 / 1頭 / その他
1651,2025,12,22,14,0,0,36.154720552525,137.29598574734,高山市 / 高山市松之木町 / 住宅地 / 1頭 / 散歩
1652,2025,12,23,8,0,0,35.5693942047428,137.527905191078,中津川市 / 坂下高部地内 / 農地 / 1頭 / 自宅
1653,2025,12,26,12,0,0,35.5443660143168,137.553024209533,中津川市 / 山口 / 国・県・市道 / 1頭 / その他車移動
1654,2026,1,3,16,0,0,35.6323872177398,137.389580395785,東白川村 / 越原 / 農地 / 1頭 / 自宅
1655,2026,1,5,8,0,0,35.658563311462,137.432052631138,中津川市 / 付知町 / 国・県・市道 / 1頭 / 通勤・通学
1656,2026,1,9,17,0,0,35.4406362928434,137.399777026301,恵那市 / 長島町永田 / 国・県・市道 / 1頭 / その他車移動
1657,2026,1,14,16,0,0,35.5682796306105,137.454560360761,中津川市 / 福岡長根 / 山林 / 1頭 / その他車移動
1658,2026,1,18,1,0,0,35.5275272498492,136.81671313577,岐阜市 / 出屋敷 / 農地 / 1頭 / その他
1659,2026,1,15,14,0,0,36.1755280866113,137.3595796135,高山市 / 丹生川町瓜田 / 住宅地 / 1頭 / 自宅
1660,2026,1,16,13,0,0,36.1401392801312,137.262405153383,高山市 / 高山市堀端町 / 住宅地 / 1頭 / 建設作業
1661,2026,1,16,13,0,0,36.1755209148672,137.359485798869,高山市 / 丹生川町瓜田 / 住宅地 / 1頭 / 自宅
1662,2026,1,16,14,0,0,36.3056797946358,137.08841404271,飛騨市 / 河合町有家 / 住宅地 / 1頭 / 自宅
1663,2026,1,9,8,0,0,35.4630581900646,137.475136050588,中津川市 / 茄子川 / 山林 / 1頭 / その他車移動
1664,2026,1,3,10,0,0,35.4619939704072,137.466089867327,中津川市 / 茄子川 / その他 / 1頭 / その他車移動
1665,2026,1,3,21,0,0,35.4704618262343,137.459192412753,中津川市 / 茄子川 / 山林 / 1頭 / その他車移動
1666,2026,1,23,15,0,0,35.4710183975374,137.170762243611,八百津町 / 八百津 / 国・県・市道 / 1頭 / その他車移動
1667,2026,1,22,18,0,0,35.5341297384853,136.823114311321,関市 / 武芸川町宇多院 / 国・県・市道 / 1頭 / その他車移動
1668,2026,1,28,6,0,0,35.7350082584301,137.251239654511,下呂市 / 久野川 / 林道 / 1頭 / 通勤・通学
1669,2026,1,28,9,0,0,35.7991725455521,137.260366241585,下呂市 / 小川 / その他 / 1頭 / その他
1670,2026,2,1,17,0,0,35.3116679631207,137.561449224939,恵那市 / 上矢作町 / 山林 / 1頭 / その他車移動
1671,2026,2,8,16,0,0,35.5108779717469,136.605486236524,揖斐川町 / 谷汲深坂 / 山林 / 1頭 / 自宅
1672,2026,2,17,11,0,0,35.4448790261118,137.436130297644,恵那市 / 東野 / その他 / 1頭 / その他
1673,2025,9,3,14,0,0,35.5555605003474,136.505656629049,揖斐川町 / 西津汲 / 河川敷 / 1頭 / その他
1674,2025,9,27,15,0,0,35.5327936563232,136.519923845745,揖斐川町 / 外津汲 / 国・県・市道 / 1頭 / その他
1675,2026,3,4,15,0,0,35.807343551198,136.875418457549,郡上市 / 大和町落部 / 国・県・市道 / 1頭 / 建設作業
1676,2024,4,2,16,0,0,35.4526987891441,136.442378312924,揖斐川町 / 春日村 / 山林 / 2頭 / 目撃場所付近での災害復旧工事中に目撃
1677,2024,4,13,2,0,0,36.2640243354951,137.223679713142,飛騨市 / 神岡町柏原 / 国・県・市道 / 2頭 / 道路走行中に目撃　山の中に逃げていく
1678,2024,4,14,10,0,0,35.3334458359435,137.207864183831,土岐市 / 国・県・市道 / 1頭 / 地域住民
1679,2024,4,1,18,0,0,35.8210048804346,137.240942279246,下呂市 / 国・県・市道 / 1頭 / 山林内に入る
1680,2024,4,3,15,0,0,35.8056343112457,137.253135397734,下呂市 / 下呂町 / その他 / 1頭 / 民家の軒下から移動するのを目撃
1681,2024,4,4,11,0,0,35.8049124441981,137.254220356076,下呂市 / 下呂町 / 林道 / 1頭 / 林道から山林内に入る
1682,2024,4,11,16,0,0,35.8077745640264,137.261236109939,下呂市 / 下呂町 / 林道 / 1頭 / 林道から山林内に入る
1683,2024,4,8,11,0,0,35.8053042824678,137.25456379872,下呂市 / 下呂町 / 林道 / 1頭 / 林道より山林内に入る
1684,2024,4,13,9,0,0,35.8046869569629,137.254424808286,下呂市 / 下呂町 / 林道 / 1頭 / 林道より山林内に入る
1685,2024,4,15,8,0,0,35.3779333596864,137.207546911038,土岐市 / 山林 / 1頭
1686,2024,4,13,13,0,0,35.4757685645751,137.179754586182,八百津町 / 八百津 / その他 / 1頭 / クマが遊歩道付近にいる
1687,2024,4,18,17,0,0,35.5384264947626,137.149054610499,八百津町 / 上吉田 / 山林 / 1頭 / 猟友会員がイノシシ用檻に入った形跡を確認（脱出口から脱出）
1688,2024,4,22,17,0,0,35.4151710705417,137.374144004826,恵那市 / 三郷町 / 国・県・市道 / 1頭
1689,2024,4,11,10,0,0,35.4156518249597,137.374952506128,恵那市 / 三郷町 / 国・県・市道 / 1頭
1690,2024,4,26,7,0,0,35.511625833671,137.501347010106,中津川市 / 苗木 / 国・県・市道 / 1頭
1691,2024,4,11,7,0,0,35.2660043680209,137.401280754901,恵那市 / 串原 / 国・県・市道 / 2頭
1692,2024,4,17,17,0,0,35.2472500531122,137.46083608608,恵那市 / 串原 / 国・県・市道 / 1頭
1693,2024,4,1,7,0,0,35.5521193534062,137.550057262837,中津川市 / 山林 / 1頭
1694,2024,4,28,10,0,0,35.6077591493081,137.464196895428,中津川市 / 河川敷 / 1頭
1695,2024,4,11,17,0,0,35.5961986702101,137.510942315335,中津川市 / 山林 / 1頭
1696,2024,4,30,18,0,0,35.6086033580365,136.797909474413,山県市 / 美山町 / 国・県・市道 / 1頭 / 道路
1697,2024,5,1,8,0,0,36.3162706977332,137.268751473419,飛騨市 / 神岡町堀之内 / 国・県・市道 / 1頭 / 国道沿いの工場から子グマを目撃
1698,2024,5,9,9,0,0,35.5732920034731,136.459383356372,揖斐川町 / 藤橋村 / 林道 / 1頭
1699,2024,5,9,9,0,0,35.4245023933318,136.5555873861,池田町 / 池田町 / 山林 / 1頭 / クマの爪痕らしきものを発見
1700,2024,5,11,0,0,0,35.5583363327033,137.549980001489,中津川市 / 旧山口村 / 山林 / 1頭
1701,2024,5,5,4,0,0,35.5296831437946,137.150338433842,八百津町 / 上吉田 / 山林 / 2頭 / 猟友会員がクマ2頭分の糞を確認
1702,2024,5,12,15,0,0,35.8323477307396,137.241070449584,下呂市 / 下呂町 / 林道 / 1頭
1703,2024,5,16,8,0,0,36.3821907061061,137.277614769814,飛騨市 / 神岡町東漆山 / 山林 / 1頭 / 旧鉄道線路横から川のほうに降りていった
1704,2024,5,17,11,0,0,35.6189707702473,136.356241772275,揖斐川町 / 坂内村 / 山林 / 1頭 / 工事業者
1705,2024,5,17,14,0,0,35.6188131371736,136.356257161677,揖斐川町 / 坂内村 / 山林 / 1頭 / 工事業者
1706,2024,4,5,17,0,0,36.1475879707358,137.301858430461,高山市 / 高山市漆垣内町 / 農地 / 1頭 / 農業作業者
1707,2024,4,13,8,0,0,36.2209567672166,137.188684363895,高山市 / 国府町宇津江 / 国・県・市道 / 1頭 / 車通勤中
1708,2024,4,16,8,0,0,36.0266708835626,137.513689723549,高山市 / 高根町阿多野郷 / 国・県・市道 / 1頭 / 自動車通勤中
1709,2024,4,19,12,0,0,36.2097517061495,137.221011028424,高山市 / 国府町広瀬町 / 登山道 / 1頭 / 登山者
1710,2024,5,21,10,0,0,36.3082381214641,137.112157876556,飛騨市 / 宮川町落合 / 国・県・市道 / 1頭 / 山へ逃げていった
1711,2024,4,23,6,0,0,36.1740092246282,137.260605117679,高山市 / 高山市上野町 / 国・県・市道 / 1頭 / 通勤途中
1712,2024,4,24,11,0,0,36.1712243199622,137.432975612931,高山市 / 丹生川町日面 / 国・県・市道 / 1頭 / 車で移動中
1713,2024,5,19,0,0,0,35.5583479066368,137.549883537324,中津川市 / 旧山口村 / 山林 / 4頭
1714,2024,5,23,10,0,0,35.5866612947206,137.548101470731,中津川市 / 旧山口村 / 国・県・市道 / 1頭
1715,2024,5,23,8,0,0,35.6080787891331,136.40342148278,揖斐川町 / 坂内村 / 山林 / 1頭 / 農業従事者
1716,2024,5,5,15,0,0,35.9060364200496,137.20678456958,下呂市 / 萩原町 / 山林 / 1頭
1717,2024,5,2,13,0,0,35.9358618236325,137.133838130464,下呂市 / 馬瀬村 / 国・県・市道 / 1頭
1718,2024,5,23,17,0,0,35.7228708977732,136.445329793604,揖斐川町 / 藤橋村 / 国・県・市道 / 1頭 / 県外観光客
1719,2024,5,25,13,0,0,35.4114063969242,136.559067911712,池田町 / 池田町 / 国・県・市道 / 1頭 / 片山地内円興寺トンネル付近でクマを目撃
1720,2024,5,23,10,0,0,36.1551787371349,136.9067302382,白川村 / 国・県・市道 / 1頭
1721,2024,5,26,11,0,0,35.4982720833335,137.3970448804,中津川市 / 蛭川村 / その他 / 2頭 / 親子連れ
1722,2024,5,18,5,0,0,35.4069239793436,136.515303971404,垂井町 / 山林 / 1頭
1723,2024,5,25,6,0,0,35.5441453702354,136.511010871974,揖斐川町 / 久瀬村 / 国・県・市道 / 2頭 / 捕獲従事者が罠の見回り中に目撃
1724,2024,5,29,10,0,0,35.6055747096323,136.403866056751,揖斐川町 / 坂内村 / 国・県・市道 / 1頭 / 地域住民
1725,2024,5,29,14,0,0,35.3335178860142,137.533456139415,恵那市 / 上矢作町 / 林道 / 1頭
1726,2024,5,20,13,0,0,35.7570781427732,136.793208424106,関市 / 板取村 / 国・県・市道 / 1頭 / 地域バス運転手
1727,2024,4,12,8,0,0,35.5192810503426,136.96259528106,関市 / 関市 / 国・県・市道 / 1頭 / 園児送迎の家族
1728,2024,5,27,15,0,0,36.4505629745479,137.269380058187,飛騨市 / 神岡町横山 / 国・県・市道 / 1頭
1729,2024,5,29,17,0,0,36.3376062301978,137.320994883706,飛騨市 / 神岡町和佐保 / 国・県・市道 / 1頭 / 道路わきの側溝に沿って歩いていた
1730,2024,5,30,12,0,0,35.4733228723644,136.509554986863,揖斐川町 / 春日村 / 国・県・市道 / 1頭 / 町内在住者（車の運転中）
1731,2024,5,30,15,0,0,35.4140518993475,136.570467120964,池田町 / 池田町 / 山林 / 1頭 / マルアイ石灰工業株式会社市橋工場付近で子熊を目撃
1732,2024,5,31,15,0,0,35.5858669931839,137.546304591097,中津川市 / 旧山口村 / 山林 / 1頭
1733,2024,6,2,16,0,0,35.4332115581772,136.5393036444,池田町 / 池田町 / 登山道 / 2頭 / 親子　1m程度
1734,2024,5,31,19,0,0,36.3882317436353,137.180357599128,飛騨市 / 宮川村打保 / 国・県・市道 / 1頭 / 山へ逃げていった
1735,2024,6,1,12,0,0,36.3341517105276,137.149428639105,飛騨市 / 宮川町西忍 / その他 / 1頭 / 川へ逃げていった
1736,2024,6,1,13,0,0,36.3320221046391,137.147109436967,飛騨市 / 宮川町西忍 / 国・県・市道 / 1頭 / 家の中へ入ったかも→確認後 家には入らず山へ逃げていった
1737,2024,6,3,3,0,0,36.3343206284129,137.148941259044,飛騨市 / 宮川町西忍 / 国・県・市道 / 1頭 / どこへ行ったか不明
1738,2024,6,3,7,0,0,35.4757767667352,136.524190806437,揖斐川町 / 揖斐川町 / 国・県・市道 / 1頭 / 車での通行者
1739,2024,6,3,8,0,0,35.5540277924679,136.411577315078,揖斐川町 / 坂内村 / 山林 / 1頭 / 地域住民
1740,2024,6,1,,,,35.6932460295284,136.474524776462,揖斐川町 / 藤橋村 / 1頭
1741,2024,6,1,22,0,0,36.3039144256373,137.247680339352,飛騨市 / 神岡町西 / 国・県・市道 / 1頭 / 公民館近くの歩道をクマが歩いていた
1742,2024,6,3,11,0,0,36.3436301091376,137.296335259278,飛騨市 / 神岡町鹿間 / その他 / 1頭 / 川から上がって道路を横切り山へ逃げていった
1743,2024,6,4,3,0,0,35.5772741906455,136.642330111793,本巣市 / 本巣町 / 農地 / 1頭 / 親熊、被害なし
1744,2024,6,4,10,0,0,36.3431031000888,137.395948237705,飛騨市 / 神岡町森茂 / 林道 / 1頭 / 子グマが道路を横断
1745,2024,6,5,6,0,0,36.3070684514448,137.304693227092,飛騨市 / 神岡町小萱 / 国・県・市道 / 1頭 / 農免農道を子グマが走っていた
1746,2024,6,5,11,0,0,36.3437513596477,137.395702954882,飛騨市 / 神岡町森茂 / 林道 / 1頭 / パトロール中の警察官が大規模林道でクマを目撃
1747,2024,6,5,14,0,0,35.5322569598217,136.540415658697,揖斐川町 / 久瀬村 / その他 / 1頭 / 建設業関係者
1748,2024,6,5,16,0,0,35.5823768893338,137.538191872985,中津川市 / 旧山口村 / 住宅地 / 1頭
1749,2024,6,5,21,0,0,35.5414939106792,136.643613657271,本巣市 / 本巣町 / 山林 / 1頭 / クマが国道を横切り東の山林へ逃げた
1750,2024,6,6,14,0,0,36.31138347543,137.313992393695,飛騨市 / 神岡町東雲 / 山林 / 1頭
1751,2024,6,3,10,0,0,36.2490324297269,137.072642720521,飛騨市 / 河合村 / 河川敷 / 1頭 / 成獣
1752,2024,6,9,16,0,0,35.7775217922185,137.291838429795,下呂市 / 下呂町 / 山林 / 1頭 / 小熊一頭
1753,2024,6,8,9,0,0,36.4284679501914,137.198513384379,飛騨市 / 宮川町小豆沢 / 国・県・市道 / 2頭 / 親子グマ
1754,2024,6,9,18,0,0,36.3365377053897,137.158616857676,飛騨市 / 宮川町高牧 / 住宅地 / 1頭 / クマ
1755,2024,6,4,14,0,0,36.3507411653162,137.181328870936,飛騨市 / 宮川町三川原 / その他 / 1頭 / 子熊
1756,2024,6,10,7,0,0,35.7435093274608,137.34323450843,中津川市 / 加子母 / 国・県・市道 / 1頭 / 中島工務店プラント付近にて、体長約1ｍほどのクマを目撃。
1757,2024,6,10,9,0,0,35.634032067413,137.503488108142,中津川市 / 旧川上村 / その他 / 1頭
1758,2024,6,6,14,0,0,35.6930338065541,137.420227063243,中津川市 / 山林 / 1頭
1759,2024,6,11,16,0,0,36.261221740827,136.906011106006,白川村 / 河川敷 / 1頭
1760,2024,6,10,16,0,0,36.2637458425059,137.57121902356,高山市 / 上宝村 / 山林 / 1頭 / 地域住民
1761,2024,6,9,6,0,0,36.2686811324015,137.396895384792,高山市 / 上宝村 / 農地 / 1頭 / 農業従事者
1762,2024,6,10,6,0,0,35.9114193365233,137.206104530216,下呂市 / 萩原町 / その他 / 1頭
1763,2024,6,11,9,0,0,35.552845974093,137.541625916254,中津川市 / 旧山口村 / 河川敷 / 1頭
1764,2024,6,11,12,0,0,36.2986960834807,137.114230356958,飛騨市 / 吉城郡河合村 / 国・県・市道 / 1頭 / その他車移動
1765,2024,6,9,10,0,0,36.3039109242411,137.105394066743,飛騨市 / 河合村 / 農地 / 1頭 / その他
1766,2024,6,12,7,0,0,36.1651275507318,136.903207204223,白川村 / 国・県・市道 / 2頭 / 子熊
1767,2024,6,10,6,0,0,35.376648926504,136.444937184728,関ケ原町 / 農地 / 1頭
1768,2024,6,11,7,0,0,36.2979702903289,137.116219322677,飛騨市 / 宮川町大無雁 / その他 / 1頭
1769,2024,6,12,9,0,0,36.3503065983027,137.183396630453,飛騨市 / 宮川町巣之内 / 国・県・市道 / 1頭 / 川へ逃げていった
1770,2024,6,12,5,0,0,35.4171020139664,136.551209868298,池田町 / 池田町 / 林道 / 3頭 / 池田山山頂道路付近にてクマの親子を目撃
1771,2024,6,12,7,0,0,35.6863755316289,137.386120212296,中津川市 / 加子母 / 山林 / 1頭 / 捕獲檻の中入ったクマが檻から逃げた。
1772,2024,6,12,12,0,0,36.3898900934758,137.184490040338,飛騨市 / 宮川町塩屋 / その他 / 1頭 / 子グマ
1773,2024,6,11,16,0,0,36.3350103072841,137.30265377097,飛騨市 / 神岡町東町 / 山林 / 1頭 / その他車移動
1774,2024,6,12,7,0,0,35.9352464627355,136.82915131653,郡上市 / 白鳥町 / 山林 / 1頭
1775,2024,6,12,15,0,0,36.2965307918513,137.121120204317,飛騨市 / 宮川町大無雁 / 国・県・市道 / 1頭 / 道路を走っていた
1776,2024,6,11,19,0,0,35.9111661548156,137.313795229333,下呂市 / 小坂町湯屋 / 住宅地 / 1頭 / 住民をひっかき逃走
1777,2024,6,12,11,0,0,35.9261391198173,137.201369509091,下呂市 / 萩原町四美 / その他 / 1頭 / 動かずいるのを見た後、その後逃走
1778,2024,6,10,9,0,0,36.3160992382776,137.264789096448,飛騨市 / 神岡町堀之内 / 国・県・市道 / 1頭 / その他車移動
1779,2024,6,12,16,0,0,36.1517540441021,136.910238138599,白川村 / 住宅地 / 1頭
1780,2024,6,12,18,0,0,36.3506799520784,137.187718600687,飛騨市 / 宮川町巣之内 / 国・県・市道 / 1頭 / 親グマ
1781,2024,6,12,18,0,0,36.2958995591107,137.117442250476,飛騨市 / 宮川町大無雁 / 山林 / 2頭 / 桑の木に登っている
1782,2024,6,13,5,0,0,36.2958792976962,137.117484014972,飛騨市 / 宮川町大無雁 / 山林 / 1頭
1783,2024,5,9,12,0,0,36.2356217221681,137.530420039431,高山市 / 奥飛騨温泉郷一重ヶ根 / 住宅地 / 1頭 / 近隣住民より
1784,2024,5,15,16,0,0,36.1214601205099,137.320493429088,高山市 / 高山市大島町 / 国・県・市道 / 1頭 / 帰宅途中
1785,2024,5,18,16,0,0,36.2298464028576,137.201633272216,高山市 / 国府町山本 / 住宅地 / 1頭 / 近隣住民より
1786,2024,5,20,10,0,0,36.1749335587669,137.45604085309,高山市 / 丹生川町籏鉾 / 国・県・市道 / 1頭 / 農作業移動中
1787,2024,5,22,18,0,0,36.1704803144505,137.345184418715,高山市 / 丹生川町大谷 / 住宅地 / 1頭 / 住民の家の前にて
1788,2024,5,23,7,0,0,36.0230861899611,137.505455661047,高山市 / 高根町阿多野郷 / 国・県・市道 / 1頭 / 通勤途中
1789,2024,5,24,11,0,0,35.9954527227846,137.351815417422,高山市 / 朝日町西洞 / 国・県・市道 / 1頭 / 通行途中
1790,2024,5,24,13,0,0,36.1688821000911,137.337539407881,高山市 / 丹生川町坊方 / 住宅地 / 1頭 / 自宅より
1791,2024,5,25,6,0,0,36.1445569738481,137.239361912709,高山市 / 高山市上岡本町 / 住宅地 / 1頭 / 通勤途中
1792,2024,5,25,7,0,0,36.0199315222584,137.502070057445,高山市 / 高根町日和田 / 国・県・市道 / 1頭 / 通勤途中
1793,2024,5,27,18,0,0,36.0872998573759,137.305918626251,高山市 / 久々野町小屋名 / 林道 / 1頭 / 車移動中
1794,2024,5,30,13,0,0,36.0320003464144,137.396299789711,高山市 / 朝日町一之宿 / 農地 / 1頭 / 農作業中
1795,2024,5,30,15,0,0,36.0317687099139,137.309795125534,高山市 / 久々野町有道 / 国・県・市道 / 1頭 / 作業移動中
1796,2024,6,12,,,,35.663113139432,136.708566544647,山県市 / 美山町 / 山林 / 1頭 / 自宅
1797,2024,6,5,15,0,0,35.7509727537306,136.787421117236,関市 / 板取村 / 山林 / 1頭 / 林業関係者
1798,2024,6,13,11,0,0,35.6161279461495,136.404944932562,揖斐川町 / 坂内村 / 林道 / 2頭 / 釣り客
1799,2024,6,7,8,0,0,35.7259211458368,136.783442012915,関市 / 板取村 / 登山道 / 1頭 / 観光客
1800,2024,6,13,13,0,0,36.3063127014439,137.109927709341,飛騨市 / 宮川町落合 / 国・県・市道 / 1頭 / 川から民家方向へ歩いて行った
1801,2024,6,14,11,0,0,35.5271918465895,137.209925819792,八百津町 / 久田見 / 山林 / 1頭 / 自宅から県道まで出る間の山の中にクマがいる
1802,2024,6,14,9,0,0,35.6608811632626,136.587172312751,本巣市 / 根尾村 / 山林 / 1頭 / 100センチ未満に見える小柄のクマで、北の山へ逃げたいった
1803,2024,6,15,9,0,0,35.5948022163188,137.51251727858,中津川市 / 旧坂下町 / 山林 / 1頭
1804,2024,6,13,10,0,0,36.3015008880139,137.104043807373,飛騨市 / 吉城郡河合村 / 国・県・市道 / 1頭 / その他車移動
1805,2024,6,10,14,0,0,36.3036954108644,137.110665215765,飛騨市 / 吉城郡河合村 / 国・県・市道 / 1頭 / その他車移動
1806,2024,6,14,7,0,0,35.7555216460594,137.332957090485,中津川市 / 加子母 / 林道 / 1頭 / 加子母B＆Gから林道に入り水無神社付近にて目撃。体長1ｍほど
1807,2024,6,16,11,0,0,36.2992289236959,137.114141620256,飛騨市 / 吉城郡河合村 / 国・県・市道 / 1頭 / その他車移動
1808,2024,6,15,15,0,0,35.7748018701294,137.366163990282,中津川市 / 加子母 / 登山道 / 1頭 / 乙女渓谷登山道付近で目撃。
1809,2024,6,14,13,0,0,35.7682788653725,137.298240738115,下呂市 / 下呂市 / 山林 / 1頭 / ゴルフ場のコースを横切った
1810,2024,6,17,14,0,0,36.3975613675041,137.181610627123,飛騨市 / 宮川町中沢上 / 林道 / 1頭 / ５０～６０ｃｍ　桑の木に登っていたが、山へ逃げていった
1811,2024,6,14,17,0,0,35.5937907144294,136.366523148305,揖斐川町 / 坂内村 / 林道 / 1頭 / 地域住民
1812,2024,6,15,,,,35.5937455030914,136.366501527661,揖斐川町 / 坂内村 / 林道 / 1頭 / 捕獲従事者
1813,2024,6,15,13,0,0,35.3323563313119,137.567988173914,恵那市 / 上矢作町 / 山林 / 1頭
1814,2024,6,16,13,0,0,35.3285599370323,137.560888501917,恵那市 / 上矢作町 / 山林 / 1頭
1815,2024,6,18,9,0,0,36.3021648067728,137.111602325074,飛騨市 / 吉城郡河合村 / 山林 / 1頭 / その他車移動
1816,2024,6,16,5,0,0,36.3492565731201,137.179070419559,飛騨市 / 宮川町三川原 / 山林 / 1頭 / 桑の木に登っていた
1817,2024,6,18,12,0,0,36.3021343861139,137.111596779261,飛騨市 / 吉城郡河合村 / 山林 / 2頭 / その他車移動
1818,2024,6,18,10,0,0,35.5777954520398,136.460855726045,揖斐川町 / 藤橋村 / 国・県・市道 / 2頭 / 道の駅（温泉）利用者
1819,2024,6,15,9,0,0,35.2492649850827,137.386974972779,恵那市 / 串原 / 国・県・市道 / 1頭
1820,2024,6,15,8,0,0,35.2497942257368,137.387168709211,恵那市 / 串原 / 国・県・市道 / 1頭
1821,2024,6,19,7,0,0,36.2540340875116,137.094530417892,飛騨市 / 吉城郡河合村 / 国・県・市道 / 1頭
1822,2024,6,18,8,0,0,35.6590078464914,136.581892757736,本巣市 / 根尾村 / 住宅地 / 1頭 / 体長は不明。手形が大人サイズ。庭で飼っている鶏が襲われた。
1823,2024,6,19,12,0,0,35.5503907291834,136.64106664069,本巣市 / 本巣町 / 国・県・市道 / 1頭 / 道路を横断して川へ逃げた
1824,2024,6,19,6,0,0,35.9200030960336,137.322367424555,下呂市 / 小坂町落合 / その他 / 1頭
1825,2024,6,20,7,0,0,36.3495112932258,137.182917731598,飛騨市 / 宮川町巣之内 / 国・県・市道 / 1頭 / 成獣　川へ逃げていった
1826,2024,6,20,14,0,0,36.2965646284568,137.121220390141,飛騨市 / 宮川町大無雁 / 国・県・市道 / 1頭 / 山から川へ逃げていった
1827,2024,6,14,17,0,0,35.5641970368139,136.641324643414,本巣市 / 本巣町 / 国・県・市道 / 1頭 / 親クマと思われる大きいクマが国道を横切った
1828,2024,6,19,19,0,0,35.929998256215,136.823321549853,郡上市 / 白鳥町 / 住宅地 / 1頭
1829,2024,6,20,20,0,0,35.4733099649863,136.509771380946,揖斐川町 / 春日村 / 国・県・市道 / 1頭 / 地域住民（車移動）
1830,2024,6,21,10,0,0,36.3022464602419,137.111552857162,飛騨市 / 吉城郡河合村 / 山林 / 1頭 / その他車移動
1831,2024,6,20,16,0,0,36.3034027097923,137.101147913929,飛騨市 / 吉城郡河合村 / 山林 / 1頭 / その他
1832,2024,6,21,13,0,0,36.3020565340954,137.111590919077,飛騨市 / 吉城郡河合村 / 山林 / 2頭 / その他車移動
1833,2024,6,21,13,0,0,35.4669710945813,136.460379634898,揖斐川町 / 春日村 / 国・県・市道 / 1頭 / 地域住民（車移動）
1834,2024,6,21,17,0,0,35.4727608697342,136.518774912414,揖斐川町 / 揖斐川町 / 河川敷 / 1頭 / 地域住民
1835,2024,6,20,21,0,0,35.2916703321302,137.424405130687,恵那市 / 明智町 / 国・県・市道 / 1頭
1836,2024,6,23,13,0,0,35.6634629812258,136.579957044268,本巣市 / 根尾村 / その他 / 1頭 / 根尾長嶺地区にある神社に子クマが登っていた
1837,2024,6,23,17,0,0,35.6578594831318,136.587083018418,本巣市 / 根尾村 / 住宅地 / 1頭 / 家の庭に子クマがいた。被害はなく気づいたらいなくなっていた。
1838,2024,6,22,9,0,0,36.3884225390557,137.181699488078,飛騨市 / 宮川町塩屋 / 国・県・市道 / 1頭 / 子グマ
1839,2024,6,21,19,0,0,35.5351026326309,136.723092583412,山県市 / 伊自良村 / 国・県・市道 / 1頭 / 自宅
1840,2024,6,24,9,0,0,35.533194336914,137.149268454063,八百津町 / 上吉田 / 農地 / 1頭 / 自宅から20m離れた木の下にいた
1841,2024,6,24,13,0,0,36.3024740180486,137.111516160162,飛騨市 / 吉城郡河合村 / 山林 / 1頭 / その他車移動
1842,2024,6,24,8,0,0,36.2869619578144,137.048167847782,飛騨市 / 吉城郡河合村 / 山林 / 1頭
1843,2024,6,24,17,0,0,35.473026347634,136.504260049893,揖斐川町 / 春日村 / 国・県・市道 / 1頭 / 地域住民
1844,2024,6,25,9,0,0,35.5919118038141,136.620255123821,本巣市 / 根尾村 / 山林 / 1頭 / 山林内にある掘っ建て小屋付近に、体長1ｍほどのクマがいた
1845,2024,6,13,13,0,0,36.2756926393014,137.274632003062,高山市 / 上宝村 / 住宅地 / 1頭 / 地域住民
1846,2024,6,17,15,0,0,36.2547576714445,137.547420935587,高山市 / 上宝村 / 国・県・市道 / 1頭 / 観光客
1847,2024,6,22,,,,36.2690491239549,137.398853933542,高山市 / 上宝村 / 住宅地 / 地域住民
1848,2024,6,17,10,0,0,36.2597988658489,137.396371356994,高山市 / 上宝村 / 山林 / 1頭 / 古川土木事務所職員
1849,2024,6,23,17,0,0,36.243063786601,137.515960488302,高山市 / 上宝村 / 国・県・市道 / 1頭
1850,2024,6,23,5,0,0,36.2681843073794,137.329796526077,高山市 / 上宝村 / 農地 / 1頭 / 農業従事者
1851,2024,6,25,7,0,0,36.2443002827971,137.509518237754,高山市 / 上宝村 / その他 / 1頭
1852,2024,6,24,17,0,0,36.1749098977678,136.900873975418,白川村 / 国・県・市道 / 3頭 / 親１、子２
1853,2024,6,25,16,0,0,36.2378682420187,137.526110267364,高山市 / 上宝村 / 住宅地 / 1頭 / 地域住民
1854,2024,6,26,7,0,0,36.1750805250864,136.900849080858,白川村 / 国・県・市道 / 3頭 / 親１、子２
1855,2024,6,26,5,0,0,36.3039325207939,137.107672882231,飛騨市 / 吉城郡河合村 / 農地 / 1頭 / その他車移動
1856,2024,6,26,12,0,0,36.3015234707075,137.076826697425,飛騨市 / 吉城郡河合村 / 国・県・市道 / 1頭 / その他車移動
1857,2024,6,26,16,0,0,36.3025506170388,137.111501839671,飛騨市 / 吉城郡河合村 / 山林 / 1頭 / その他車移動
1858,2024,6,26,15,0,0,35.5462287764636,136.417905935821,揖斐川町 / 坂内村 / 山林 / 1頭 / 地域住民
1859,2024,6,27,8,0,0,35.9716601503774,136.777297581204,郡上市 / 白鳥町 / 農地 / 1頭 / 通勤者
1860,2024,6,26,16,0,0,36.1737763807678,136.906710486815,白川村 / 住宅地 / 1頭 / 子１
1861,2024,6,26,16,0,0,36.1458775070227,136.910205896134,白川村 / 国・県・市道 / 3頭 / 親１　子２
1862,2024,6,10,7,0,0,35.3342249615653,137.537141708889,恵那市 / 上矢作町 / 国・県・市道 / 1頭 / その他
1863,2024,6,8,11,0,0,35.4290777433981,136.44510410698,揖斐川町 / 春日村 / 山林 / 2頭 / 自転車で通行中
1864,2024,6,27,,,,35.5118130054571,136.651202338537,揖斐川町 / 谷汲村 / 農地 / 1頭 / 畑の耕作中
1865,2024,6,27,14,0,0,36.1742055177659,136.907181520887,白川村 / 住宅地 / 1頭 / 子１
1866,2024,6,27,11,0,0,36.172402580052,136.903154343148,白川村 / 住宅地 / 3頭 / 親１、子２
1867,2024,6,27,15,0,0,36.1493027731131,136.910096797,白川村 / 住宅地 / 1頭
1868,2024,6,27,17,0,0,36.3034264042457,137.101213311356,飛騨市 / 吉城郡河合村 / 山林 / 1頭 / その他
1869,2024,6,28,8,0,0,35.641847700804,137.503834211638,中津川市 / 旧川上村 / その他 / 2頭
1870,2024,6,27,18,0,0,36.2891719160515,137.101810452453,飛騨市 / 吉城郡河合村 / 山林 / 1頭
1871,2024,6,28,10,0,0,36.2971775297011,137.073041281807,飛騨市 / 吉城郡河合村 / 農地 / 1頭 / 散歩
1872,2024,6,28,11,0,0,35.6042919033462,136.407267309665,揖斐川町 / 坂内村 / 国・県・市道 / 1頭 / 住民
1873,2024,6,27,12,0,0,35.6030664326953,136.410949667291,揖斐川町 / 坂内村 / 国・県・市道 / 1頭 / 住民
1874,2024,6,30,6,0,0,35.7218823748737,137.204887829334,下呂市 / 下呂町 / 国・県・市道 / 1頭
1875,2024,6,29,12,0,0,36.3053648036564,137.094545220709,飛騨市 / 吉城郡河合村 / その他 / 1頭 / その他車移動
1876,2024,6,28,20,0,0,35.5690661259034,136.518537947496,揖斐川町 / 久瀬村 / 国・県・市道 / 1頭 / 成獣　1頭
1877,2024,6,29,10,0,0,35.6663981221389,136.578589384744,本巣市 / 根尾村 / 住宅地 / 1頭 / 家の庭の池で飼っている鯉を子グマが食べていた。
1878,2024,6,29,13,0,0,35.5054940717401,136.679898330798,本巣市 / 本巣町 / 山林 / 1頭 / 小グマが山へ登っていく姿を目撃した。
1879,2024,6,25,8,0,0,35.4811188536445,136.432274678554,揖斐川町 / 旧春日村 / 山林 / 1頭 / 揖斐川町春日美束　尾西地内　岩井谷で目撃
1880,2024,7,2,11,0,0,36.2454915390822,137.039303989938,飛騨市 / 吉城郡河合村 / 国・県・市道 / 1頭 / その他
1881,2024,7,2,11,0,0,36.2434176829107,137.038467326032,飛騨市 / 吉城郡河合村 / 国・県・市道 / 2頭 / その他
1882,2024,7,2,5,0,0,36.2445007198676,137.507976712327,高山市 / 上宝村 / 住宅地 / 1頭 / その他車移動
1883,2024,7,1,13,0,0,36.269024149549,137.397205245118,高山市 / 上宝村 / 国・県・市道 / 1頭 / その他車移動
1884,2024,6,28,16,0,0,36.243920216357,137.512007488049,高山市 / 上宝村 / 国・県・市道 / 1頭 / 通勤・通学
1885,2024,7,2,16,0,0,36.2936509268768,137.130048148506,飛騨市 / 宮川町大無雁 / 国・県・市道 / 1頭 / 通勤・通学
1886,2024,7,2,17,0,0,35.5633593737832,136.647182266548,本巣市 / 本巣町 / 国・県・市道 / 1頭 / その他車移動
1887,2024,7,3,7,0,0,35.4731497040439,136.5146452755,揖斐川町 / 旧春日村 / 山林 / 1頭 / その他車移動
1888,2024,7,3,16,0,0,36.2465149634136,137.508808835851,高山市 / 上宝村 / 住宅地 / 1頭 / その他
1889,2024,7,3,11,0,0,36.4184054874768,137.19813928045,飛騨市 / 宮川町巣納谷 / 国・県・市道 / 1頭 / その他車移動
1890,2024,7,4,15,0,0,36.4195801983905,137.197146576111,飛騨市 / 宮川町杉原 / 国・県・市道 / 1頭 / その他車移動
1891,2024,7,4,17,0,0,35.6900232106812,137.422633802856,中津川市 / 付知町 / 山林 / 1頭 / その他車移動
1892,2024,7,5,17,0,0,35.6284997112079,137.498475325333,中津川市 / 旧川上村 / 国・県・市道 / 1頭 / 散歩
1893,2024,7,6,8,0,0,36.3307438024204,137.145979220373,飛騨市 / 宮川町西忍 / 国・県・市道 / 1頭 / 通勤・通学
1894,2024,7,5,10,0,0,35.471625599298,136.414488560889,揖斐川町 / 旧春日村 / 山林 / 1頭 / その他車移動
1895,2024,7,7,7,0,0,35.4104596423809,137.502042848823,中津川市 / 阿木 / 山林 / 1頭 / その他
1896,2024,7,4,17,0,0,35.6983047638058,137.430092118026,中津川市 / 付知 / 山林 / 1頭 / その他車移動
1897,2024,7,7,10,0,0,35.6566262803305,137.420511654284,中津川市 / 付知町 / 山林 / 1頭 / その他
1898,2024,7,2,5,0,0,35.537902685175,137.444905530266,中津川市 / 福岡 / 国・県・市道 / 1頭 / 散歩
1899,2024,6,27,9,0,0,35.508835116036,137.526086145318,中津川市 / 落合 / 山林 / 1頭 / 散歩
1900,2024,6,25,15,0,0,35.4274121695814,137.502080743627,中津川市 / 阿木 / その他 / 1頭 / その他車移動
1901,2024,7,3,8,0,0,35.6438514948685,137.428949893792,中津川市 / 付知町 / 山林 / 1頭 / 散歩
1902,2024,6,20,18,0,0,35.5341028476083,137.527756428432,中津川市 / 瀬戸 / 山林 / 1頭 / 自宅
1903,2024,6,20,13,0,0,35.6738586098722,137.417660898681,中津川市 / 付知町 / 河川敷 / 1頭 / その他車移動
1904,2024,5,27,18,0,0,35.6956517760536,137.418320985753,中津川市 / 付知 / 山林 / 1頭 / その他車移動
1905,2024,7,8,15,0,0,35.574308711126,137.208445046292,白川町 / 白川町 / 河川敷 / 1頭 / その他
1906,2024,7,8,14,0,0,35.4724512934148,136.414930832428,揖斐川町 / 旧春日村 / 林道 / 1頭 / 建設作業
1907,2024,7,8,16,0,0,35.2648257628978,137.434474974222,恵那市 / 串原 / 国・県・市道 / 1頭 / その他車移動
1908,2024,6,19,16,0,0,35.6790593050901,137.415049270778,中津川市 / 付知町 / 山林 / 1頭 / 散歩
1909,2024,6,27,21,0,0,35.6275454556216,137.462558616316,中津川市 / 付知町 / 河川敷 / 1頭 / 通勤・通学
1910,2024,7,3,14,0,0,35.4676414053568,136.414746738223,揖斐川町 / 春日村 / 国・県・市道 / 1頭 / その他車移動
1911,2024,7,8,17,0,0,35.5765007570339,137.206839447671,白川町 / 白川町 / 国・県・市道 / 1頭 / その他車移動
1912,2024,7,8,17,0,0,36.3064211385761,137.105937025426,飛騨市 / 吉城郡河合村 / 農地 / 1頭 / その他車移動
1913,2024,7,3,18,0,0,35.4743491529718,136.45142124656,揖斐川町 / 春日村 / 国・県・市道 / 1頭 / その他車移動
1914,2024,7,8,12,0,0,35.6077653493242,136.404458028169,揖斐川町 / 坂内村 / 国・県・市道 / 1頭 / 自宅
1915,2024,6,30,11,0,0,35.6959278574996,137.422310810325,中津川市 / 付知町 / 山林 / 1頭 / その他
1916,2024,6,17,13,0,0,35.6874432146992,137.419891042595,中津川市 / 付知町 / 山林 / 1頭 / その他車移動
1917,2024,7,8,6,0,0,35.960068948735,136.750416032434,郡上市 / 白鳥町 / 国・県・市道 / 1頭 / その他車移動
1918,2024,7,7,20,0,0,35.8649811981183,136.88282316032,郡上市 / 白鳥町 / 国・県・市道 / 1頭 / 通勤・通学
1919,2024,7,7,8,0,0,35.9627710680924,136.80920328091,郡上市 / 白鳥町 / 国・県・市道 / 1頭 / その他車移動
1920,2024,7,9,9,0,0,35.4764352010011,136.448624129154,揖斐川町 / 旧春日村 / 国・県・市道 / 1頭 / その他車移動
1921,2024,7,9,11,0,0,35.7730165579047,137.293585182531,下呂市 / 下呂町 / 山林 / 1頭 / その他
1922,2024,7,8,18,0,0,35.4161786056007,136.553670842202,池田町 / 池田町 / 林道 / 2頭 / 登山
1923,2024,7,9,13,0,0,35.4831655137685,136.435857185036,揖斐川町 / 旧春日村 / 河川敷 / 1頭 / 建設作業
1924,2024,7,9,15,0,0,35.6305855297589,136.644492543361,本巣市 / 根尾村 / 国・県・市道 / 1頭 / その他車移動
1925,2024,7,7,6,0,0,35.5868696520759,136.361860305508,揖斐川町 / 坂内村 / 林道 / 1頭 / その他
1926,2024,6,29,19,0,0,35.9521144254929,137.261837688647,下呂市 / 小坂町 / その他 / 1頭 / その他
1927,2024,7,10,18,0,0,35.5256133440454,136.647028830904,本巣市 / 本巣町 / 国・県・市道 / 1頭 / その他車移動
1928,2024,7,10,17,0,0,35.5502547493398,136.409911713974,揖斐川町 / 坂内村 / 国・県・市道 / 1頭 / 散歩
1929,2024,7,11,10,0,0,36.2935709288195,137.130016177596,飛騨市 / 宮川町大無雁 / 国・県・市道 / 1頭 / その他車移動
1930,2024,7,11,13,0,0,36.3367668764267,137.147992477024,飛騨市 / 宮川町西忍 / 国・県・市道 / 1頭 / その他車移動
1931,2024,7,11,19,0,0,35.5174857258024,136.610548838357,揖斐川町 / 谷汲 / 国・県・市道 / 1頭 / その他車移動
1932,2024,7,10,13,0,0,35.5608457710722,136.553686975321,揖斐川町 / 谷汲 / 国・県・市道 / 1頭 / その他車移動
1933,2024,7,11,6,0,0,35.5798469232439,136.541016224056,揖斐川町 / 久瀬村 / 林道 / 1頭 / 農作業
1934,2024,7,11,0,0,0,35.519582628882,137.374345774842,中津川市 / 蛭川村 / その他 / 1頭 / その他
1935,2024,6,1,17,0,0,36.0443756180803,137.442441058768,高山市 / 高根町中洞 / 国・県・市道 / 1頭 / 通勤・通学
1936,2024,7,12,12,0,0,35.4830199472705,136.430043709509,揖斐川町 / 旧春日村 / 山林 / 1頭 / その他車移動
1937,2024,6,2,11,0,0,36.0322298630525,137.431430595667,高山市 / 高根町猪之鼻 / 林道 / 1頭 / 林業作業
1938,2024,6,3,11,0,0,35.9511999279408,137.485165655778,高山市 / 高根町日和田 / 林道 / 1頭 / 林業作業
1939,2024,6,4,13,0,0,36.0650327094518,137.290246992457,高山市 / 高山市久々野町久須母 / 国・県・市道 / 1頭 / その他車移動
1940,2024,6,5,8,0,0,36.0166872309203,137.387914960354,高山市 / 朝日町宮之前 / 山林 / 1頭 / その他車移動
1941,2024,6,5,10,0,0,35.9754967875169,137.527104642031,高山市 / 高根町留之原 / 国・県・市道 / 1頭 / その他車移動
1942,2024,6,5,17,0,0,36.2042725762626,137.323426361769,高山市 / 丹生川町大沼 / 国・県・市道 / 1頭 / その他車移動
1943,2024,7,15,20,0,0,35.5129911636599,136.607131251026,揖斐川町 / 谷汲 / 国・県・市道 / 1頭 / その他車移動
1944,2024,6,7,9,0,0,36.1824492541201,137.544747551892,高山市 / 奥飛騨温泉郷平湯 / 登山道 / 1頭 / その他車移動
1945,2024,6,7,10,0,0,36.069819947719,136.944748357805,高山市 / 荘川町岩瀬 / 国・県・市道 / 1頭 / その他車移動
1946,2024,6,8,9,0,0,36.153334817824,137.273444268598,高山市 / 高山市三福寺町 / 住宅地 / 1頭 / その他車移動
1947,2024,7,15,8,0,0,35.9518543618743,136.826864239741,郡上市 / 白鳥町 / 国・県・市道 / 1頭 / 自宅
1948,2024,6,9,20,0,0,36.1203315872286,137.268612486432,高山市 / 高山市片野町１丁目 / 住宅地 / 1頭 / その他車移動
1949,2024,6,10,8,0,0,36.2038399098719,137.312105654733,高山市 / 丹生川町大沼 / 農地 / 2頭 / 農作業
1950,2024,7,15,8,0,0,35.4876631500957,136.449145165582,揖斐川町 / 春日村 / その他 / 1頭 / その他
1951,2024,6,11,9,0,0,35.9666247706399,137.527068147176,高山市 / 高根町留之原 / 国・県・市道 / 1頭 / その他車移動
1952,2024,7,14,12,0,0,35.4893948366567,136.572664797955,揖斐川町 / 揖斐川町 / 登山道 / 1頭 / 登山
1953,2024,6,11,15,0,0,36.0170695411678,137.391197536282,高山市 / 朝日町宮之前 / 住宅地 / 1頭 / 自宅
1954,2024,7,16,10,0,0,35.4864491785373,136.656670304549,大野町 / 大野町 / その他 / 1頭 / その他車移動
1955,2024,7,15,18,0,0,35.5755032500304,137.207866420319,白川町 / 白川町 / 国・県・市道 / 1頭 / その他車移動
1956,2024,6,11,19,0,0,36.0891783285541,137.341667475639,高山市 / 朝日町甲 / 国・県・市道 / 1頭 / その他車移動
1957,2024,6,12,8,0,0,36.1588586018125,137.26431987762,高山市 / 高山市三福寺町 / その他 / 1頭 / 通勤・通学
1958,2024,6,12,11,0,0,35.9953970837224,137.530661503051,高山市 / 高根町小日和田 / 国・県・市道 / 1頭 / その他車移動
1959,2024,6,13,11,0,0,36.215651547263,137.372871618861,高山市 / 丹生川町折敷地 / 山林 / 1頭 / その他
1960,2024,6,13,19,0,0,36.0488827934852,137.436980168797,高山市 / 高根町中洞 / 住宅地 / 1頭 / 自宅
1961,2024,6,14,16,0,0,36.201626659596,137.234692331465,高山市 / 国府町上広瀬 / 国・県・市道 / 1頭 / 通勤・通学
1962,2024,6,14,18,0,0,36.1208503827838,137.252130141209,高山市 / 高山市千島町 / その他 / 1頭 / その他車移動
1963,2024,6,15,17,0,0,35.9993050437323,137.52855536337,高山市 / 高根町日和田 / 国・県・市道 / 1頭 / その他車移動
1964,2024,6,16,9,0,0,36.0103577082868,137.374213199409,高山市 / 朝日町西洞 / その他 / 1頭 / その他車移動
1965,2024,6,16,12,0,0,35.9866848518279,137.351243262249,高山市 / 高山市朝日町 / その他 / 1頭 / 自宅
1966,2024,6,16,13,0,0,36.1605933594488,137.329582860407,高山市 / 丹生川町山口 / その他 / 1頭 / 自宅
1967,2024,6,16,15,0,0,35.9756915281803,137.358408034872,高山市 / 朝日町西洞 / 国・県・市道 / 2頭 / その他車移動
1968,2024,6,17,8,0,0,36.0003082473452,137.530628601279,高山市 / 高根町日和田 / 住宅地 / 1頭 / 通勤・通学
1969,2024,6,18,10,0,0,36.0901060179853,136.939252719474,高山市 / 荘川町三尾河 / 国・県・市道 / 1頭 / その他車移動
1970,2024,6,19,15,0,0,36.0243083131763,136.993799547984,高山市 / 荘川町中野 / 国・県・市道 / 1頭 / その他車移動
1971,2024,6,18,11,0,0,36.0904227571938,136.93844462971,高山市 / 荘川町中野 / 国・県・市道 / 1頭 / その他車移動
1972,2024,6,19,16,0,0,36.0478765146152,136.994930657353,高山市 / 荘川町三谷 / 国・県・市道 / 1頭 / その他車移動
1973,2024,6,19,18,0,0,36.2679495600562,137.567424564011,高山市 / 奥飛騨温泉郷神坂 / 国・県・市道 / 2頭 / 登山
1974,2024,6,20,15,0,0,36.1339407383873,137.218894980689,高山市 / 高山市新宮町 / 住宅地 / 1頭 / その他車移動
1975,2024,7,16,5,0,0,36.26331842025,137.432252044627,高山市 / 上宝村 / 住宅地 / 1頭 / 自宅
1976,2024,7,12,6,0,0,36.2629563629043,137.432946384862,高山市 / 上宝村 / 住宅地 / 1頭 / 自宅
1977,2024,6,20,16,0,0,35.9918288392278,137.350350605209,高山市 / 朝日町西洞 / その他 / 2頭 / その他
1978,2024,6,21,6,0,0,36.0895759182095,136.939837935815,高山市 / 荘川町中野 / 国・県・市道 / 1頭 / その他車移動
1979,2024,6,21,16,0,0,36.1767067496741,137.365791809575,高山市 / 丹生川町瓜田 / 国・県・市道 / 1頭 / その他車移動
1980,2024,6,21,15,0,0,36.1762296644104,137.3084834693,高山市 / 丹生川町北方 / 国・県・市道 / 1頭 / その他車移動
1981,2024,6,24,4,0,0,35.9834438904458,137.361307279737,高山市 / 朝日町西洞 / 林道 / 1頭 / その他車移動
1982,2024,6,24,14,0,0,35.9460248373455,137.477995460555,高山市 / 高根町日和田 / 国・県・市道 / 1頭 / その他車移動
1983,2024,6,25,8,0,0,36.1935631680374,137.555163321044,高山市 / 奥飛騨温泉郷 / 住宅地 / 1頭 / その他
1984,2024,6,25,8,0,0,36.1747682865213,137.496027845019,高山市 / 丹生川町久手 / 国・県・市道 / 1頭 / 通勤・通学
1985,2024,6,25,9,0,0,36.0449066488853,137.00670620772,高山市 / 荘川町三谷 / 国・県・市道 / 1頭 / その他車移動
1986,2024,6,25,10,0,0,36.141764072184,137.286765784019,高山市 / 高山市山口町 / 国・県・市道 / 1頭 / その他車移動
1987,2024,6,25,13,0,0,36.1091425812832,137.413499027635,高山市 / 朝日町青屋 / 国・県・市道 / 2頭 / その他車移動
1988,2024,6,25,17,0,0,36.2631514964109,137.567222707625,高山市 / 奥飛騨温泉郷 / 住宅地 / 1頭 / その他
1989,2024,6,25,18,0,0,36.1262136906112,137.362306586272,高山市 / 高山市岩井町 / 農地 / 1頭 / 自宅
1990,2024,6,26,15,0,0,36.0283762473294,136.927079301484,高山市 / 荘川町野々俣 / 住宅地 / 2頭 / 自宅
1991,2024,6,26,16,0,0,35.9516817996911,137.485080985844,高山市 / 高根町日和田 / 国・県・市道 / 1頭 / その他車移動
1992,2024,6,27,11,0,0,36.1641794788993,137.071364283806,高山市 / 荘川町池本 / 住宅地 / 1頭 / 自宅
1993,2024,6,27,16,0,0,36.0163730262098,137.38951755533,高山市 / 朝日町宮之前 / 住宅地 / 1頭 / 自宅
1994,2024,6,27,17,0,0,36.02968482792,136.956539249862,高山市 / 荘川町町屋 / 国・県・市道 / 1頭 / 自宅
1995,2024,6,27,18,0,0,36.2586461899321,137.574072242455,高山市 / 奥飛騨温泉郷 / 国・県・市道 / 1頭 / 登山
1996,2024,6,27,18,0,0,36.1727444758029,137.50346450741,高山市 / 丹生川町久手 / 国・県・市道 / 1頭 / その他車移動
1997,2024,6,27,19,0,0,36.1731579715657,137.352065951832,高山市 / 丹生川町瓜田 / 国・県・市道 / 1頭 / その他車移動
1998,2024,6,29,8,0,0,36.1610201435044,137.316396886707,高山市 / 丹生川町山口 / 国・県・市道 / 1頭 / その他車移動
1999,2024,6,29,10,0,0,36.1010132374622,137.12050473451,高山市 / 清見町坂下 / 登山道 / 1頭 / 登山
2000,2024,6,29,18,0,0,36.1743605835317,137.057263732024,高山市 / 荘川町池本 / 国・県・市道 / 1頭 / その他車移動
2001,2024,7,17,13,0,0,36.4085765756813,137.188412001147,飛騨市 / 宮川町祢宜ケ沢上 / 国・県・市道 / 1頭 / その他
2002,2024,7,18,16,0,0,35.4897135917265,137.152818639926,八百津町 / 八百津 / 国・県・市道 / 1頭 / その他車移動
2003,2024,7,18,16,0,0,35.6425568858001,137.504064938396,中津川市 / 旧川上村 / 山林 / 1頭 / その他
2004,2024,7,18,15,0,0,35.5512171917625,136.411669538676,揖斐川町 / 坂内村 / その他 / 1頭 / その他車移動
2005,2024,6,17,8,0,0,36.3058537604494,137.242687539846,飛騨市 / 神岡町西 / その他 / 1頭 / その他車移動
2006,2024,7,4,12,0,0,36.4000732011544,137.287049244024,飛騨市 / 神岡町西漆山 / その他 / 1頭 / 子グマ
2007,2024,7,21,18,0,0,35.5656454584695,136.619934365942,揖斐川町 / 谷汲 / 林道 / 1頭 / その他
2008,2024,7,21,11,0,0,35.4473867793895,136.443545758974,揖斐川町 / 旧春日村 / 国・県・市道 / 1頭 / その他車移動
2009,2024,7,18,11,0,0,36.1946715110075,137.559208606224,高山市 / 上宝村 / 国・県・市道 / 1頭 / その他車移動
2010,2024,7,22,5,0,0,35.8663221137413,136.868942070037,郡上市 / 白鳥町 / その他 / 1頭 / 建設作業
2011,2024,7,20,11,0,0,35.9700958954234,136.778893597932,郡上市 / 白鳥町 / 国・県・市道 / 1頭 / その他
2012,2024,7,18,16,0,0,35.49003440458,136.573152604651,揖斐川町 / 揖斐川町 / 山林 / 1頭 / その他
2013,2024,7,20,9,0,0,35.5552672564564,137.250833470501,白川町 / 白川町 / 国・県・市道 / 1頭 / 通勤・通学
2014,2024,7,22,18,0,0,35.5139408564839,136.586594759449,揖斐川町 / 谷汲 / その他 / 2頭 / 通勤・通学
2015,2024,7,23,4,0,0,35.4296099593482,136.619807722018,大野町 / 大野町 / 河川敷 / 1頭 / その他車移動
2016,2024,7,22,18,0,0,35.4877295669203,137.400789051493,中津川市 / 蛭川 / 住宅地 / 1頭 / 通勤・通学
2017,2024,7,16,17,0,0,35.512923319666,137.417736696829,中津川市 / 蛭川 / 国・県・市道 / 1頭 / 通勤・通学
2018,2024,7,23,17,0,0,35.576240527831,137.377996980065,白川町 / 白川町 / 国・県・市道 / 1頭 / 林業作業
2019,2024,7,23,18,0,0,35.5069529312646,136.606143137058,揖斐川町 / 谷汲 / 国・県・市道 / 1頭 / その他車移動
2020,2024,7,23,21,0,0,35.6345811357514,137.503562179476,中津川市 / 旧川上村 / 河川敷 / 1頭 / その他
2021,2024,7,22,11,0,0,35.5000782422875,137.143309561139,八百津町 / 八百津 / 国・県・市道 / 1頭 / その他車移動
2022,2024,7,24,14,0,0,35.6450152831498,136.497987586636,揖斐川町 / 藤橋村 / 国・県・市道 / 1頭 / 建設作業
2023,2024,7,25,8,0,0,36.3088656755111,137.253485055328,飛騨市 / 神岡町伏方 / 国・県・市道 / 1頭 / その他車移動
2024,2024,7,26,9,0,0,36.2940711951777,137.13020660294,飛騨市 / 宮川町大無雁 / 国・県・市道 / 1頭 / 通勤・通学
2025,2024,7,27,9,0,0,36.3454791840094,137.18331380381,飛騨市 / 宮川町種蔵 / 国・県・市道 / 1頭 / その他
2026,2024,4,8,12,0,0,36.2596133604619,137.141214622512,飛騨市 / 古川町 / 国・県・市道 / 1頭 / 建設作業
2027,2024,5,19,15,0,0,36.2308756917319,137.180132239879,飛騨市 / 古川町 / 林道 / 1頭 / 散歩
2028,2024,5,25,6,0,0,36.2437451698519,137.1176550966,飛騨市 / 古川町 / 国・県・市道 / 1頭 / 散歩
2029,2024,5,29,16,0,0,36.2709707197245,137.147770774933,飛騨市 / 古川町 / 農地 / 1頭 / その他車移動
2030,2024,5,31,17,0,0,36.2632342914545,137.214172003211,飛騨市 / 古川町 / 山林 / 1頭 / その他車移動
2031,2024,5,31,18,0,0,36.2453776142565,137.197033224837,飛騨市 / 古川町 / 国・県・市道 / 1頭 / 通勤・通学
2032,2024,6,2,6,0,0,36.2908966671357,137.201503878937,飛騨市 / 古川町 / その他 / 1頭 / その他
2033,2024,6,3,6,0,0,36.2945900837035,137.207253230128,飛騨市 / 古川町 / 国・県・市道 / 1頭 / 散歩
2034,2024,6,4,13,0,0,36.239580386972,137.200104515495,飛騨市 / 古川町 / 住宅地 / 1頭 / 自宅
2035,2024,6,5,7,0,0,36.2437090452939,137.116588841805,飛騨市 / 古川町 / その他 / 1頭 / その他
2036,2024,6,6,8,0,0,36.276088390828,137.15605745789,飛騨市 / 古川町 / 農地 / 1頭 / 農作業
2037,2024,6,8,14,0,0,36.2406300075543,137.140845365967,飛騨市 / 古川町 / 山林 / 1頭 / 散歩
2038,2024,6,11,15,0,0,36.2403889502116,137.195733295649,飛騨市 / 古川町 / その他 / 1頭 / 散歩
2039,2024,6,13,7,0,0,36.2003575874889,137.134805235282,飛騨市 / 古川町 / 山林 / 1頭 / 通勤・通学
2040,2024,6,14,14,0,0,36.2407476596853,137.195439051984,飛騨市 / 古川町 / その他 / 1頭 / 散歩
2041,2024,6,17,7,0,0,36.2440731815938,137.148055531458,飛騨市 / 古川町 / 国・県・市道 / 1頭 / 通勤・通学
2042,2024,6,17,9,0,0,36.2404773074162,137.195299880065,飛騨市 / 古川町 / その他 / 1頭 / 散歩
2043,2024,6,20,7,0,0,36.243976025501,137.117418515064,飛騨市 / 古川町 / 国・県・市道 / 1頭 / 散歩
2044,2024,6,20,9,0,0,36.2402577970211,137.116426489963,飛騨市 / 古川町 / 農地 / 1頭 / 農作業
2045,2024,6,20,9,0,0,36.2317732910829,137.179571518665,飛騨市 / 古川町 / その他 / 1頭 / その他
2046,2024,6,20,10,0,0,36.2324267173095,137.17965505853,飛騨市 / 古川町 / 国・県・市道 / 1頭 / その他
2047,2024,6,20,14,0,0,36.2319653260772,137.173800596055,飛騨市 / 古川町 / 国・県・市道 / 1頭 / その他車移動
2048,2024,6,20,15,0,0,36.2599612505831,137.157221266197,飛騨市 / 古川町 / その他 / 1頭 / その他
2049,2024,6,21,9,0,0,36.2138710125293,137.151234976089,飛騨市 / 古川町 / 国・県・市道 / 1頭 / その他車移動
2050,2024,6,25,15,0,0,36.2984133514869,137.216262259008,飛騨市 / 古川町 / その他 / 1頭 / その他
2051,2024,6,26,16,0,0,36.2442028864299,137.139358329612,飛騨市 / 古川町 / 国・県・市道 / 1頭 / その他車移動
2052,2024,6,28,16,0,0,36.2992020110246,137.216158370907,飛騨市 / 古川町 / その他 / 1頭 / その他
2053,2024,6,30,17,0,0,36.3016902434613,137.219750845886,飛騨市 / 古川町 / 山林 / 1頭 / その他
2054,2024,7,5,9,0,0,36.2550436444611,137.106517683874,飛騨市 / 古川町 / 国・県・市道 / 1頭 / その他車移動
2055,2024,7,5,11,0,0,36.2942461345395,137.208234198638,飛騨市 / 古川町 / 林道 / 1頭 / その他車移動
2056,2024,7,8,8,0,0,36.3000819130384,137.20818159595,飛騨市 / 古川町 / 家畜場 / 1頭 / 家畜作業
2057,2024,7,8,15,0,0,36.2967480922877,137.205507704804,飛騨市 / 古川町 / 国・県・市道 / 1頭 / その他車移動
2058,2024,7,29,10,0,0,35.3327691388167,137.387113907412,恵那市 / 明智町 / 林道 / 1頭 / その他車移動
2059,2024,7,31,12,0,0,36.226572147158,137.529531365649,高山市 / 上宝村 / 住宅地 / 1頭 / その他
2060,2024,8,1,9,0,0,36.3050860440709,137.225636176675,飛騨市 / 神岡町西 / 山林 / 1頭 / 建設作業
2061,2024,7,7,11,0,0,36.20384620127,137.304426111905,高山市 / 丹生川町三之瀬 / 国・県・市道 / 1頭 / その他車移動
2062,2024,7,2,15,0,0,35.9872602196488,137.365559329048,高山市 / 朝日町西洞 / 国・県・市道 / 1頭 / その他
2063,2024,7,2,7,0,0,36.1374086959011,137.241781105864,高山市 / 高山市上岡本町 / 住宅地 / 1頭 / 通勤・通学
2064,2024,7,3,11,0,0,36.016540629983,137.388750438502,高山市 / 朝日町宮之前 / 住宅地 / 1頭 / 自宅
2065,2024,7,4,12,0,0,36.0800683001081,137.360014920956,高山市 / 朝日町上ヶ見 / 国・県・市道 / 1頭 / その他車移動
2066,2024,7,4,19,0,0,36.1371874206604,137.350330077878,高山市 / 高山市岩滝町 / 国・県・市道 / 4頭 / その他車移動
2067,2024,7,5,6,0,0,36.244589296519,137.507730924537,高山市 / 奥飛騨温泉郷 / 住宅地 / 1頭 / その他
2068,2024,7,5,12,0,0,36.0027970094339,137.370782529359,高山市 / 高山市朝日町 / 国・県・市道 / 1頭 / その他車移動
2069,2024,7,8,13,0,0,36.1351488054065,137.202798651918,高山市 / 高山市新宮町 / 住宅地 / 1頭 / 自宅
2070,2024,7,8,15,0,0,35.9483870713594,137.486069554285,高山市 / 高根町日和田 / その他 / 1頭 / その他
2071,2024,7,8,15,0,0,36.1442301719536,137.386364141674,高山市 / 高山市滝町 / 国・県・市道 / 1頭 / その他車移動
2072,2024,8,2,15,0,0,36.3990846087532,137.180723213935,飛騨市 / 宮川町戸谷 / 国・県・市道 / 1頭 / その他車移動
2073,2024,7,8,17,0,0,36.0442533805249,137.523387939373,高山市 / 高根町阿多野郷 / 林道 / 1頭 / その他
2074,2024,7,9,11,0,0,36.0479863120837,136.984594693336,高山市 / 荘川町三谷 / 国・県・市道 / 2頭 / その他車移動
2075,2024,7,10,4,0,0,36.1792675912431,137.282966498856,高山市 / 丹生川町新張 / 住宅地 / 1頭 / その他
2076,2024,7,22,9,0,0,35.3656256074922,137.339193635419,恵那市 / 三郷町 / 林道 / 1頭 / その他
2077,2024,7,10,6,0,0,36.1773399903121,137.417600428843,高山市 / 丹生川町日面 / 住宅地 / 1頭 / その他車移動
2078,2024,7,11,9,0,0,36.0879706099965,137.356083139216,高山市 / 朝日町上ヶ見 / その他 / 1頭 / その他
2079,2024,7,13,9,0,0,36.0826250842407,137.280135392493,高山市 / 久々野町山梨 / 国・県・市道 / 1頭 / その他車移動
2080,2024,7,13,14,0,0,36.0878938035188,137.35620649164,高山市 / 朝日町上ヶ見 / その他 / 1頭 / その他
2081,2024,7,13,22,0,0,36.0679018583559,137.394565135888,高山市 / 朝日町小瀬ヶ洞 / 国・県・市道 / 1頭 / その他車移動
2082,2024,7,16,9,0,0,36.1696514692796,137.443625240303,高山市 / 丹生川町塩屋 / 住宅地 / 1頭 / 自宅
2083,2024,7,16,11,0,0,36.0016661200502,137.535521637022,高山市 / 高根町日和田 / 住宅地 / 1頭 / 自宅
2084,2024,7,16,15,0,0,36.180635899967,137.50940499573,高山市 / 丹生川町久手 / 国・県・市道 / 1頭 / その他車移動
2085,2024,7,16,14,0,0,35.9419423031554,137.47343092862,高山市 / 朝日町胡桃島 / 国・県・市道 / 1頭 / その他車移動
2086,2024,7,16,15,0,0,36.0400987902896,136.984662824207,高山市 / 荘川町三谷 / 住宅地 / 1頭 / その他車移動
2087,2024,7,16,16,0,0,36.0880122619807,137.35574802554,高山市 / 朝日町上ヶ見 / その他 / 1頭 / その他
2088,2024,7,17,12,0,0,36.1739849714253,137.506423299393,高山市 / 丹生川町久手 / その他 / 2頭 / その他
2089,2024,7,17,16,0,0,36.0421259677977,136.984150420411,高山市 / 荘川町三谷 / 住宅地 / 1頭 / その他
2090,2024,8,7,10,0,0,35.5797895796562,137.205476339949,白川町 / 白川町 / 国・県・市道 / 1頭 / その他車移動
2091,2024,8,7,13,0,0,36.3292278071669,137.139479602414,飛騨市 / 宮川町林 / その他 / 1頭 / その他車移動
2092,2024,8,8,8,0,0,36.2484141664048,137.513395159661,高山市 / 上宝村 / 国・県・市道 / 1頭 / その他
2093,2024,8,9,7,0,0,35.8940466885736,136.901808150972,郡上市 / 白鳥町 / 山林 / 1頭 / その他車移動
2094,2024,8,9,9,0,0,36.3886192835119,137.180387663341,飛騨市 / 宮川町打保 / 国・県・市道 / 1頭 / その他車移動
2095,2024,8,12,10,0,0,35.6025749516897,137.503760524878,中津川市 / 旧川上村 / 住宅地 / 1頭 / 自宅
2096,2024,8,11,15,0,0,35.7663150103455,136.410761268791,揖斐川町 / 藤橋村 / 国・県・市道 / 1頭 / その他車移動
2097,2024,8,15,8,0,0,36.278772141352,137.103631427769,飛騨市 / 吉城郡河合村 / 山林 / 1頭 / その他車移動
2098,2024,8,15,9,0,0,35.4723630213577,136.597655712777,揖斐川町 / 揖斐川町 / その他 / 1頭 / その他
2099,2024,8,15,16,0,0,36.2956221477386,137.068856335736,飛騨市 / 吉城郡河合村 / 国・県・市道 / 1頭 / その他車移動
2100,2024,7,18,6,0,0,35.9965203368723,137.541097485055,高山市 / 高根町小日和田 / 林道 / 1頭 / その他
2101,2024,7,18,15,0,0,36.0784858530259,137.365912319752,高山市 / 朝日町大廣 / 住宅地 / 1頭 / 自宅
2102,2024,7,18,19,0,0,36.0277092563465,137.515712045469,高山市 / 高根町阿多野郷 / 国・県・市道 / 1頭 / その他車移動
2103,2024,7,19,12,0,0,36.0436436683124,137.529647974682,高山市 / 高根町阿多野郷 / 国・県・市道 / 1頭 / その他車移動
2104,2024,7,19,13,0,0,36.0448250164597,137.007165566227,高山市 / 荘川町三谷 / 国・県・市道 / 1頭 / その他車移動
2105,2024,7,19,14,0,0,36.0266920442509,137.513914912522,高山市 / 高根町阿多野郷 / 国・県・市道 / 1頭 / その他車移動
2106,2024,7,20,17,0,0,36.1747768685238,137.505867408515,高山市 / 丹生川町久手 / 国・県・市道 / 1頭 / その他車移動
2107,2024,7,21,18,0,0,36.0621955622538,137.272296083626,高山市 / 久々野町西洞 / 農地 / 1頭 / その他車移動
2108,2024,7,22,13,0,0,36.0266333825589,136.939572204662,高山市 / 野々俣 / 林道 / 2頭 / その他
2109,2024,7,22,17,0,0,36.2037712154037,137.35628945823,高山市 / 丹生川町折敷地 / 国・県・市道 / 1頭 / 農作業
2110,2024,8,19,15,0,0,35.936991131789,136.834410485379,郡上市 / 白鳥町 / 農地 / 1頭 / 農作業
2111,2024,7,23,11,0,0,36.1737120322434,137.458936362818,高山市 / 丹生川町岩井谷 / 林道 / 1頭 / その他
2112,2024,7,27,18,0,0,36.1173607051819,137.338402096832,高山市 / 高山市岩井町 / その他 / 1頭 / その他車移動
2113,2024,7,29,5,0,0,36.1414876246576,137.298382183048,高山市 / 高山市塩屋町 / その他 / 1頭 / その他
2114,2024,7,28,7,0,0,36.203492282801,137.302600312834,高山市 / 丹生川町三之瀬 / 住宅地 / 1頭 / 自宅
2115,2024,7,28,14,0,0,35.9481883818272,137.487063606774,高山市 / 高根町日和田 / その他 / 1頭 / その他
2116,2024,7,28,16,0,0,35.9691813080045,137.531304838746,高山市 / 高根町日和田 / 国・県・市道 / 2頭 / その他車移動
2117,2024,7,29,14,0,0,35.9572167963152,137.487723632274,高山市 / 高根町日和田 / 国・県・市道 / 1頭 / その他車移動
2118,2024,7,29,16,0,0,36.0454409171077,137.525821745551,高山市 / 高根町阿多野郷 / その他 / 1頭 / 自宅
2119,2024,7,30,1,0,0,36.0939510315815,137.325728847939,高山市 / 朝日町見座 / 住宅地 / 1頭 / 自宅
2120,2024,7,30,6,0,0,36.0525604047791,137.484214895651,高山市 / 高根町池ヶ洞 / 国・県・市道 / 1頭 / その他車移動
2121,2024,7,31,8,0,0,36.0364367056768,137.490028211443,高山市 / 高根町上ヶ洞 / 国・県・市道 / 1頭 / その他車移動
2122,2024,7,31,12,0,0,36.1769639710164,137.494213155661,高山市 / 丹生川町久手 / 国・県・市道 / 1頭 / その他車移動
2123,2024,8,20,12,0,0,35.5335255620093,137.149007856886,八百津町 / 上吉田 / 農地 / 1頭 / 自宅
2124,2024,8,20,12,0,0,36.2503222653339,137.243038734687,高山市 / 上宝村 / 国・県・市道 / 1頭 / その他車移動
2125,2024,8,21,17,0,0,35.9577525284675,136.825309063934,郡上市 / 白鳥町 / 国・県・市道 / 1頭 / その他
2126,2024,8,26,19,0,0,35.3103239805213,137.442675433002,恵那市 / 明智町東方峰山 / 国・県・市道 / 1頭 / 自宅
2127,2024,8,26,0,0,0,36.4075815970051,137.301961388358,飛騨市 / 神岡町跡津川 / その他 / 1頭 / その他車移動
2128,2024,7,4,8,0,0,35.5524252000688,136.953337358957,美濃市 / 樋ヶ洞 / 国・県・市道 / 1頭 / 通勤・通学
2129,2024,8,1,18,0,0,36.1407726248283,137.29437587584,高山市 / 高山市漆垣内町 / 国・県・市道 / 1頭 / その他車移動
2130,2024,8,5,6,0,0,36.190138314771,137.256274471652,高山市 / 国府町三川 / 住宅地 / 1頭 / 自宅
2131,2024,8,5,12,0,0,36.035752263378,136.940374806698,高山市 / 荘川町野々俣 / 国・県・市道 / 1頭 / その他車移動
2132,2024,8,5,18,0,0,36.0486395211906,137.261868683156,高山市 / 久々野町無数河 / その他 / 1頭 / その他
2133,2024,8,6,7,0,0,35.9693745567616,137.520380923862,高山市 / 高根町日和田 / その他 / 1頭 / その他
2134,2024,8,6,9,0,0,36.0500745937531,137.563233143928,高山市 / 高根町野麦 / 山林 / 1頭 / その他
2135,2024,8,6,14,0,0,35.9983278681924,137.391412813634,高山市 / 朝日町胡桃島 / 国・県・市道 / 1頭 / その他車移動
2136,2024,8,7,18,0,0,35.9678650828862,137.520297968126,高山市 / 高根町留之原 / 国・県・市道 / 1頭 / その他車移動
2137,2024,8,7,12,0,0,36.1366270420727,137.265439680595,高山市 / 高山市城山 / その他 / 1頭 / 散歩
2138,2024,8,8,5,0,0,36.046840502742,136.950664739163,高山市 / 荘川町牧戸 / 住宅地 / 1頭 / 自宅
2139,2024,8,8,13,0,0,35.9671887396787,137.519459937987,高山市 / 高根町日和田 / 国・県・市道 / 1頭 / その他車移動
2140,2024,8,9,5,0,0,36.1498153214775,137.443102396574,高山市 / 丹生川町岩井谷 / 国・県・市道 / 1頭 / その他
2141,2024,8,9,10,0,0,35.968830816166,137.526709127792,高山市 / 高根町日和田 / 国・県・市道 / 2頭 / その他車移動
2142,2024,8,10,6,0,0,36.1344968843247,137.357404572219,高山市 / 高山市岩井町 / 農地 / 1頭 / 農作業
2143,2024,8,18,14,0,0,36.3924766391497,137.180876029091,飛騨市 / 宮川町戸谷 / 国・県・市道 / 1頭 / その他車移動
2144,2024,8,28,19,0,0,35.5562306742209,136.646156957603,本巣市 / 本巣町 / 山林 / 1頭 / 自宅
2145,2024,8,24,9,0,0,35.7976459737791,137.014454342049,郡上市 / 八幡町 / 山林 / 2頭 / その他
2146,2024,8,10,11,0,0,36.1798092768267,137.513501394415,高山市 / 丹生川町久手 / 林道 / 1頭 / その他車移動
2147,2024,8,17,18,0,0,36.0609453186159,137.034041999736,高山市 / 荘川町六厩 / 住宅地 / 1頭 / 自宅
2148,2024,8,20,12,0,0,36.2506644484325,137.242993671626,高山市 / 上宝町荒原 / 住宅地 / 1頭 / 自宅
2149,2024,8,21,16,0,0,36.0557458392571,137.256398528967,高山市 / 久々野町無数河 / 国・県・市道 / 1頭 / その他車移動
2150,2024,8,21,20,0,0,36.0528050656,137.249627999179,高山市 / 久々野町無数河 / 国・県・市道 / 1頭 / その他車移動
2151,2024,8,22,16,0,0,36.0499708043885,137.0335679315,高山市 / 荘川町六厩 / その他 / 1頭 / その他車移動
2152,2024,8,23,7,0,0,36.0892366698017,137.333755421869,高山市 / 朝日町甲 / 住宅地 / 1頭 / 自宅
2153,2024,8,27,12,0,0,36.1581743219032,137.276043019727,高山市 / 高山市三福寺町 / 国・県・市道 / 1頭 / その他車移動
2154,2024,8,29,8,0,0,36.2042721399976,137.323678822086,高山市 / 丹生川町大沼 / 国・県・市道 / 1頭 / 通勤・通学
2155,2024,8,29,16,0,0,36.2145547818092,137.317633529848,高山市 / 丹生川町森部 / 住宅地 / 1頭 / その他車移動
2156,2024,8,30,16,0,0,36.3161485950297,137.267140813093,飛騨市 / 神岡町堀之内 / 国・県・市道 / 1頭 / その他車移動
2157,2024,8,29,8,0,0,35.6123998603769,137.487292670032,中津川市 / 坂下 / 国・県・市道 / 1頭 / 通勤・通学
2158,2024,8,11,8,0,0,35.5765460947184,137.500244944199,中津川市 / 坂下町 / その他 / 1頭 / その他
2159,2024,8,8,8,0,0,35.5991771324325,137.472361473947,中津川市 / 福岡町 / 国・県・市道 / 1頭 / 通勤・通学
2160,2024,7,27,6,0,0,35.5892428216271,137.514715559206,中津川市 / 坂下町 / 山林 / 1頭 / その他
2161,2024,7,25,9,0,0,35.5876864960347,137.503325708986,中津川市 / 坂下町 / 山林 / 1頭 / その他車移動
2162,2024,7,24,7,0,0,35.5857047729503,137.508858835136,中津川市 / 坂下町 / 国・県・市道 / 1頭 / 通勤・通学
2163,2024,7,19,4,0,0,35.5928860860584,137.513348431439,中津川市 / 坂下町 / 国・県・市道 / 1頭 / その他車移動
2164,2024,6,2,5,0,0,35.5565081329778,137.532919199934,中津川市 / 坂下町 / 国・県・市道 / 4頭 / その他車移動
2165,2024,8,24,10,0,0,35.5929445500867,137.509453823867,中津川市 / 坂下町 / 住宅地 / 1頭 / 自宅
2166,2024,9,1,15,0,0,36.3033891241425,137.382574858625,高山市 / 上宝村 / 国・県・市道 / 1頭 / その他車移動
2167,2024,9,2,10,0,0,35.6541822763182,137.424822126746,中津川市 / 付知町 / 農地 / 1頭 / 散歩
2168,2024,9,2,8,0,0,35.6984809619911,137.426526279529,中津川市 / 付知町 / 国・県・市道 / 1頭 / その他車移動
2169,2024,9,4,10,0,0,35.3956959870927,137.427777432496,恵那市 / 岩村町飯羽間 / 山林 / 1頭 / 建設作業
2170,2024,9,4,7,0,0,36.2373077562625,137.526672319378,高山市 / 上宝村 / 農地 / 1頭 / 散歩
2171,2024,9,5,6,0,0,36.2376708978844,137.525797851949,高山市 / 上宝村 / その他 / 1頭 / 散歩
2172,2024,9,5,5,0,0,35.2720110282564,137.414875068064,恵那市 / 串原 / その他 / 1頭 / 自宅
2173,2024,9,5,13,0,0,35.4563927060465,136.444783154573,揖斐川町 / 旧春日村 / 国・県・市道 / 1頭 / その他車移動
2174,2024,9,7,22,0,0,35.639804728966,137.440407952464,中津川市 / 付知町 / 住宅地 / 1頭 / 自宅
2175,2024,9,10,14,0,0,35.2805801596653,137.370933607343,恵那市 / 明智町横通 / 国・県・市道 / 1頭 / その他
2176,2024,9,11,14,0,0,36.4122408334365,137.191005465873,飛騨市 / 宮川町杉原 / 国・県・市道 / 1頭 / 建設作業
2177,2024,7,8,16,0,0,35.9309186014193,137.443239669479,下呂市 / 小坂町 / 国・県・市道 / 1頭 / その他車移動
2178,2024,9,12,7,0,0,35.8829503272833,136.838492316831,郡上市 / 白鳥町 / その他 / 2頭 / その他車移動
2179,2024,9,13,3,0,0,35.4490221033672,136.546209724806,池田町 / 池田町 / その他 / 1頭 / その他
2180,2024,9,13,20,0,0,35.5491528061149,136.669418354804,本巣市 / 本巣町 / 国・県・市道 / 1頭 / その他車移動
2181,2024,9,16,10,0,0,36.2490261121721,137.493723825959,高山市 / 上宝村 / 農地 / 1頭 / その他車移動
2182,2024,9,17,7,0,0,36.2476628609895,137.493745970454,高山市 / 上宝村 / 農地 / 1頭 / その他車移動
2183,2024,9,18,6,0,0,35.6151152609694,136.676144736393,山県市 / 美山 / 山林 / 1頭 / その他
2184,2024,9,18,7,0,0,35.9690919922955,136.763508857221,郡上市 / 白鳥町 / 河川敷 / 1頭 / その他
2185,2024,9,4,18,0,0,36.0663067951713,137.399665569873,高山市 / 朝日町小瀬ヶ洞 / 国・県・市道 / 1頭 / その他車移動
2186,2024,9,20,3,0,0,35.4439533799176,136.569018538653,池田町 / 池田町 / 住宅地 / 1頭 / 散歩
2187,2024,9,20,18,0,0,35.6008798742119,137.505539975782,中津川市 / 旧川上村 / 国・県・市道 / 1頭 / 散歩
2188,2024,9,21,7,0,0,35.6167945440034,137.495478938226,中津川市 / 旧川上村 / 山林 / 1頭 / 自宅
2189,2024,9,20,19,0,0,35.6017562278023,137.502405089277,中津川市 / 旧川上村 / 国・県・市道 / 1頭 / その他車移動
2190,2024,9,22,9,0,0,36.2286389627809,137.530254937909,高山市 / 上宝村 / 国・県・市道 / 1頭 / その他車移動
2191,2024,9,19,13,0,0,35.4947881011033,136.675248278295,本巣市 / 本巣町 / 国・県・市道 / 1頭 / その他車移動
2192,2024,9,25,17,0,0,35.7435610721038,137.341750349008,中津川市 / 加子母小和知（(有)松橋林工）付近 / 農地 / 1頭 / 通勤・通学
2193,2024,9,25,12,0,0,36.4287443379225,137.199203611424,飛騨市 / 宮川町小豆沢 / 国・県・市道 / 1頭 / その他車移動
2194,2024,9,25,17,0,0,35.4623804335926,136.451682910341,揖斐川町 / 旧春日村 / 国・県・市道 / 2頭 / その他車移動
2195,2024,9,26,14,0,0,35.5761826627784,137.207892971238,白川町 / 白川町 / 国・県・市道 / 2頭 / 通勤・通学
2196,2024,9,26,17,0,0,36.4266836282381,137.197862378204,飛騨市 / 宮川町小豆沢 / 国・県・市道 / 1頭 / 通勤・通学
2197,2024,9,30,7,0,0,35.6009291819205,137.505287667418,中津川市 / 旧川上村 / 国・県・市道 / 1頭 / その他車移動
2198,2024,9,30,12,0,0,35.4662625940068,136.481145226898,揖斐川町 / 旧春日村 / 河川敷 / 2頭 / その他
2199,2024,9,29,13,0,0,35.5562113782964,136.506573550329,揖斐川町 / 久瀬村 / 国・県・市道 / 1頭 / その他車移動
2200,2024,9,30,6,0,0,35.5564446172654,136.501856136189,揖斐川町 / 久瀬村 / 住宅地 / 1頭 / 自宅
2201,2024,9,26,16,0,0,35.6073847563851,136.405115441032,揖斐川町 / 坂内村 / 住宅地 / 2頭 / その他
2202,2024,9,26,16,0,0,35.5945721930122,136.42686235301,揖斐川町 / 坂内村 / その他 / 1頭 / その他
2203,2024,9,27,8,0,0,35.594604102679,136.426921375465,揖斐川町 / 坂内村 / その他 / 1頭 / 建設作業
2204,2024,9,30,14,0,0,35.5530115941199,136.647717837548,本巣市 / 本巣町 / 国・県・市道 / 1頭 / その他
2205,2024,10,1,7,0,0,35.4505724498219,136.549460367924,池田町 / 池田町 / 国・県・市道 / 1頭 / 散歩
2206,2024,9,6,8,0,0,35.9853568691547,137.016102017497,高山市 / 荘川町寺河戸 / 林道 / 1頭 / その他
2207,2024,9,6,18,0,0,36.0470572628874,137.440808435706,高山市 / 高根町中洞 / その他 / 1頭 / その他
2208,2024,9,8,18,0,0,36.1338858419848,137.22946964628,高山市 / 高山市上岡本町２丁目 / 住宅地 / 1頭 / 自宅
2209,2024,9,9,10,0,0,36.0859568592058,137.30133159743,高山市 / 久々野町小屋名 / 農地 / 1頭 / その他車移動
2210,2024,9,14,8,0,0,36.1780148961726,137.559236055146,高山市 / 奥飛騨温泉郷平湯 / その他 / 1頭 / その他
2211,2024,9,14,10,0,0,35.9783158242314,137.356683721311,高山市 / 朝日町西洞 / その他 / 1頭 / その他
2212,2024,9,17,7,0,0,36.1706234438941,137.344309988787,高山市 / 丹生川町大谷 / 住宅地 / 1頭 / 自宅
2213,2024,9,18,7,0,0,36.1750824773891,137.392517572687,高山市 / 丹生川町小野 / 国・県・市道 / 1頭 / その他車移動
2214,2024,9,19,7,0,0,36.2078517031575,137.226009795677,高山市 / 国府町広瀬 / 住宅地 / 1頭 / 自宅
2215,2024,9,24,22,0,0,36.1348214574094,137.2315780034,高山市 / 高山市上岡本町２丁目 / 住宅地 / 1頭 / 自宅
2216,2024,9,29,15,0,0,36.120228980152,137.28025098074,高山市 / 高山市江名子町 / 国・県・市道 / 1頭 / 農作業
2217,2024,10,2,16,0,0,35.5539851090388,136.506337083453,揖斐川町 / 久瀬村 / その他 / 1頭 / 通勤・通学
2218,2024,10,2,12,0,0,35.585615478553,136.503818794204,揖斐川町 / 久瀬村 / 登山道 / 1頭 / 登山
2219,2024,10,3,10,0,0,35.5415185085399,136.724944807463,山県市 / 伊自良 / 国・県・市道 / 1頭 / その他
2220,2024,10,4,12,0,0,35.6031406546517,136.626004862091,本巣市 / 根尾村 / 山林 / 1頭 / その他車移動
2221,2024,10,6,6,0,0,35.5810242127845,136.45709661175,揖斐川町 / 藤橋村 / 住宅地 / 1頭 / 自宅
2222,2024,10,5,19,0,0,35.5729004238946,136.477997190476,揖斐川町 / 久瀬村 / 住宅地 / 1頭 / その他車移動
2223,2024,9,7,17,0,0,35.9133687465684,137.135333624318,下呂市 / 馬瀬村 / その他 / 1頭 / その他
2224,2024,9,27,16,0,0,35.7752206267019,137.25409766914,下呂市 / 下呂町 / 国・県・市道 / 1頭 / その他車移動
2225,2024,10,7,9,0,0,35.6526055553397,137.133185943784,下呂市 / 金山町 / 国・県・市道 / 1頭 / その他
2226,2024,10,7,10,0,0,35.5828007650541,136.631197996242,本巣市 / 本巣町 / その他 / 1頭 / その他車移動
2227,2024,10,7,7,0,0,35.5294151815398,136.644738995896,揖斐川町 / 谷汲村 / 住宅地 / 1頭 / 散歩
2228,2024,10,8,2,0,0,35.628261249886,137.502395754233,中津川市 / 旧川上村 / 国・県・市道 / 1頭 / その他車移動
2229,2024,10,7,9,0,0,36.2624482605639,137.562727879244,高山市 / 上宝村 / 国・県・市道 / 1頭 / その他車移動
2230,2024,10,3,11,0,0,35.6093720784315,136.781529489816,山県市 / 美山 / 登山道 / 1頭 / 登山
2231,2024,10,9,20,0,0,35.5560607410789,136.509525408743,揖斐川町 / 久瀬村 / 山林 / 1頭 / 自宅
2232,2024,10,10,10,0,0,35.6501938296392,137.465667968655,中津川市 / 付知町 / 山林 / 1頭 / 散歩
2233,2024,10,9,17,0,0,35.4286025789798,136.555230767476,池田町 / 池田町 / 国・県・市道 / 1頭 / 農作業
2234,2024,10,10,10,0,0,35.5802472543021,136.457606875239,揖斐川町 / 藤橋 / 住宅地 / 1頭 / その他
2235,2024,10,10,9,0,0,35.5839169965205,136.458578626075,揖斐川町 / 藤橋村 / 国・県・市道 / 1頭 / その他車移動
2236,2024,10,10,14,0,0,35.4732685063885,137.322598145824,恵那市 / 武並町 / その他 / 1頭 / その他
2237,2024,10,10,10,0,0,35.5473541009273,136.66876495726,本巣市 / 本巣町 / 山林 / 2頭 / その他車移動
2238,2024,10,11,13,0,0,35.5615003670263,136.637111119878,揖斐川町 / 谷汲村 / 国・県・市道 / 1頭 / その他車移動
2239,2024,10,11,11,0,0,35.5058998154194,136.533781801948,揖斐川町 / 揖斐川町 / 山林 / 1頭 / その他車移動
2240,2024,10,13,8,0,0,35.5557634411202,136.505480741765,揖斐川町 / 久瀬村 / 河川敷 / 1頭 / その他
2241,2024,10,5,15,0,0,35.4196186418679,137.461122800551,中津川市 / 阿木 / 河川敷 / 1頭 / その他
2242,2024,9,10,3,0,0,35.3924487222233,137.48576216557,中津川市 / 阿木 / 山林 / 1頭 / 自宅
2243,2024,7,29,7,0,0,35.4182714379347,137.484532307775,中津川市 / 阿木村 / 山林 / 1頭 / その他
2244,2024,7,23,8,0,0,35.4434271987049,137.494714115979,中津川市 / 阿木 / その他 / 1頭 / その他車移動
2245,2024,10,11,11,0,0,36.3477835083567,137.187657950585,飛騨市 / 宮川町種蔵 / 山林 / 1頭 / その他車移動
2246,2024,10,12,23,0,0,35.266898808094,137.191156595841,土岐市 / 土岐市 / 農地 / 1頭 / 農作業
2247,2024,10,13,6,0,0,35.4515770577954,136.543786697843,池田町 / 池田町 / 国・県・市道 / 1頭 / 農作業
2248,2024,10,15,9,0,0,35.4333859689663,136.558820935855,池田町 / 池田町 / その他 / 1頭 / その他
2249,2024,10,15,12,0,0,35.4324011482864,136.553018731508,池田町 / 池田町 / 農地 / 1頭 / 農作業
2250,2024,10,17,13,0,0,35.4818773519756,136.534743066514,揖斐川町 / 揖斐川町 / 山林 / 1頭 / その他車移動
2251,2024,10,17,15,0,0,35.5976325988562,136.804543581269,関市 / 洞戸村 / 住宅地 / 2頭 / 自宅
2252,2024,10,17,15,0,0,35.5191093409488,136.984430344048,関市 / 関市 / その他 / 1頭 / その他
2253,2024,10,16,19,0,0,35.4284609692958,136.55540041042,池田町 / 池田町 / 国・県・市道 / 1頭 / 農作業
2254,2024,10,17,9,0,0,35.4324672797311,136.553214930531,池田町 / 池田町 / 農地 / 1頭 / 農作業
2255,2024,10,16,18,0,0,35.424662971809,136.558113972845,池田町 / 池田町 / 国・県・市道 / 1頭 / その他車移動
2256,2024,10,18,10,0,0,35.4500820668385,136.54974157558,池田町 / 池田町 / 農地 / 1頭 / 農作業
2257,2024,10,19,6,0,0,35.4519168115093,136.549084304893,池田町 / 池田町 / 国・県・市道 / 1頭 / 散歩
2258,2024,10,19,18,0,0,35.4301059730176,136.55606115758,池田町 / 池田町 / 住宅地 / 1頭 / 散歩
2259,2024,10,17,5,0,0,35.5527154173153,136.724640009623,山県市 / 伊自良村 / 住宅地 / 1頭 / 自宅
2260,2024,10,16,7,0,0,35.5542838834662,136.741285527554,山県市 / 高富町 / その他 / 2頭 / 自宅
2261,2024,10,21,7,0,0,36.3388621367515,137.164940632652,飛騨市 / 宮川町丸山 / その他 / 1頭 / その他
2262,2024,10,21,17,0,0,35.4527329272511,136.550036481887,池田町 / 池田町 / 住宅地 / 2頭 / 通勤・通学
2263,2024,10,22,6,0,0,35.4120922013618,136.559192697603,池田町 / 池田町 / 国・県・市道 / 1頭 / 通勤・通学
2264,2024,10,22,7,0,0,35.4474453472157,136.553270178941,池田町 / 池田町 / 住宅地 / 1頭 / 散歩
2265,2024,10,20,20,0,0,35.5333867824169,137.214163678168,八百津町 / 福地 / 国・県・市道 / 1頭 / 通勤・通学
2266,2024,10,18,8,0,0,35.5974634333888,136.420449526049,揖斐川町 / 坂内村 / 山林 / 1頭 / 散歩
2267,2024,10,23,10,0,0,35.4692840444729,137.169521030754,八百津町 / 八百津 / 国・県・市道 / 1頭 / 建設作業
2268,2024,10,4,5,0,0,35.5538459322961,136.505869102512,揖斐川町 / 久瀬村 / その他 / 1頭 / その他
2269,2024,10,7,17,0,0,35.5961693660341,136.434257485115,揖斐川町 / 坂内村 / 山林 / 1頭 / その他車移動
2270,2024,10,8,14,0,0,35.5926247799104,136.432220662134,揖斐川町 / 坂内村 / 山林 / 1頭 / 建設作業
2271,2024,10,9,7,0,0,35.5926033393117,136.432400181363,揖斐川町 / 坂内村 / 山林 / 1頭 / 建設作業
2272,2024,10,9,15,0,0,35.5934263282809,136.427135678258,揖斐川町 / 坂内村 / 住宅地 / 1頭 / その他
2273,2024,10,14,19,0,0,35.534041827476,136.642988052102,揖斐川町 / 谷汲村 / 国・県・市道 / 2頭 / その他車移動
2274,2024,10,17,12,0,0,35.5571012059855,136.506626230814,揖斐川町 / 久瀬村 / 山林 / 1頭 / その他
2275,2024,10,24,16,0,0,35.5580947914614,136.508243722009,揖斐川町 / 久瀬村 / 山林 / 1頭 / その他車移動
2276,2024,10,29,17,0,0,35.4837288253174,136.534791936418,揖斐川町 / 揖斐川町 / その他 / 1頭 / 通勤・通学
2277,2024,10,29,10,0,0,35.8366270384209,137.228598392853,下呂市 / 萩原町 / その他 / 1頭 / その他
2278,2024,10,31,0,0,0,35.3937833076255,137.394941184754,恵那市 / 山岡町久保原 / 国・県・市道 / 1頭 / その他車移動
2279,2024,10,1,7,0,0,36.0211689726701,136.917517066753,高山市 / 荘川町野々俣 / 国・県・市道 / 1頭 / その他車移動
2280,2024,10,31,2,0,0,35.5626688966017,136.725955416291,山県市 / 伊自良村 / 農地 / 1頭 / 農作業
2281,2024,10,1,14,0,0,36.1363356500083,137.265351753177,高山市 / 高山市春日町 / その他 / 1頭 / 散歩
2282,2024,10,12,5,0,0,35.4414560074075,137.409371525413,恵那市 / 長島町 / 住宅地 / 1頭 / その他車移動
2283,2024,10,2,6,0,0,36.1324408162606,137.223042374793,高山市 / 高山市新宮町 / 国・県・市道 / 1頭 / その他車移動
2284,2024,10,9,16,0,0,36.1337320050282,137.265476976264,高山市 / 高山市江名子町 / 国・県・市道 / 1頭 / その他
2285,2024,10,11,17,0,0,36.1215538109816,137.183854837063,高山市 / 高山市清見町三日町 / その他 / 1頭 / その他
2286,2024,10,25,14,0,0,36.2801890554934,137.382451881662,高山市 / 高山市上宝町新田 / 農地 / 1頭 / その他
2287,2024,10,2,20,0,0,35.4201054707707,136.563663893688,池田町 / 池田町 / 山林 / 1頭 / その他車移動
2288,2024,10,22,19,0,0,35.4519360596779,136.548740101015,池田町 / 池田町 / 農地 / 1頭 / 農作業
2289,2024,10,26,19,0,0,35.4543377926065,136.541970706876,池田町 / 池田町 / 国・県・市道 / 1頭 / その他車移動
2290,2024,10,29,8,0,0,35.4544158986424,136.543021487995,池田町 / 池田町 / 農地 / 1頭 / 散歩
2291,2024,11,3,16,0,0,35.4814762588892,136.531847208708,揖斐川町 / 揖斐川町 / 農地 / 1頭 / その他車移動
2292,2024,11,5,14,0,0,35.5558202146849,136.505817734171,揖斐川町 / 久瀬村 / 国・県・市道 / 1頭 / その他
2293,2024,11,7,7,0,0,35.2838948488802,137.439991926814,恵那市 / 串原 / 国・県・市道 / 1頭 / 散歩
2294,2024,11,7,19,0,0,35.295086171683,137.422358502261,恵那市 / 明智町東方高波 / 国・県・市道 / 1頭 / その他車移動
2295,2024,11,8,14,0,0,35.6391772419389,136.485509368146,揖斐川町 / 藤橋村 / 国・県・市道 / 1頭 / その他
2296,2024,11,8,15,0,0,36.306052181342,137.098639564655,飛騨市 / 河合村 / 山林 / 1頭 / 散歩
2297,2024,11,8,18,0,0,35.5222839857213,136.602442800346,揖斐川町 / 谷汲村 / 国・県・市道 / 1頭 / その他車移動
2298,2024,11,5,13,0,0,35.48187798261,136.533895191598,揖斐川町 / 揖斐川町 / 山林 / 1頭 / その他
2299,2024,11,9,17,0,0,35.521162395003,136.605716989285,揖斐川町 / 谷汲村 / 国・県・市道 / 1頭 / その他車移動
2300,2024,11,13,20,0,0,35.5112240526537,136.657645659326,本巣市 / 本巣町 / 国・県・市道 / 1頭 / その他車移動
2301,2024,10,9,7,0,0,35.5327956819832,136.512414857424,揖斐川町 / 久瀬村 / 国・県・市道 / 1頭 / その他
2302,2024,11,14,16,0,0,35.5272208447405,136.604998059873,揖斐川町 / 谷汲村 / 国・県・市道 / 1頭 / その他
2303,2024,11,17,10,0,0,35.4866995743996,136.527323364824,揖斐川町 / 揖斐川町 / 山林 / 1頭 / 散歩
2304,2024,11,13,10,0,0,35.6458725606579,137.230138605354,白川町 / 白川町 / 山林 / 1頭 / 林業作業
2305,2024,11,20,15,0,0,35.9658738745097,136.809250180046,郡上市 / 白鳥町 / 山林 / 1頭 / その他
2306,2024,11,20,15,0,0,35.5208968042443,137.383149663378,中津川市 / 蛭川村 / 住宅地 / 1頭 / 自宅
2307,2024,11,20,17,0,0,35.545091821558,136.552765404393,揖斐川町 / 谷汲村 / 国・県・市道 / 1頭 / その他車移動
2308,2024,10,28,11,0,0,36.3350244853038,137.301061527878,飛騨市 / 神岡町東町 / 山林 / 1頭 / その他
2309,2024,11,2,17,0,0,36.2856684499283,137.251946124791,飛騨市 / 神岡町山田 / 国・県・市道 / 1頭 / 通勤・通学
2310,2024,6,10,17,0,0,36.3036548796711,137.110720919347,飛騨市 / 吉城郡河合村 / 国・県・市道 / 1頭 / その他車移動
2311,2024,6,10,14,0,0,36.303623355973,137.110765481526,飛騨市 / 吉城郡河合村 / 国・県・市道 / 1頭 / その他車移動
2312,2024,6,11,18,0,0,36.2986555395953,137.114261003259,飛騨市 / 吉城郡河合村 / 国・県・市道 / 1頭 / その他車移動
2313,2024,11,15,15,0,0,35.5959103586787,136.794854540858,関市 / 洞戸村 / 国・県・市道 / 1頭 / その他車移動
2314,2024,6,27,18,0,0,36.2643242233848,137.100844783605,飛騨市 / 吉城郡河合村 / 山林 / 1頭 / その他車移動
2315,2024,6,27,11,0,0,36.3022948995088,137.111540296608,飛騨市 / 吉城郡河合村 / 山林 / 1頭 / その他車移動
2316,2024,6,27,8,0,0,36.3015594913757,137.104082731331,飛騨市 / 吉城郡河合村 / 国・県・市道 / 1頭 / その他車移動
2317,2024,6,27,14,0,0,36.3039009568707,137.107633933926,飛騨市 / 吉城郡河合村 / 農地 / 1頭 / その他車移動
2318,2024,6,19,7,0,0,36.2549103637529,137.095091918204,飛騨市 / 吉城郡河合村 / 山林 / 1頭 / その他車移動
2319,2024,6,28,17,0,0,36.3034330933596,137.101085254835,飛騨市 / 吉城郡河合村 / 山林 / 1頭 / その他
2320,2024,9,18,7,0,0,36.298814894793,137.10056235494,飛騨市 / 飛騨市河合振興事務所 / 山林 / 1頭 / その他車移動
2321,2024,11,22,11,0,0,35.5451403779664,136.642274809905,本巣市 / 本巣町 / その他 / 1頭 / その他
2322,2024,11,20,8,0,0,35.3859312440002,137.099744991936,可児市 / 可児市 / その他 / 1頭 / 散歩
2323,2024,11,23,19,0,0,35.5222467518843,136.602672534565,揖斐川町 / 谷汲村 / 国・県・市道 / 1頭 / その他車移動
2324,2024,11,23,14,0,0,36.2659416216686,137.137058444174,飛騨市 / 古川町 / 河川敷 / 3頭 / その他
2325,2024,10,9,17,0,0,36.2638074907109,137.200644290417,飛騨市 / 古川町 / 国・県・市道 / 1頭 / その他車移動
2326,2024,11,26,1,0,0,35.5602629435775,136.502145179784,揖斐川町 / 久瀬村 / 国・県・市道 / 1頭 / その他車移動
2327,2024,12,4,6,0,0,35.5541787263507,136.706576301879,山県市 / 伊自良村 / その他 / 1頭 / その他
2328,2024,5,9,12,0,0,35.6459306870558,137.326586351207,東白川村 / 無 / 山林 / 1頭 / その他車移動
2329,2024,6,14,18,0,0,35.6490587779499,137.381053321522,東白川村 / 無 / その他 / 1頭 / 通勤・通学
2330,2024,7,22,11,0,0,35.6211409502262,137.307755433347,東白川村 / 無 / 山林 / 1頭 / 通勤・通学
2331,2024,12,4,20,0,0,35.4643973630991,136.690642098734,本巣市 / 糸貫町 / 山林 / 1頭 / その他
2332,2024,4,2,17,0,0,35.4727378344552,137.408949342398,恵那市 / 大井町 / 国・県・市道 / 1頭 / その他車移動
2333,2024,12,12,20,0,0,36.3023850231048,137.111531185842,飛騨市 / 吉城郡河合村 / 山林 / 1頭 / その他車移動
2334,2024,12,11,7,0,0,35.467045540781,136.456934435228,揖斐川町 / 旧春日村 / 住宅地 / 1頭 / 自宅
2335,2024,12,14,18,0,0,35.5311828161137,136.668113742559,本巣市 / 本巣町 / 国・県・市道 / 1頭 / 通勤・通学
2336,2024,9,1,16,0,0,35.6069291648713,136.910244627662,美濃市 / 片知 / 国・県・市道 / 1頭 / 散歩
2337,2024,12,18,10,0,0,35.6375483662047,136.477440806402,揖斐川町 / 藤橋村 / 国・県・市道 / 1頭 / その他
2338,2024,12,20,14,0,0,35.5334178467819,136.794779414841,山県市 / 高富町 / 国・県・市道 / 1頭 / その他車移動
2339,2024,12,29,11,0,0,35.7988633157513,137.25917427191,下呂市 / 旧下呂町 / 山林 / 1頭 / 通勤・通学
2340,2025,1,4,11,0,0,35.6559129891183,137.422411767287,中津川市 / 付知町 / 林道 / 1頭 / その他車移動
2341,2024,12,29,11,0,0,35.7990436462929,137.259826568796,下呂市 / 下呂町 / 国・県・市道 / 1頭 / その他
2342,2025,1,16,14,0,0,35.463659737371,137.238815320223,八百津町 / 潮南 / 国・県・市道 / 1頭 / その他車移動
2343,2025,1,16,9,0,0,36.3069970623371,137.292148442965,飛騨市 / 神岡町吉田 / 国・県・市道 / 1頭 / 散歩
2344,2025,1,28,8,0,0,35.5617700198956,136.8319243738,関市 / 武芸川町 / 国・県・市道 / 1頭 / 通勤・通学
2345,2025,1,30,14,0,0,35.5164654580693,136.645605652077,揖斐川町 / 谷汲村 / 国・県・市道 / 1頭 / その他車移動
2346,2025,2,9,16,0,0,35.7909388873481,137.270700963853,下呂市 / 旧下呂町 / 山林 / 1頭 / その他車移動
2347,2025,2,12,12,0,0,35.7882289983396,137.27092214232,下呂市 / 旧下呂町 / 山林 / 1頭 / 林業作業
2348,2025,2,24,8,0,0,35.809177079973,137.23563339513,下呂市 / 旧下呂町 / その他 / 3頭 / 散歩
2349,2025,2,26,8,0,0,35.5837626335294,137.266149935281,白川町 / 白川町 / 国・県・市道 / 1頭 / 通勤・通学
2350,2023,4,18,7,0,0,36.1866921159155,136.897857098533,白川村 / 国・県・市道 / 3頭 / 通勤・通学
2351,2023,4,18,10,0,0,36.3006170761279,137.078982145811,飛騨市 / 河合町有家 / 河川敷 / 2頭
2352,2023,4,23,13,0,0,35.7592721071505,137.302772243236,下呂市 / 国・県・市道 / 1頭
2353,2023,4,22,6,0,0,35.5794593372093,137.187904788528,白川町 / 登山道 / 1頭
2354,2023,4,25,5,0,0,35.6010264734229,137.204886325445,白川町 / 山林 / 1頭 / 散歩
2355,2023,4,12,12,0,0,35.5819728253297,137.453720149037,中津川市 / 福岡 / 1頭
2356,2023,5,1,13,0,0,35.5439357161925,137.543774426649,中津川市 / 山口村 / 国・県・市道 / 1頭 / 通勤・通学
2357,2023,5,9,14,0,0,35.7469095499626,137.209247052262,下呂市 / 1頭
2358,2023,4,18,11,0,0,35.8683307378149,136.943588797071,郡上市 / 大和町母袋 / 山林 / 1頭
2359,2023,5,18,7,0,0,35.6566103048396,137.038208087643,郡上市 / 八幡町　小那比 / 国・県・市道 / 1頭 / その他
2360,2023,5,18,7,0,0,36.311973401239,137.304937720816,飛騨市 / 神岡町小萱　飛騨神岡高校 青雲寮付近 / 国・県・市道 / 1頭 / その他車移動
2361,2023,5,18,2,0,0,35.7897490841284,137.014073124477,郡上市 / 八幡町市島 / 国・県・市道 / 1頭 / その他
2362,2023,5,17,18,0,0,36.2442607839564,137.04865071257,飛騨市 / 河合町稲越 / 山林 / 1頭
2363,2023,5,18,9,0,0,35.6820457113576,137.419636355964,中津川市 / 旧付知町 / 山林 / 1頭 / その他車移動
2364,2023,5,11,7,0,0,35.6413091393164,137.03377259796,関市 / 上之保 / 住宅地 / 1頭 / 自宅
2365,2023,5,11,7,0,0,35.6366986560826,137.036305988777,関市 / 上之保 / 住宅地 / 1頭 / 自宅
2366,2023,5,11,8,0,0,35.6321158289858,137.06270468147,関市 / 上之保 / 林道 / 1頭 / その他車移動
2367,2023,5,11,9,0,0,35.6250593820796,137.06469480948,関市 / 上之保 / 国・県・市道 / 1頭 / 散歩
2368,2023,5,16,6,0,0,35.6420160533512,137.062354385678,関市 / 上之保 / 国・県・市道 / 1頭 / 散歩
2369,2023,5,3,9,0,0,35.6977220611526,137.44103303332,中津川市 / 旧付知町 / 山林 / 1頭
2370,2023,5,24,8,0,0,36.3127308939242,137.305060856355,飛騨市 / 神岡町小萱　飛騨神岡高校 青雲寮付近 / 国・県・市道 / 1頭 / その他車移動
2371,2023,5,24,11,0,0,36.3134553521918,137.257416247762,飛騨市 / 神岡町伏方 / 国・県・市道 / 1頭 / その他車移動
2372,2023,5,24,9,0,0,35.579493221264,137.200017817363,白川町 / 山林 / 1頭 / その他車移動
2373,2023,5,21,20,0,0,35.5763636495487,137.251824941811,白川町 / 山林 / 1頭 / 通勤・通学
2374,2023,5,24,10,0,0,35.6507353426461,137.465858304675,中津川市 / 旧付知町 / 山林 / 1頭 / その他車移動
2375,2023,5,25,12,0,0,35.6339115458175,137.435618648555,中津川市 / 旧付知町 / 山林 / 1頭 / その他車移動
2376,2023,5,25,17,0,0,35.2577544969724,137.39506787969,恵那市 / 串原 / 山林 / 1頭 / 自宅
2377,2023,5,27,15,0,0,35.6019891929233,137.214595763759,白川町 / 山林 / 1頭 / その他車移動
2378,2023,5,26,6,0,0,36.2636263269027,137.139469152385,飛騨市 / 古川町谷地内　鷹狩橋付近 / 国・県・市道 / 1頭 / その他車移動
2379,2023,5,27,12,0,0,36.2302852689366,137.17918342588,飛騨市 / 古川町高野地内　県道90号古川清見線　百足城跡付近 / 国・県・市道 / 1頭 / その他車移動
2380,2023,5,30,12,0,0,35.6366195895623,137.43258783154,中津川市 / 旧付知町 / 林道 / 1頭 / その他車移動
2381,2023,5,31,7,0,0,36.3056921527306,137.28434746701,飛騨市 / 神岡町吉田 / 農地 / 1頭 / 農作業
2382,2023,5,31,13,0,0,35.511838310545,136.85586104968,関市 / 武芸川町 / 国・県・市道 / 1頭 / その他車移動
2383,2023,5,6,16,0,0,35.8104810142691,137.247761661393,下呂市 / 山林 / 1頭 / その他
2384,2023,5,29,5,0,0,35.7338425170954,137.202638878105,下呂市 / 山林 / 1頭 / 通勤・通学
2385,2023,5,29,16,0,0,35.8087465265392,137.250961256657,下呂市 / 山林 / 1頭 / 自宅
2386,2023,5,30,14,0,0,35.9263260764456,137.229382825976,下呂市 / その他 / 1頭 / その他
2387,2023,5,30,16,0,0,35.9262977973262,137.229597513071,下呂市 / その他 / 1頭 / その他
2388,2023,5,31,14,0,0,36.2542990969917,136.895003520213,白川村 / 国・県・市道 / 1頭 / 通勤・通学
2389,2023,5,30,14,0,0,35.9796819506822,137.288849297672,下呂市 / 山林 / 1頭 / その他
2390,2023,6,5,9,0,0,36.3601691928541,136.872670908936,白川村 / 農地 / 1頭 / その他
2391,2023,6,5,13,0,0,35.63871271314,136.488841576058,揖斐川町 / 藤橋村 / 国・県・市道 / 1頭 / その他
2392,2023,6,5,5,0,0,36.3053580608301,137.084094798638,飛騨市 / 河合町中澤上 / 山林 / 2頭 / その他
2393,2023,6,6,17,0,0,36.3365318956523,137.157310284176,飛騨市 / 宮川町西忍 / 国・県・市道 / 2頭 / 通勤・通学
2394,2023,6,4,16,0,0,36.3973875162457,137.284746376986,飛騨市 / 神岡町西漆山　レールマウンテンバイク沿線 / 山林 / 1頭 / その他
2395,2023,6,7,7,0,0,36.3377381177302,137.297850201786,飛騨市 / 神岡町東町　東町発電所付近 / 国・県・市道 / 1頭 / 散歩
2396,2023,6,3,15,0,0,35.5865765961711,137.101701569006,七宗町 / 林道 / 1頭 / 山菜採取
2397,2023,6,7,14,0,0,36.3179877342948,137.302357043412,飛騨市 / 神岡町釜崎地内　釜崎屋内ゲートボール場付近 / 国・県・市道 / 1頭 / その他車移動
2398,2023,6,7,10,0,0,35.6001871034855,136.629422464528,本巣市 / 根尾村 / 国・県・市道 / 1頭 / その他
2399,2023,6,6,19,0,0,35.4744263033422,136.532268929891,揖斐川町 / 揖斐川町 / 農地 / 1頭 / 自宅
2400,2023,6,7,11,0,0,35.6382059873964,136.489894809225,揖斐川町 / 藤橋村 / 河川敷 / 1頭 / その他
2401,2023,6,9,2,0,0,35.6453226916165,137.421232237712,中津川市 / 旧付知町 / その他 / 1頭 / 自宅
2402,2023,6,9,13,0,0,35.6394437777129,136.486613242892,揖斐川町 / 藤橋村 / 山林 / 1頭 / その他車移動
2403,2023,6,9,11,0,0,36.2345677841709,137.176221497327,飛騨市 / 古川町高野地内　古川消防署裏付近 / 農地 / 1頭 / 農作業
2404,2023,6,11,15,0,0,35.6434495283479,137.417742385912,中津川市 / 旧付知町 / 山林 / 1頭 / 自宅
2405,2023,6,9,17,0,0,36.2631752017841,137.56705091174,高山市 / 上宝村 / 山林 / 3頭 / 自宅
2406,2023,6,12,9,0,0,36.2312172480037,137.179966743664,飛騨市 / 古川町高野地内　吉城自動車の裏山付近 / 山林 / 1頭
2407,2023,6,10,16,0,0,35.6240123658809,137.26867007425,東白川村 / 山林 / 1頭 / 林業作業
2408,2023,6,10,8,0,0,35.6384275866856,136.488428542056,揖斐川町 / 藤橋村 / その他 / 1頭 / その他車移動
2409,2023,6,13,8,0,0,35.6555747536278,137.416363888154,中津川市 / 旧付知町 / 山林 / 1頭 / 自宅
2410,2023,6,13,19,0,0,36.3054427656791,137.280112260054,飛騨市 / 神岡町吉田地内 / 国・県・市道 / 1頭 / その他車移動
2411,2023,6,1,6,0,0,36.2371613105298,137.526866926551,高山市 / 上宝村 / 住宅地 / 2頭 / 自宅
2412,2023,4,24,18,0,0,36.2567049985309,137.100780157503,飛騨市 / 河合町稲越 / 山林 / 2頭 / その他
2413,2023,6,13,18,0,0,36.2558151808267,137.101142572091,飛騨市 / 河合町稲越 / 山林 / 2頭
2414,2023,6,14,11,0,0,36.2297854450483,137.180919463348,飛騨市 / 古川町高野地内　百足城跡付近 / 山林 / 1頭 / その他車移動
2415,2023,6,14,17,0,0,36.2555072680115,137.132254072147,飛騨市 / 古川町信包地内　森林公園付近 / 国・県・市道 / 1頭 / その他車移動
2416,2023,6,8,9,0,0,36.4014235231288,137.287525729525,飛騨市 / 神岡町西漆山 / その他 / 1頭 / その他
2417,2023,6,12,12,0,0,36.3947288471503,137.278834003702,飛騨市 / 神岡町西漆山　レールマウンテンバイク沿線 / その他 / 1頭 / その他
2418,2023,6,15,12,0,0,36.233713299957,137.176308852835,飛騨市 / 古川町高野地内　古川消防署裏　付近 / 住宅地 / 1頭 / その他
2419,2023,6,17,10,0,0,36.2295601823534,137.180425778931,飛騨市 / 古川町高野地内　百足城跡付近 / 山林 / 1頭 / 農作業
2420,2023,6,17,13,0,0,36.2296391561197,137.179466312923,飛騨市 / 古川町高野地内　薪ストーブのBee付近 / 住宅地 / 1頭 / 自宅
2421,2023,6,17,9,0,0,36.2290406786489,137.181513092424,飛騨市 / 古川町高野地内　新蛤橋周辺　消防器具庫付近 / 国・県・市道 / 1頭 / 自宅
2422,2023,6,17,12,0,0,36.2289989566226,137.181800926244,飛騨市 / 古川町高野地内　新蛤橋周辺　消防器具庫付近 / 住宅地 / 1頭 / 自宅
2423,2023,6,19,19,0,0,35.5973088296918,137.203029100655,白川町 / 林道 / 1頭 / 自宅
2424,2023,6,18,15,0,0,36.2619551593167,136.905994644386,白川村 / 住宅地 / 1頭 / 自宅
2425,2023,6,18,19,0,0,36.1683951071627,136.905410953588,白川村 / 山林 / 1頭 / 散歩
2426,2023,6,19,19,0,0,36.1661460370258,136.903200902468,白川村 / 住宅地 / 1頭 / 通勤・通学
2427,2023,6,19,9,0,0,35.6487087531222,137.427680491534,中津川市 / 旧付知町 / その他 / 1頭 / 自宅
2428,2023,6,18,17,0,0,36.2651233614766,137.562570145214,高山市 / 上宝村 / 国・県・市道 / 2頭 / その他車移動
2429,2023,6,16,11,0,0,36.2597796690071,137.434831540737,高山市 / 上宝村 / 国・県・市道 / 2頭 / その他車移動
2430,2023,6,16,15,0,0,36.2595762575857,137.435109060301,高山市 / 上宝村 / 国・県・市道 / 1頭 / その他車移動
2431,2023,6,15,14,0,0,36.2599601737921,137.434720870627,高山市 / 上宝村 / 国・県・市道 / 1頭 / その他車移動
2432,2023,5,26,10,0,0,36.2479907908324,137.540451777958,高山市 / 上宝町 / 国・県・市道 / 1頭 / その他車移動
2433,2023,6,18,11,0,0,36.2807123111374,137.380118429195,高山市 / 上宝村 / 国・県・市道 / 1頭 / その他
2434,2023,5,27,16,0,0,36.282327954036,137.3112411548,高山市 / 上宝村 / 農地 / 1頭 / 農作業
2435,2023,6,20,10,0,0,36.223532058096,137.185652816234,飛騨市 / 古川町高野地内　県道471号谷高山線　吉城コンポ付近 / 国・県・市道 / 1頭 / その他車移動
2436,2023,6,16,16,0,0,36.2999110394472,137.306780101921,飛騨市 / 神岡町小萱　小萱薬師堂付近 / 農地 / 1頭 / その他
2437,2023,6,18,6,0,0,36.3032855074611,137.305065093244,飛騨市 / 神岡町小萱 / その他 / 1頭 / その他車移動
2438,2023,6,18,19,0,0,36.307536757893,137.252108944997,飛騨市 / 神岡町伏方 / 国・県・市道 / 1頭 / その他車移動
2439,2023,6,19,6,0,0,36.3348749367947,137.301850698024,飛騨市 / 神岡町東町　東町白山神社付近 / 住宅地 / 1頭 / 散歩
2440,2023,6,16,10,0,0,35.5336332543721,136.628750187564,揖斐川町 / 谷汲村 / 農地 / 1頭
2441,2023,6,17,14,0,0,35.492597753695,136.448020346715,揖斐川町 / 春日村 / 農地 / 1頭 / 散歩
2442,2023,6,18,17,0,0,35.4736357923362,136.518036388659,揖斐川町 / 春日村 / 国・県・市道 / 1頭 / その他車移動
2443,2023,6,21,6,0,0,36.2286913888903,137.181817555004,飛騨市 / 古川町高野地内　新蛤橋　消防器具庫付近 / 国・県・市道 / 1頭 / 自宅
2444,2023,6,21,12,0,0,36.3431949051998,137.179486600059,飛騨市 / 宮川町三川原 / その他 / 2頭 / その他車移動
2445,2023,6,21,8,0,0,36.3891231254688,137.182681997237,飛騨市 / 宮川町塩屋 / 農地 / 1頭 / その他車移動
2446,2023,6,21,9,0,0,36.2684196606914,137.413070974515,高山市 / 上宝村 / 国・県・市道 / 1頭 / その他車移動
2447,2023,6,21,12,0,0,36.3430709819604,137.179472654637,飛騨市 / 宮川町三川原 / その他 / 2頭 / その他車移動
2448,2023,6,14,12,0,0,36.415554172854,137.190791021499,飛騨市 / 宮川町杉原 / その他 / 1頭 / その他車移動
2449,2023,6,20,17,0,0,35.6062237140968,137.212456328213,白川町 / 国・県・市道 / 1頭 / 通勤・通学
2450,2023,6,22,18,0,0,35.6365408836238,136.484826363231,揖斐川町 / 藤橋村 / その他 / 1頭 / その他
2451,2023,4,5,12,0,0,36.030315215738,137.444358817652,高山市 / 高根町中之宿 / 国・県・市道 / 1頭 / その他車移動
2452,2023,4,5,16,0,0,36.1357366511221,137.162922371184,高山市 / 清見町牧ヶ洞 / 農地 / 2頭 / 農作業
2453,2023,4,6,6,0,0,36.1318900720095,137.200830490469,高山市 / 高山市新宮町 / その他 / 1頭 / 通勤・通学
2454,2023,4,12,14,0,0,36.0554858814793,137.505570652797,高山市 / 高根町黍生 / 農地 / 1頭 / 農作業
2455,2023,5,3,16,0,0,36.1190764289134,137.2357551699,高山市 / 高山市松倉町 / 住宅地 / 1頭 / 自宅
2456,2023,5,9,18,0,0,36.1273268074859,137.202210334658,高山市 / 高山市新宮町 / 住宅地 / 1頭 / 自宅
2457,2023,6,25,14,0,0,36.2470200308412,137.519176911613,高山市 / 上宝村 / 住宅地 / 1頭 / その他
2458,2023,6,26,7,0,0,36.2635308058688,137.135881413831,飛騨市 / 古川町谷地内　谷総合研修センター付近 / 住宅地 / 1頭 / 通勤・通学
2459,2023,6,24,13,0,0,36.3909161546633,137.182529623793,飛騨市 / 宮川町塩屋 / 山林 / 1頭 / その他
2460,2023,6,25,14,0,0,36.3326034544218,137.155777455818,飛騨市 / 宮川町牧戸 / その他 / 1頭 / その他
2461,2023,6,26,7,0,0,35.2992597483954,137.409512974206,恵那市 / 明智町 / 農地 / 1頭 / 自宅
2462,2023,6,21,8,0,0,35.5918143931572,136.619885992659,本巣市 / 根尾村 / 林道 / 1頭 / その他
2463,2023,6,26,18,0,0,35.5369415822273,136.675800880213,本巣市 / 本巣町 / 国・県・市道 / 1頭 / その他
2464,2023,5,9,19,0,0,35.5783017227212,136.643220499289,本巣市 / 本巣町 / 林道 / 1頭 / 自宅
2465,2023,6,26,16,0,0,36.2469620705715,137.519347725779,高山市 / 上宝村 / 住宅地 / 1頭 / その他車移動
2466,2023,6,26,11,0,0,36.2459325856324,137.530184618563,高山市 / 上宝村 / 国・県・市道 / 1頭 / その他車移動
2467,2023,6,26,14,0,0,36.2451420611279,137.525215749715,高山市 / 上宝村 / 国・県・市道 / 1頭 / その他
2468,2023,6,28,9,0,0,36.2496177216326,137.516577856798,高山市 / 上宝村 / その他 / 1頭 / 建設作業
2469,2023,6,27,17,0,0,35.6099575917123,136.624819230464,本巣市 / 根尾村 / 住宅地 / 1頭 / その他
2470,2023,6,28,12,0,0,35.3121756638166,137.390443732841,恵那市 / 明智町 / 国・県・市道 / 1頭 / その他車移動
2471,2023,6,25,11,0,0,35.5509815822395,136.625256428694,揖斐川町 / 谷汲村 / 山林 / 1頭 / その他
2472,2023,6,26,11,0,0,35.49168376842,136.572423959133,揖斐川町 / 揖斐川町 / 登山道 / 2頭 / 登山
2473,2023,6,26,17,0,0,35.5086881521979,136.538351943075,揖斐川町 / 揖斐川町 / 国・県・市道 / 1頭 / その他車移動
2474,2023,5,13,18,0,0,36.0998410834992,137.115211192181,高山市 / 清見町墨野俣 / 国・県・市道 / 1頭 / その他車移動
2475,2023,6,28,22,0,0,35.5471712701407,137.264767365269,白川町 / 農地 / 1頭 / 自宅
2476,2023,5,16,14,0,0,35.9874265348156,137.280329284268,高山市 / 久々野町阿多粕 / 国・県・市道 / その他車移動
2477,2023,5,20,12,0,0,36.0867336283024,137.357484750151,高山市 / 朝日町寺澤 / 住宅地 / 1頭 / 通勤・通学
2478,2023,5,21,12,0,0,36.0866298190023,137.357584437678,高山市 / 朝日町寺澤 / 住宅地 / 1頭 / 自宅
2479,2023,5,21,17,0,0,36.2063804927446,137.191316360164,高山市 / 国府町宇津江町 / 住宅地 / 1頭 / 自宅
2480,2023,5,22,13,0,0,36.0788334404802,137.379676039095,高山市 / 朝日町浅井 / 河川敷 / 1頭 / 散歩
2481,2023,5,22,14,0,0,36.1865361443762,137.336480311433,高山市 / 丹生川町大萱 / 住宅地 / 1頭 / 自宅
2482,2023,5,22,17,0,0,36.213889547261,137.190669416766,高山市 / 国府町宇津江 / 住宅地 / 1頭 / その他車移動
2483,2023,5,23,11,0,0,36.2175546769984,137.18946370446,高山市 / 国府町宇津江 / その他 / 1頭 / その他
2484,2023,5,23,12,0,0,36.2172950067825,137.192134457087,高山市 / 国府町宇津江 / 住宅地 / 1頭 / その他車移動
2485,2023,5,26,10,0,0,36.2454888041451,137.526237499344,高山市 / 奥飛騨温泉郷栃尾 / 住宅地 / 1頭 / その他
2486,2023,5,28,19,0,0,36.1618163975811,137.07945167065,高山市 / 清見町二本木 / 国・県・市道 / 1頭 / その他車移動
2487,2023,5,30,9,0,0,36.0219026092623,136.941050932721,高山市 / 荘川町野々俣 / 住宅地 / 1頭 / 自宅
2488,2023,6,1,10,0,0,36.1699009215723,137.444653527113,高山市 / 丹生川町塩屋 / 国・県・市道 / 1頭 / その他車移動
2489,2024,2,2,11,0,0,36.1577002642074,137.305945910734,高山市 / 高山市大洞町 / 住宅地 / 1頭 / 自宅
2490,2023,6,3,17,0,0,36.0619072523416,137.045171017259,高山市 / 荘川町六厩 / 国・県・市道 / 1頭 / その他車移動
2491,2023,6,1,8,0,0,36.0930117916975,137.382394671855,高山市 / 朝日町青屋 / 住宅地 / 1頭 / 自宅
2492,2023,6,3,17,0,0,36.093152362112,137.381911983721,高山市 / 朝日町青屋 / 住宅地 / 1頭 / 自宅
2493,2023,6,4,17,0,0,36.0934225334947,137.381721155129,高山市 / 朝日町青屋 / 住宅地 / 1頭 / 自宅
2494,2023,6,4,21,0,0,36.0934272989627,137.38157680143,高山市 / 朝日町青屋 / 住宅地 / 1頭 / 自宅
2495,2023,6,4,6,0,0,36.0010654082809,137.382037887534,高山市 / 朝日町西洞 / 農地 / 1頭 / 農作業
2496,2023,6,4,8,0,0,36.1789457417893,137.418806079258,高山市 / 丹生川町日面 / 国・県・市道 / 1頭 / その他車移動
2497,2023,6,4,17,0,0,36.1817604342706,137.422337954073,高山市 / 丹生川町日面 / 国・県・市道 / 1頭 / その他車移動
2498,2023,6,5,10,0,0,36.1725419185313,137.501384796692,高山市 / 丹生川町久手 / 国・県・市道 / 1頭 / その他車移動
2499,2023,6,5,16,0,0,36.0258455826404,136.963588846052,高山市 / 荘川町猿丸 / 国・県・市道 / 1頭 / その他車移動
2500,2023,6,6,11,0,0,36.0324577261146,136.950006283718,高山市 / 荘川町新渕 / 林道 / 1頭 / その他車移動
2501,2023,6,6,13,0,0,36.2044394517276,137.291581110902,高山市 / 丹生川町柏原 / 住宅地 / 1頭 / 自宅
2502,2023,6,7,8,0,0,36.089817081296,137.35898575134,高山市 / 朝日町青屋 / 国・県・市道 / 1頭 / 通勤・通学
2503,2023,6,29,17,0,0,35.7283431183087,137.301696427648,下呂市 / 住宅地 / 1頭 / 自宅
2504,2023,6,28,9,0,0,35.4898985760924,136.614659114113,大野町 / 登山道 / 1頭 / その他
2505,2023,6,7,8,0,0,36.0137261625995,137.371087855944,高山市 / 朝日町西洞 / 農地 / 2頭 / その他
2506,2023,6,30,14,0,0,36.2991472364979,137.214264937157,飛騨市 / 古川町数河地内　数河除雪センター付近 / 農地 / 1頭 / その他
2507,2023,6,7,15,0,0,36.2288782630656,137.241498014803,高山市 / 国府町八日町 / 国・県・市道 / 1頭 / その他車移動
2508,2023,6,8,15,0,0,36.1263242732759,137.341464827259,高山市 / 高山市岩井町 / 林道 / 1頭 / 林業作業
2509,2023,6,9,12,0,0,36.1971767883734,137.154820433768,高山市 / 国府町宇津江 / 登山道 / 1頭 / 登山
2510,2023,6,9,13,0,0,36.1773023774106,137.456246064782,高山市 / 丹生川町旗鉾 / その他 / 1頭 / その他
2511,2023,6,9,12,0,0,36.1770722958366,137.455883921449,高山市 / 丹生川町旗鉾 / 住宅地 / 1頭 / 自宅
2512,2023,6,9,14,0,0,36.1702700937222,137.345655565733,高山市 / 丹生川町大谷 / 林道 / 1頭 / その他
2513,2023,7,1,11,0,0,36.2491699093764,137.497163969961,高山市 / 上宝村 / 農地 / 1頭 / その他車移動
2514,2023,6,29,17,0,0,36.1648001918733,136.902134877269,白川村 / 住宅地 / 1頭 / 通勤・通学
2515,2023,7,3,12,0,0,36.2313740075824,137.532046711348,高山市 / 上宝村 / 住宅地 / 1頭 / 自宅
2516,2023,7,4,15,0,0,36.2315950067315,137.533459172752,高山市 / 上宝村 / 住宅地 / 1頭 / 自宅
2517,2023,7,5,12,0,0,35.6761258194138,137.416469282181,中津川市 / 旧付知町 / その他 / 1頭
2518,2023,6,30,16,0,0,35.6338626961526,137.436049781801,中津川市 / 旧付知町 / 山林 / 1頭 / その他車移動
2519,2023,7,6,14,0,0,35.6245751870759,136.725487980459,山県市 / 美山町 / その他 / 1頭 / 自宅
2520,2023,7,2,18,0,0,35.6003913044657,137.473704692626,中津川市 / 福岡町 / 山林 / 1頭
2521,2023,6,6,6,0,0,35.5947927502018,137.39654439852,中津川市 / 福岡町 / 山林 / 1頭
2522,2023,6,5,9,0,0,35.6856809453887,137.397576599447,中津川市 / 加子母村 / 山林 / 1頭
2523,2023,4,23,12,0,0,35.5666944525995,137.448747684408,中津川市 / 福岡町 / 山林 / 1頭
2524,2023,6,16,5,0,0,36.3109640393899,137.300927011796,飛騨市 / 神岡町吉田 / 国・県・市道 / 1頭 / その他車移動
2525,2023,6,21,16,0,0,36.3208997213326,137.28296067994,飛騨市 / 神岡町梨ケ根　ガソリンスタンド付近 / 国・県・市道 / 1頭 / その他車移動
2526,2023,7,5,11,0,0,36.3157177986578,137.301345801326,飛騨市 / 神岡町釜崎 / 国・県・市道 / 1頭 / その他車移動
2527,2023,7,6,10,0,0,36.2622318483176,137.141713809034,飛騨市 / 古川町袈裟丸地内　鷹狩橋交差点付近 / 国・県・市道 / 1頭 / その他車移動
2528,2023,6,14,12,0,0,35.9845238334434,137.278850776345,下呂市 / その他 / 1頭 / 林業作業
2529,2023,6,15,10,0,0,35.8322907574247,137.241083170837,下呂市 / 国・県・市道 / 1頭 / その他車移動
2530,2023,6,28,14,0,0,35.9910549277899,137.205653210005,下呂市 / 国・県・市道 / 1頭 / その他車移動
2531,2023,7,4,13,0,0,35.9901816090464,137.206131070178,下呂市 / 国・県・市道 / 1頭 / その他車移動
2532,2023,7,3,10,0,0,35.9896858281459,137.206283321363,下呂市 / 国・県・市道 / 1頭 / その他車移動
2533,2023,6,29,15,0,0,35.9170138169094,137.131714693691,下呂市 / 山林 / 1頭 / 自宅
2534,2023,7,9,7,0,0,35.708010771384,137.382490533381,中津川市 / 加子母 / 山林 / 1頭 / 散歩
2535,2023,7,10,9,0,0,35.7078355231985,136.671484233697,本巣市 / 根尾村 / 国・県・市道 / 1頭 / その他
2536,2023,6,26,16,0,0,35.5613688086227,137.356689967867,中津川市 / 蛭川村 / 1頭
2537,2023,4,20,11,0,0,35.551241251286,137.537236418808,中津川市 / 坂下町 / 1頭
2538,2023,7,10,12,0,0,35.7780885828015,136.519979386041,本巣市 / 根尾村 / 国・県・市道 / 1頭 / その他
2539,2023,6,10,10,0,0,36.1783413245637,137.490935465873,高山市 / 丹生川町久手 / 国・県・市道 / 1頭 / 自宅
2540,2023,6,10,13,0,0,36.1760024067066,137.458555356261,高山市 / 丹生川町旗鉾 / 国・県・市道 / 1頭 / 自宅
2541,2023,6,10,13,0,0,36.1718848536142,137.353995377772,高山市 / 丹生川町大谷 / 住宅地 / 1頭 / 自宅
2542,2023,6,10,15,0,0,36.1771972391447,137.490937709972,高山市 / 丹生川町久手 / 国・県・市道 / 1頭 / その他車移動
2543,2023,6,12,17,0,0,36.1214864284958,137.255349284023,高山市 / 高山市石浦町 / その他 / 1頭 / その他
2544,2023,6,13,7,0,0,36.0019529179105,137.381640676469,高山市 / 朝日町　西洞 / 農地 / 1頭 / 農作業
2545,2023,6,14,8,0,0,36.000782600717,137.381487765168,高山市 / 朝日町西洞 / 農地 / 1頭 / 農作業
2546,2023,6,13,18,0,0,36.1552046633388,137.133028923726,高山市 / 清見町牧ヶ洞 / 家畜場 / 1頭 / 家畜作業
2547,2023,6,14,9,0,0,36.1551100697855,137.133180390827,高山市 / 清見町牧ヶ洞 / 家畜場 / 1頭 / 家畜作業
2548,2023,6,14,11,0,0,36.1550244918481,137.133341578284,高山市 / 清見町牧ヶ洞 / 家畜場 / 1頭 / 家畜作業
2549,2023,6,13,10,0,0,36.1748397637985,137.458544105332,高山市 / 丹生川町旗鉾 / その他 / 1頭 / 自宅
2550,2023,6,14,14,0,0,36.1938189405683,137.342958788513,高山市 / 丹生川町大萱 / 農地 / 1頭 / 農作業
2551,2023,6,15,7,0,0,36.2087539383509,137.35657977548,高山市 / 丹生川町折敷地 / 山林 / 1頭 / その他車移動
2552,2023,6,15,9,0,0,36.0668355562926,137.050548701124,高山市 / 荘川町六厩 / 国・県・市道 / 1頭 / その他車移動
2553,2023,6,15,11,0,0,35.9507549799925,137.485193253995,高山市 / 高根町日和田 / 山林 / 1頭 / その他車移動
2554,2023,7,10,13,0,0,35.9060978602238,137.145550883351,下呂市 / その他 / 1頭 / その他
2555,2023,6,17,7,0,0,36.0618697500921,137.268169236699,高山市 / 久々野町久々野 / 国・県・市道 / 1頭 / その他車移動
2556,2023,6,18,6,0,0,36.0926310300685,137.254600739503,高山市 / 一之宮町 / 国・県・市道 / 1頭 / その他車移動
2557,2023,6,19,9,0,0,36.1693731988769,137.441490316077,高山市 / 丹生川町塩屋 / 国・県・市道 / 1頭 / その他車移動
2558,2023,6,19,12,0,0,36.0928808641387,137.404612434109,高山市 / 朝日町青屋 / 住宅地 / 1頭 / 自宅
2559,2023,6,20,8,0,0,36.1038281364897,137.135561169109,高山市 / 朝日町坂下 / 住宅地 / 1頭 / 自宅
2560,2023,6,20,17,0,0,36.1263428339438,137.360581011382,高山市 / 高山市岩井町 / 住宅地 / 1頭 / 自宅
2561,2023,7,12,9,0,0,35.6399823452949,137.401014938733,東白川村 / 国・県・市道 / 1頭 / その他車移動
2562,2023,7,8,8,0,0,35.6463699451271,137.381958594853,東白川村 / その他 / 1頭 / その他車移動
2563,2023,7,6,17,0,0,35.6655872467557,137.348296700417,東白川村 / 河川敷 / 1頭 / その他
2564,2023,7,11,17,0,0,35.8185513752993,137.083217589833,郡上市 / 和良町 / 国・県・市道 / 1頭 / その他車移動
2565,2023,6,21,6,0,0,36.1734272983933,137.50026758832,高山市 / 丹生川町久手 / 国・県・市道 / 1頭 / その他車移動
2566,2023,6,21,14,0,0,36.0335859067959,137.478103883782,高山市 / 高根町大古井 / 国・県・市道 / 1頭 / その他車移動
2567,2023,6,21,17,0,0,36.1770879607858,137.458762952084,高山市 / 丹生川町旗鉾 / 住宅地 / 1頭 / 自宅
2568,2023,6,21,18,0,0,36.1745778488818,137.450805341993,高山市 / 丹生川町旗鉾 / 住宅地 / 1頭 / 自宅
2569,2023,6,23,7,0,0,36.1610856366277,137.306651807946,高山市 / 丹生川町町方 / 国・県・市道 / 1頭 / その他車移動
2570,2023,6,23,9,0,0,36.038477722519,137.288727898333,高山市 / 久々野町小坊 / 住宅地 / 1頭 / 自宅
2571,2023,6,23,9,0,0,36.1802013769563,137.478851654366,高山市 / 丹生川久手 / 住宅地 / 1頭 / 自宅
2572,2023,6,23,10,0,0,36.1801728494357,137.478990507675,高山市 / 丹生川町久手 / 住宅地 / 1頭 / 自宅
2573,2023,6,23,11,0,0,36.0623431934988,137.26026606942,高山市 / 久々野町久々野 / 国・県・市道 / 1頭 / その他車移動
2574,2023,6,23,11,0,0,36.0487152894231,136.942921890204,高山市 / 荘川町牧戸 / 国・県・市道 / 1頭 / その他
2575,2023,6,23,17,0,0,36.0668373957539,137.267509156023,高山市 / 久々野町久々野 / 住宅地 / 1頭 / 自宅
2576,2023,6,23,18,0,0,36.0646303979256,137.268724700554,高山市 / 久々野町久々野 / 住宅地 / 1頭 / 自宅
2577,2023,6,24,14,0,0,36.0694478362103,137.267495820059,高山市 / 久々野町久々野 / 住宅地 / 1頭 / 自宅
2578,2023,6,24,14,0,0,36.0719802298667,137.100169436638,高山市 / 清見町巣野俣 / 林道 / 1頭 / その他車移動
2579,2023,6,25,10,0,0,36.1771804446243,137.494107688196,高山市 / 丹生川町久手 / 国・県・市道 / 1頭 / その他車移動
2580,2023,7,7,13,0,0,36.2441749066411,137.138694052741,飛騨市 / 古川町寺地地内　小鷹利トンネル付近 / 国・県・市道 / 1頭 / その他車移動
2581,2023,6,25,14,0,0,36.2474689409937,137.519613965679,高山市 / 奥飛騨温泉郷栃尾 / 住宅地 / 1頭 / その他
2582,2023,6,26,7,0,0,36.0333530807777,137.075464338504,高山市 / 清見町巣野俣 / 国・県・市道 / 1頭 / その他車移動
2583,2023,6,26,16,0,0,36.2466024210702,137.519859729405,高山市 / 奥飛騨温泉郷 / 住宅地 / 1頭 / その他
2584,2023,6,26,17,0,0,36.0028521353049,137.380927650865,高山市 / 朝日町西洞 / 農地 / 1頭 / 農作業
2585,2023,6,27,8,0,0,36.2496490104663,137.505755845795,高山市 / 奥飛騨温泉郷今見 / 住宅地 / 1頭 / 自宅
2586,2023,6,27,9,0,0,36.045301645514,137.005409955296,高山市 / 荘川町三谷 / 国・県・市道 / 1頭 / その他車移動
2587,2023,6,28,13,0,0,36.0457692512446,137.293189596647,高山市 / 久々野町小坊 / 農地 / 1頭 / 農作業
2588,2023,6,29,13,0,0,36.0717902525956,137.052627211975,高山市 / 清見町上小鳥 / 山林 / 1頭 / その他車移動
2589,2023,6,29,17,0,0,36.0647558896829,137.048356516686,高山市 / 清見町六厩 / 国・県・市道 / 1頭 / その他
2590,2023,6,30,13,0,0,36.1606549682122,137.067211286823,高山市 / 清見町池本 / 国・県・市道 / 1頭 / その他車移動
2591,2023,7,13,10,0,0,35.9785563701014,136.815724020528,郡上市 / その他 / 3頭 / その他
2592,2023,7,16,9,0,0,35.7064317119956,136.671223548287,本巣市 / 根尾村 / 国・県・市道 / 1頭 / その他
2593,2023,7,16,13,0,0,35.9688067517579,136.809073439783,郡上市 / その他 / 1頭 / その他
2594,2023,7,17,8,0,0,35.6090498750354,136.404267299662,揖斐川町 / 坂内村 / 農地 / 1頭 / 農作業
2595,2023,7,18,9,0,0,35.6032572491697,136.405826013436,揖斐川町 / 坂内村 / 河川敷 / 1頭
2596,2023,7,18,13,0,0,35.7672838811389,137.257744489776,下呂市 / 山林 / 1頭 / その他車移動
2597,2023,7,17,12,0,0,36.2295597695251,137.180177963758,飛騨市 / 古川町高野地内　百足城跡付近 / 山林 / 1頭 / 自宅
2598,2023,7,4,13,0,0,36.3939747711482,137.179179335399,飛騨市 / 宮川町戸谷 / 河川敷 / 1頭 / その他車移動
2599,2023,7,18,22,0,0,35.5469684533269,137.264226387847,白川町 / 農地 / 1頭 / 自宅
2600,2023,7,19,9,0,0,35.8527102371917,136.860455506828,郡上市 / その他 / 1頭 / その他車移動
2601,2023,7,20,6,0,0,35.6023722888737,136.41228873131,揖斐川町 / 坂内村 / その他 / 1頭 / その他車移動
2602,2023,7,20,21,0,0,35.4192635382587,137.483545329494,中津川市 / 阿木 / 山林 / 1頭 / その他車移動
2603,2023,7,20,15,0,0,35.4727514070612,137.497900795353,中津川市 / 国・県・市道 / 1頭 / その他車移動
2604,2023,7,21,8,0,0,35.5606651699141,137.357449461304,中津川市 / 蛭川村 / 国・県・市道 / 1頭 / 通勤・通学
2605,2023,7,23,7,0,0,35.6183003727895,137.502693183686,中津川市 / 川上村 / 農地 / 1頭 / その他
2606,2023,7,24,10,0,0,35.5861074325062,137.545393865834,中津川市 / 山口村 / 国・県・市道 / 1頭 / その他車移動
2607,2023,7,23,17,0,0,36.3884745089073,137.181772239727,飛騨市 / 宮川町塩屋地内　平成橋付近 / 国・県・市道 / 3頭 / その他車移動
2608,2023,7,24,12,0,0,36.2928044113526,137.05921572443,飛騨市 / 河合町新名 / 河川敷 / 1頭 / その他車移動
2609,2023,7,23,11,0,0,35.5818957945184,136.5223663546,揖斐川町 / 久瀬村 / その他 / 1頭 / その他
2610,2023,7,27,4,0,0,35.6339232113112,137.503992380204,中津川市 / 川上村 / 住宅地 / 自宅
2611,2023,7,27,9,0,0,35.5630318005999,136.64839328748,本巣市 / 本巣町 / 河川敷 / 1頭 / 自宅
2612,2023,7,28,6,0,0,35.9356513907554,136.833054859158,郡上市 / 国・県・市道 / 1頭 / その他
2613,2023,7,28,9,0,0,35.9673146644297,136.76484142072,郡上市 / その他 / 1頭 / 農作業
2614,2023,7,27,10,0,0,35.6805676309759,136.570002580324,本巣市 / 根尾村 / 河川敷 / 3頭 / その他
2615,2023,8,1,12,0,0,35.9637862077983,136.804890002618,郡上市 / 河川敷 / 1頭 / 通勤・通学
2616,2023,7,1,17,0,0,36.1408410903493,137.350429141932,高山市 / 滝町 / 国・県・市道 / 1頭 / その他車移動
2617,2023,7,2,13,0,0,36.0100675460777,136.992558697303,高山市 / 荘川町黒谷 / 農地 / 1頭 / 農作業
2618,2023,7,2,13,0,0,36.0450485602645,137.292310983156,高山市 / 久々野町小坊 / 農地 / 1頭 / 農作業
2619,2023,7,3,9,0,0,36.0628949489556,137.041417800416,高山市 / 荘川町六厩 / 林道 / 1頭 / 林業作業
2620,2023,7,3,12,0,0,36.0621289928083,137.044294806949,高山市 / 荘川町六厩 / 住宅地 / 1頭 / 自宅
2621,2023,7,5,12,0,0,36.1708935063721,137.427152484144,高山市 / 丹生川町駄吉 / 住宅地 / 1頭 / 自宅
2622,2023,7,6,10,0,0,36.0122251869744,136.990322715314,高山市 / 荘川町黒谷 / 住宅地 / 1頭 / その他車移動
2623,2023,7,6,11,0,0,36.0817345568766,137.262883694207,高山市 / 一之宮町 / 国・県・市道 / 1頭 / その他車移動
2624,2023,8,2,8,0,0,35.5531081374279,136.622822816071,揖斐川町 / 谷汲村 / 住宅地 / 1頭 / 自宅
2625,2023,7,8,11,0,0,36.1476855600491,137.30073828917,高山市 / 高山市漆垣内町 / 住宅地 / 1頭 / その他
2626,2023,7,8,18,0,0,36.0601457923536,137.052529583667,高山市 / 荘川町六厩 / 住宅地 / 1頭 / 自宅
2627,2023,7,9,12,0,0,36.0620547712597,137.034869001091,高山市 / 荘川町六厩 / 住宅地 / 1頭 / 自宅
2628,2023,7,10,7,0,0,36.1632382380204,137.067776958513,高山市 / 清見町池本 / 農地 / 1頭 / 農作業
2629,2023,7,10,10,0,0,36.1473867813747,137.300434265603,高山市 / 高山市漆垣内町 / 住宅地 / 1頭 / その他
2630,2023,7,10,16,0,0,36.0635235854767,137.047460576843,高山市 / 荘川町六厩 / 住宅地 / 1頭 / 自宅
2631,2023,7,10,18,0,0,36.0461254694809,137.00145720515,高山市 / 荘川町三谷 / 国・県・市道 / 1頭 / その他車移動
2632,2023,7,11,6,0,0,36.0340459110775,137.520621443194,高山市 / 高根町阿多野郷 / 住宅地 / 1頭 / 自宅
2633,2023,7,11,15,0,0,35.9767080383449,137.53279857762,高山市 / 高根町留之原 / 住宅地 / 1頭 / その他
2634,2023,7,13,7,0,0,36.0657613830063,137.049469991414,高山市 / 荘川町六厩 / 国・県・市道 / 1頭 / その他車移動
2635,2023,7,13,8,0,0,36.0369383770297,136.986678989516,高山市 / 荘川町三谷 / 住宅地 / 1頭 / 自宅
2636,2023,7,13,14,0,0,36.0709949934452,137.233843053652,高山市 / 一之宮町 / 国・県・市道 / 1頭 / その他車移動
2637,2023,7,14,15,0,0,36.053421261075,137.093231599486,高山市 / 清見町巣野俣 / 国・県・市道 / 1頭 / その他車移動
2638,2023,7,15,9,0,0,36.1283533226777,137.297028085358,高山市 / 高山市山口町 / 農地 / 1頭 / 農作業
2639,2023,7,15,16,0,0,36.0435720050696,137.525624188667,高山市 / 高根町阿多野郷 / 住宅地 / 1頭 / 自宅
2640,2023,7,15,19,0,0,36.1608815215819,137.274876727913,高山市 / 高山市三福寺町 / 国・県・市道 / 1頭 / その他車移動
2641,2023,7,16,20,0,0,36.0619873051556,137.045667355674,高山市 / 荘川町六厩 / 住宅地 / 自宅
2642,2023,7,17,19,0,0,36.0925240294578,137.108554756583,高山市 / 清見町巣野俣 / 国・県・市道 / 1頭 / 通勤・通学
2643,2023,7,19,11,0,0,36.0038734797063,137.393765161191,高山市 / 朝日町桑之島 / 住宅地 / 1頭 / 自宅
2644,2023,7,19,14,0,0,36.1410029027455,137.350704536379,高山市 / 高山市滝町 / 国・県・市道 / 1頭 / その他車移動
2645,2023,7,19,17,0,0,35.977984734933,137.533102485186,高山市 / 高根町留之原 / 国・県・市道 / 1頭 / その他車移動
2646,2023,7,20,8,0,0,36.0408133454425,136.985104678936,高山市 / 荘川町三谷 / 住宅地 / 1頭 / 自宅
2647,2023,7,21,8,0,0,36.1392590256397,137.092581911493,高山市 / 清見町夏厩 / 住宅地 / 1頭 / 通勤・通学
2648,2023,7,21,14,0,0,36.1579726555414,137.263642489442,高山市 / 高山市三福寺町 / 住宅地 / 1頭 / その他
2649,2023,7,21,16,0,0,36.1374451599969,137.304610590555,高山市 / 高山市漆垣内町 / 住宅地 / 1頭 / その他車移動
2650,2023,7,21,18,0,0,36.0816220938838,137.372523588251,高山市 / 朝日町浅井 / 林道 / 1頭 / その他
2651,2023,7,21,15,0,0,36.1433581839187,137.302725586407,高山市 / 高山市漆垣内町 / 住宅地 / 1頭 / 自宅
2652,2023,7,22,8,0,0,36.0307373220254,137.430615172714,高山市 / 高根町猪之鼻 / 住宅地 / 1頭 / 自宅
2653,2023,7,24,6,0,0,36.090511960513,137.375367299677,高山市 / 朝日町青屋 / 山林 / 1頭 / その他
2654,2023,7,24,15,0,0,35.9710730550903,137.532990168618,高山市 / 高根町日和田 / その他 / 1頭 / その他
2655,2023,7,25,8,0,0,36.0868676728296,137.35651315726,高山市 / 朝日町上ヶ見 / 住宅地 / 1頭 / 自宅
2656,2023,7,25,9,0,0,36.0161701116588,137.380068424399,高山市 / 朝日町西洞 / 山林 / 1頭 / その他
2657,2023,7,25,17,0,0,36.1306013595036,137.07693138052,高山市 / 清見町夏厩 / 国・県・市道 / 1頭 / その他
2658,2023,7,27,17,0,0,36.1312686586638,137.299421642081,高山市 / 高山市山口町 / 住宅地 / 1頭 / その他
2659,2023,7,26,6,0,0,36.1793244599165,137.480945856384,高山市 / 丹生川町久手 / 住宅地 / 1頭 / 自宅
2660,2023,7,27,14,0,0,35.9482632402844,137.486301427201,高山市 / 高根町日和田 / その他 / 1頭 / その他
2661,2023,7,28,8,0,0,36.1795397877745,137.322968574842,高山市 / 丹生川北方 / 国・県・市道 / 1頭 / その他車移動
2662,2023,7,28,8,0,0,36.0617939525171,137.045535137547,高山市 / 荘川町六厩 / 住宅地 / 1頭 / 自宅
2663,2023,7,28,18,0,0,36.0621364838759,137.045567913552,坂祝町 / 荘川町六厩 / 住宅地 / 1頭 / 自宅
2664,2023,7,29,10,0,0,36.175626765666,137.308745304619,高山市 / 丹生川町北方 / 国・県・市道 / 1頭 / その他車移動
2665,2023,7,29,17,0,0,36.0619321691941,137.042978982223,高山市 / 荘川町六厩 / 住宅地 / 1頭 / 自宅
2666,2023,7,30,6,0,0,36.1962352813443,137.259090083512,高山市 / 国府町村上 / その他 / 1頭 / その他車移動
2667,2023,7,30,6,0,0,36.0606526592476,137.047775039234,高山市 / 荘川町六厩 / 住宅地 / 1頭 / 自宅
2668,2023,7,31,13,0,0,36.0794219025176,137.369141121472,高山市 / 朝日町大廣 / 河川敷 / 1頭 / その他
2669,2023,7,30,18,0,0,36.0086353869551,137.371163201088,高山市 / 朝日町西洞 / 住宅地 / 1頭 / その他
2670,2023,8,4,7,0,0,36.2287484064125,137.181799191183,飛騨市 / 古川町高野　新蛤橋　消防器具庫付近 / 住宅地 / 1頭 / 通勤・通学
2671,2023,8,4,17,0,0,35.5329147867744,136.557512687898,揖斐川町 / 谷汲村 / 国・県・市道 / 1頭 / その他車移動
2672,2023,8,6,9,0,0,35.5357688267563,136.64081844861,揖斐川町 / 谷汲村 / 国・県・市道 / 1頭 / その他車移動
2673,2023,8,2,13,0,0,36.0675346980596,137.474942421731,高山市 / 高根町上ヶ洞 / その他 / 1頭 / その他
2674,2023,8,2,14,0,0,36.0562269228039,137.227599339914,高山市 / 一之宮町段 / 山林 / 1頭 / その他
2675,2023,8,2,17,0,0,36.159900188817,137.276156333059,高山市 / 高山市三福寺町 / 国・県・市道 / 1頭 / その他車移動
2676,2023,8,4,10,0,0,36.089972462737,137.359119781502,高山市 / 朝日町青屋 / 国・県・市道 / 1頭 / その他車移動
2677,2023,8,4,16,0,0,36.1695702977265,137.443473092998,高山市 / 丹生川町駄吉 / 住宅地 / 1頭 / 自宅
2678,2023,8,4,17,0,0,36.1633845430445,137.265534510455,高山市 / 高山市上野町 / その他 / 1頭 / その他車移動
2679,2023,8,6,9,0,0,36.1471298942652,137.128639414659,高山市 / 清見町牧ヶ洞 / その他 / 1頭 / その他
2680,2023,8,6,11,0,0,36.1714830555898,137.434915550444,高山市 / 丹生川町日面 / 国・県・市道 / 1頭 / その他車移動
2681,2023,8,6,15,0,0,36.1466643632795,137.281174818465,高山市 / 高山市松之木町 / 国・県・市道 / 1頭 / その他車移動
2682,2023,8,9,8,0,0,36.3052920655613,137.243069357676,飛騨市 / 神岡町西　４１号 流葉歩道橋付近 / 国・県・市道 / 1頭 / その他車移動
2683,2023,8,9,16,0,0,36.2270568626396,137.175846125852,飛騨市 / 古川町高野 / 山林 / 1頭 / 自宅
2684,2023,8,9,12,0,0,36.3926947292346,137.180907164428,飛騨市 / 宮川町戸谷 / 国・県・市道 / 3頭 / その他車移動
2685,2023,8,10,7,0,0,36.2236116208326,137.185559377789,飛騨市 / 古川町高野　県道471号　吉城コンポ付近 / 国・県・市道 / 1頭 / 通勤・通学
2686,2023,8,13,7,0,0,35.5338848767172,136.543502694938,揖斐川町 / 谷汲村 / 国・県・市道 / 1頭 / その他車移動
2687,2023,6,8,5,0,0,35.4955986462373,137.147727658095,八百津町 / 国・県・市道 / 1頭
2688,2023,6,21,14,0,0,35.4839829991382,137.157965904679,八百津町 / 国・県・市道 / 1頭
2689,2023,7,10,7,0,0,35.525848698626,137.199978861485,八百津町 / 国・県・市道 / 1頭
2690,2023,7,14,16,0,0,35.5261687280313,137.203727992392,八百津町 / 国・県・市道 / 1頭
2691,2023,8,13,6,0,0,35.4839803774968,137.14001248923,八百津町 / 国・県・市道 / 1頭
2692,2023,8,4,8,0,0,35.9716756488907,137.534333902843,高山市 / 高根町留之原 / 山林 / 1頭 / その他車移動
2693,2023,8,4,18,0,0,35.9920379142216,137.350767282721,高山市 / 朝日町西洞 / 国・県・市道 / 1頭 / その他車移動
2694,2023,8,7,16,0,0,36.1382496415009,137.288498290062,高山市 / 高山市山口町 / 住宅地 / 1頭 / その他
2695,2023,8,8,13,0,0,36.0038949530894,137.35031014338,高山市 / 朝日町西洞 / 国・県・市道 / 1頭 / その他車移動
2696,2023,8,8,15,0,0,36.0083606691075,137.360191332108,高山市 / 朝日町西洞 / 国・県・市道 / 1頭 / その他車移動
2697,2023,8,8,17,0,0,36.0929684056742,137.391959182584,高山市 / 朝日町青屋 / 住宅地 / 1頭 / 自宅
2698,2023,8,9,12,0,0,36.1839908396192,137.328642663629,高山市 / 丹生川町大萱 / 国・県・市道 / 1頭 / その他車移動
2699,2023,8,10,6,0,0,36.0879069592022,137.356890420377,高山市 / 朝日町上ヶ見 / 住宅地 / 1頭 / 自宅
2700,2023,8,11,9,0,0,36.0166976360494,136.974002623206,高山市 / 荘川町惣則 / 国・県・市道 / 1頭 / その他車移動
2701,2023,8,11,9,0,0,36.1341061785486,137.262206329875,高山市 / 高山市城山町 / その他 / 1頭 / 散歩
2702,2023,8,12,7,0,0,36.1340945668471,137.262636862723,高山市 / 高山市城山町 / その他 / 1頭 / 散歩
2703,2023,8,13,15,0,0,36.2048925521242,137.311921608464,高山市 / 丹生川町大沼 / 国・県・市道 / 1頭 / その他車移動
2704,2023,8,15,16,0,0,36.2375493315994,137.526376801233,高山市 / 上宝村 / 住宅地 / 1頭 / 散歩
2705,2023,8,14,8,0,0,36.1631925508128,137.265416868543,高山市 / 高山市上野町 / その他 / 1頭 / その他車移動
2706,2023,8,14,10,0,0,36.1997788684335,137.234214946429,高山市 / 国府町金桶 / 国・県・市道 / 2頭 / その他車移動
2707,2023,8,15,5,0,0,36.0010260727718,137.542861906647,高山市 / 高根町日和田 / 林道 / 1頭 / 林業作業
2708,2023,8,16,7,0,0,36.0787253108858,137.37941175362,高山市 / 朝日町浅井 / 河川敷 / 1頭 / 散歩
2709,2023,8,17,0,0,0,35.4573028828735,137.463208328615,中津川市 / 坂本地内 / その他 / その他
2710,2023,8,16,10,0,0,36.0696338633316,136.945171036132,高山市 / 荘川町岩瀬 / 国・県・市道 / 2頭 / その他車移動
2711,2023,8,17,7,0,0,36.1368474874321,137.291287836347,高山市 / 高山市山口町 / 住宅地 / 1頭 / その他車移動
2712,2023,8,17,11,0,0,36.0915559681262,137.109132233062,高山市 / 清見町巣野俣 / 国・県・市道 / 1頭 / その他車移動
2713,2023,8,19,15,0,0,36.1736805139839,136.901455779056,白川村 / 国・県・市道 / 1頭 / その他車移動
2714,2023,8,20,16,0,0,36.2738915076149,137.576363842513,高山市 / 上宝村 / 山林 / 1頭 / 登山
2715,2023,8,16,11,0,0,36.2371232518832,137.527012475288,高山市 / 奥飛騨温泉郷一重ケ根 / 住宅地 / 1頭 / 自宅
2716,2023,8,19,7,0,0,36.0783939791856,137.374329847494,高山市 / 朝日町大廣 / 国・県・市道 / 1頭 / その他車移動
2717,2023,8,20,12,0,0,36.0916924585758,137.346681623658,高山市 / 朝日町万石 / 河川敷 / 1頭 / 散歩
2718,2023,8,21,5,0,0,35.9694961547213,137.526898528732,高山市 / 高根町留之原 / 山林 / 1頭 / その他
2719,2023,8,21,15,0,0,36.2593328795766,137.436927442422,高山市 / 上宝町葛山 / 国・県・市道 / 1頭 / その他車移動
2720,2023,8,22,17,0,0,36.0787135844721,137.36455582867,高山市 / 朝日町大廣 / 住宅地 / 1頭 / 散歩
2721,2023,8,23,8,0,0,36.1608584166413,137.222448132115,高山市 / 高山市赤保木町 / 住宅地 / 1頭 / その他
2722,2023,8,23,12,0,0,36.17384043709,137.458319468208,高山市 / 丹生川町岩井谷 / 住宅地 / 1頭 / 自宅
2723,2023,8,12,15,0,0,36.3665963330934,137.283168109455,飛騨市 / 神岡町割石　割石白山神社付近 / 農地 / 1頭 / 散歩
2724,2023,8,21,13,0,0,36.308448384535,137.251982274135,飛騨市 / 神岡町伏方　ありがとうファーム トマトハウス / 農地 / 1頭 / 農作業
2725,2023,7,21,7,0,0,36.3892017500799,137.372583684316,飛騨市 / 神岡町岩井谷　岩本農場付近 / 農地 / 1頭 / 農作業
2726,2023,7,23,7,0,0,36.3890321149179,137.372959449111,飛騨市 / 神岡町岩井谷　岩本農場付近 / 農地 / 1頭 / 農作業
2727,2023,8,25,,,,36.272219497469,137.024983214171,飛騨市 / 河合町天生 / その他 / 1頭 / その他
2728,2023,8,28,,,,36.3141624773024,137.103380346279,飛騨市 / 河合町角川 / 農地 / 1頭 / 農作業
2729,2023,8,27,,,,36.2779873487182,137.039693824542,飛騨市 / 河合町元田 / 林道 / 1頭 / その他
2730,2023,8,26,,,,36.2956346678409,137.067292840074,飛騨市 / 河合町羽根 / 国・県・市道 / 1頭 / 農作業
2731,2023,8,27,,,,36.2938684752431,137.067668059959,飛騨市 / 河合町羽根 / 林道 / 1頭 / 農作業
2732,2023,8,28,,,,36.2946155869643,137.066531485667,飛騨市 / 河合町羽根 / 農地 / 1頭 / 農作業
2733,2023,8,26,18,0,0,35.5381914391502,137.538849238263,中津川市 / 落合 / 国・県・市道 / 1頭 / その他車移動
2734,2023,8,24,5,0,0,35.9884054030227,137.528562030962,高山市 / 高根町小日和田 / 河川敷 / 1頭 / その他車移動
2735,2023,8,24,13,0,0,36.0785346930815,137.365089715381,高山市 / 朝日町大廣 / 住宅地 / 1頭 / 自宅
2736,2023,8,25,12,0,0,35.98375553407,137.52899409558,高山市 / 高根町小日和田 / 国・県・市道 / 1頭 / その他車移動
2737,2023,8,26,15,0,0,36.0451973702338,137.442077266723,高山市 / 高根町中洞 / 国・県・市道 / 1頭 / その他車移動
2738,2023,8,27,12,0,0,36.0265499170342,137.51305396589,高山市 / 高根町阿多野郷 / 国・県・市道 / 1頭 / その他車移動
2739,2023,8,27,16,0,0,36.0526764638021,137.484268368709,高山市 / 高根町池ヶ洞 / 国・県・市道 / 1頭 / その他車移動
2740,2023,8,30,11,0,0,36.0897410681432,137.111741764626,高山市 / 清見町巣野俣 / 国・県・市道 / 1頭 / その他車移動
2741,2023,8,25,11,0,0,36.0019860272179,137.380767249437,高山市 / 朝日町西洞 / 農地 / 2頭 / その他車移動
2742,2023,9,1,13,0,0,35.9591683337499,136.820981675221,郡上市 / 林道 / 1頭 / その他
2743,2023,9,3,17,0,0,36.1792190660008,136.900231568734,白川村 / 国・県・市道 / 1頭 / その他車移動
2744,2023,9,3,18,0,0,36.1636686816316,136.903952223883,白川村 / 国・県・市道 / 1頭 / その他車移動
2745,2023,9,4,8,0,0,36.2091081930595,136.892769179528,白川村 / 国・県・市道 / 1頭 / その他車移動
2746,2023,9,4,13,0,0,35.9252471388444,137.306812585978,下呂市 / その他 / 1頭 / 散歩
2747,2023,8,30,17,0,0,35.5346405693119,137.148586773697,八百津町 / 林道 / 1頭 / 散歩
2748,2023,8,26,15,0,0,36.39344528972,137.17907265313,飛騨市 / 宮川町戸谷　JR高架下付近 / 河川敷 / 2頭 / その他車移動
2749,2023,8,26,12,0,0,36.3373469028791,137.154024761911,飛騨市 / 宮川町高牧 / 国・県・市道 / 2頭 / その他車移動
2750,2023,9,7,9,0,0,36.2780694530543,137.158026540326,飛騨市 / 古川町戸市 / 山林 / 2頭 / 自宅
2751,2023,9,7,9,0,0,35.505097714289,137.181464485591,八百津町 / 国・県・市道 / 1頭 / その他車移動
2752,2023,9,5,,,,35.6857981818714,137.421847902854,中津川市 / 旧付知町 / 山林 / 1頭 / その他車移動
2753,2023,9,1,20,0,0,35.4955457875148,136.538397568829,揖斐川町 / 揖斐川町 / 国・県・市道 / 1頭 / その他車移動
2754,2023,9,11,6,0,0,35.5635695552638,136.513721111707,揖斐川町 / 久瀬村 / 国・県・市道 / 1頭 / その他車移動
2755,2023,9,11,12,0,0,35.51612474613,136.539558778254,揖斐川町 / 揖斐川町 / その他 / 1頭 / その他
2756,2023,8,27,7,0,0,36.3935861742765,137.178451887151,飛騨市 / 宮川村 / 国・県・市道 / 3頭 / その他車移動
2757,2023,9,11,9,0,0,36.2940672436639,137.06037952721,飛騨市 / 河合町羽根 / 国・県・市道 / 1頭 / その他車移動
2758,2023,9,12,18,0,0,36.2554053452413,137.131960317544,飛騨市 / 古川町信包 / 国・県・市道 / 1頭 / 農作業
2759,2023,9,14,6,0,0,35.283918022797,137.443645617194,恵那市 / 串原村 / 国・県・市道 / 3頭 / 通勤・通学
2760,2023,9,15,7,0,0,36.3060716191336,137.383246455533,高山市 / 上宝村 / 国・県・市道 / 2頭 / 自宅
2761,2023,9,19,8,0,0,35.69819149398,137.428317878779,中津川市 / 旧付知町 / 国・県・市道 / 1頭 / 自宅
2762,2023,9,16,7,0,0,36.306000648991,137.383243475976,高山市 / 上宝村 / 国・県・市道 / 2頭 / 建設作業
2763,2023,9,16,9,0,0,36.2691778154101,137.575710402179,高山市 / 上宝村 / 山林 / 1頭 / その他
2764,2023,9,17,16,0,0,36.2967348100186,137.374113230224,高山市 / 上宝村 / 山林 / 1頭 / その他
2765,2023,9,17,18,0,0,36.2188868425566,137.540791408643,高山市 / 上宝村 / 国・県・市道 / 1頭 / その他
2766,2023,9,20,17,0,0,36.2464245032995,137.118821542497,飛騨市 / 古川町黒内 / 住宅地 / 1頭 / 自宅
2767,2023,9,23,10,0,0,36.1788917876714,136.900233372774,白川村 / 国・県・市道 / 1頭 / その他車移動
2768,2023,9,24,17,0,0,36.1572034545569,136.910135916758,白川村 / 林道 / 1頭 / その他車移動
2769,2023,9,25,13,0,0,35.5255236205435,137.326153447106,恵那市 / 中野方町 / 住宅地 / 1頭 / 自宅
2770,2023,9,25,18,0,0,35.5203580424308,136.529806171837,揖斐川町 / 久瀬村 / 国・県・市道 / 1頭 / 通勤・通学
2771,2023,9,26,6,0,0,35.3632580018255,137.442078490312,恵那市 / 岩村町 / その他 / 1頭 / その他
2772,2023,9,26,8,0,0,35.3054286855483,137.549626281442,恵那市 / 上矢作町 / 山林 / 1頭 / 自宅
2773,2023,9,26,6,0,0,35.695688526322,137.429331898168,中津川市 / 旧付知町 / 国・県・市道 / 3頭 / その他車移動
2774,2023,9,27,10,0,0,36.2729258693957,137.355728903516,高山市 / 上宝村 / 国・県・市道 / 3頭 / その他
2775,2023,9,23,15,0,0,36.310704122684,137.09877916369,飛騨市 / 飛騨市河合町 / その他 / 2頭 / その他
2776,2023,9,23,7,0,0,36.307817806817,137.093109544464,飛騨市 / 飛騨市河合町 / 国・県・市道 / 1頭 / その他車移動
2777,2023,9,24,9,0,0,35.4270434659758,136.540729359329,池田町 / 登山道 / 2頭 / 登山
2778,2023,9,28,18,0,0,36.2823187755044,137.102473915827,飛騨市 / 飛騨市河合町 / 国・県・市道 / 1頭 / 通勤・通学
2779,2023,9,29,7,0,0,36.1763783726108,136.902042124544,白川村 / 住宅地 / 1頭 / その他車移動
2780,2023,9,20,18,0,0,35.8264663568996,136.904920750493,郡上市 / 山林 / 1頭 / 自宅
2781,2023,9,27,14,0,0,35.8318402908324,136.908662936203,郡上市 / 山林 / 1頭 / 林業作業
2782,2023,10,1,16,0,0,35.7814654459305,136.921861382286,郡上市 / 大和町神路 / 農地 / 1頭 / 農作業
2783,2023,10,2,7,0,0,35.4164466945458,136.558192674143,池田町 / 国・県・市道 / 1頭 / 通勤・通学
2784,2023,9,2,14,0,0,36.0880465334095,137.356971262393,高山市 / 朝日町上ヶ見 / 住宅地 / 1頭 / 自宅
2785,2023,9,2,16,0,0,36.0955316631756,137.257474022955,高山市 / 一之宮町 / 住宅地 / 1頭 / その他
2786,2023,9,6,10,0,0,35.994275307423,137.530406392557,高山市 / 高根町留之原 / 国・県・市道 / 1頭 / その他車移動
2787,2023,9,7,13,0,0,36.0578958159835,136.942664833901,高山市 / 荘川町牛丸 / 国・県・市道 / 2頭 / その他車移動
2788,2023,9,30,8,0,0,36.374550657249,137.372517249278,飛騨市 / 神岡町森茂 / 住宅地 / 1頭 / 自宅
2789,2023,10,1,15,0,0,36.3749392653131,137.369258361451,飛騨市 / 神岡町森茂 / 国・県・市道 / 1頭 / その他車移動
2790,2023,10,3,15,0,0,35.7878973644587,137.273248519385,下呂市 / 山林 / 1頭 / その他車移動
2791,2023,9,24,0,0,0,36.3192531296585,137.305323334137,飛騨市 / 神岡町館野町 / 国・県・市道 / 1頭 / 自宅
2792,2023,9,23,18,0,0,36.3376430679909,137.2957568701,飛騨市 / 神岡町船津 / その他 / 1頭 / 散歩
2793,2023,9,29,19,0,0,36.3194859185222,137.313224146968,飛騨市 / 神岡町殿 / その他 / 3頭 / 自宅
2794,2023,10,8,13,0,0,36.2599478510728,136.902228409443,白川村 / 国・県・市道 / 1頭 / その他車移動
2795,2023,10,9,3,0,0,36.2603436147606,136.907521558478,白川村 / 住宅地 / 1頭 / 散歩
2796,2023,10,7,18,0,0,35.7231209097448,137.363946707301,中津川市 / 加子母 / 山林 / 1頭 / 通勤・通学
2797,2023,10,10,10,0,0,35.4728453413896,137.167784533788,八百津町 / 国・県・市道 / 1頭 / その他車移動
2798,2023,10,12,3,0,0,35.4879347827937,137.107026563002,八百津町 / 住宅地 / 1頭 / その他
2799,2023,10,11,7,0,0,36.263313360984,137.139935693482,飛騨市 / 古川町袈裟丸 / 国・県・市道 / 1頭 / 通勤・通学
2800,2023,10,11,10,0,0,35.530316626194,136.53571364386,揖斐川町 / 久瀬村 / 国・県・市道 / 1頭 / その他
2801,2023,10,10,23,0,0,36.3160544789093,137.264609748952,飛騨市 / 神岡町堀之内　堀之内バス停付近 / 国・県・市道 / 1頭 / 自宅
2802,2023,10,6,16,0,0,36.4011326663408,137.182496516218,飛騨市 / 宮川町桑野 / その他 / 3頭 / その他車移動
2803,2023,10,1,16,0,0,36.3855283546009,137.182889821459,飛騨市 / 宮川町打保 / その他 / 2頭 / その他車移動
2804,2023,10,2,10,0,0,36.2350430956637,137.01706471871,飛騨市 / 河合町保 / 林道 / 2頭 / その他
2805,2023,10,2,8,0,0,36.2823344093424,137.043523774915,飛騨市 / 河合町元田 / 家畜場 / 1頭 / 家畜作業
2806,2023,10,13,10,0,0,35.5173224323081,137.148166931264,八百津町 / 山林 / 1頭 / その他
2807,2023,10,12,6,0,0,35.6396266924689,136.614153077401,本巣市 / 根尾村 / 河川敷 / 1頭 / その他
2808,2023,10,13,14,0,0,36.2491458569528,137.498164312113,高山市 / 上宝村 / その他 / 1頭 / その他
2809,2023,10,13,16,0,0,35.4941562395938,136.590012931464,揖斐川町 / 揖斐川町 / 国・県・市道 / 1頭 / その他車移動
2810,2023,10,15,6,0,0,35.5274517999068,137.233259301787,八百津町 / 国・県・市道 / 1頭 / その他車移動
2811,2023,10,15,16,0,0,35.982300726139,137.422389896135,高山市 / 朝日村 / 山林 / 1頭 / その他車移動
2812,2023,9,10,10,0,0,36.0793789307019,137.376760550141,高山市 / 朝日町浅井 / 住宅地 / 1頭 / 自宅
2813,2023,9,10,17,0,0,36.0341101980819,137.52212187078,高山市 / 高根町阿多野郷 / 住宅地 / 1頭 / 自宅
2814,2023,9,11,11,0,0,36.0318507652489,137.471127114751,高山市 / 高根町大古井 / 国・県・市道 / 1頭 / その他車移動
2815,2023,9,13,7,0,0,36.1756496439049,137.399187480355,高山市 / 丹生川町白井 / 住宅地 / 1頭 / 自宅
2816,2023,9,14,7,0,0,36.0023889916654,137.53972024935,高山市 / 高根町日和田 / 住宅地 / 1頭 / 散歩
2817,2023,9,16,5,0,0,36.0910349301337,137.354474310866,高山市 / 朝日町万石 / 河川敷 / 1頭 / その他
2818,2023,9,16,13,0,0,36.3348495689419,137.403031946672,高山市 / 上宝町金木戸 / 国・県・市道 / 1頭 / その他車移動
2819,2023,9,17,16,0,0,36.2981900882493,137.374602796895,高山市 / 上宝町中山 / 住宅地 / 1頭 / 自宅
2820,2023,10,16,11,0,0,35.454758116602,137.430064258728,恵那市 / 大井町 / 国・県・市道 / 1頭 / その他
2821,2023,9,18,8,0,0,36.0755843464268,137.477409419032,高山市 / 高根町中洞 / その他 / 1頭 / その他
2822,2023,9,19,12,0,0,36.1463695888498,137.07913240585,高山市 / 清見町二本木 / 住宅地 / 1頭 / 農作業
2823,2023,9,19,9,0,0,36.1761692370701,137.30731707582,高山市 / 丹生川町北方 / 河川敷 / 1頭 / その他
2824,2023,9,19,18,0,0,36.0182030720453,136.969642942226,高山市 / 荘川町猿丸 / 国・県・市道 / 1頭 / その他車移動
2825,2023,9,20,11,0,0,36.0025199708414,137.360972984275,高山市 / 朝日町西洞 / その他 / 2頭 / その他
2826,2023,9,20,17,0,0,36.0085488112913,137.353086580213,高山市 / 朝日町西洞 / その他 / 1頭
2827,2023,9,22,14,0,0,36.1769085843095,137.307077295321,高山市 / 丹生川町北方 / 国・県・市道 / 1頭 / その他車移動
2828,2023,9,25,8,0,0,36.022408876234,136.99297254356,高山市 / 荘川町三尾河 / 国・県・市道 / 1頭 / その他車移動
2829,2023,9,27,14,0,0,36.0235808262284,136.967762747232,高山市 / 荘川町猿丸 / 林道 / 1頭 / その他車移動
2830,2023,9,26,18,0,0,36.0311475602164,137.395158842127,高山市 / 朝日町一ノ瀬 / 国・県・市道 / 2頭 / その他車移動
2831,2023,9,30,8,0,0,36.1685603764074,137.261226683442,高山市 / 高山市松本町 / 農地 / 1頭 / 農作業
2832,2023,10,18,5,0,0,35.7041108860543,137.422769568951,中津川市 / 旧付知町 / 国・県・市道 / 1頭 / その他車移動
2833,2023,10,18,8,0,0,35.515067798787,136.654390020948,本巣市 / 本巣町 / 林道 / 1頭 / その他
2834,2023,10,9,18,0,0,36.3345669825871,137.297248650734,飛騨市 / 神岡町船津　旭川やなぎ公園付近 / その他 / 1頭 / 散歩
2835,2023,10,12,10,0,0,36.3252272523778,137.298534167569,飛騨市 / 神岡町朝浦　朝浦不動院付近 / 山林 / 2頭 / 登山
2836,2023,10,14,14,0,0,36.319768492571,137.313388251635,飛騨市 / 神岡町殿　坂巻交差点付近 / 国・県・市道 / 1頭 / 散歩
2837,2023,10,18,9,0,0,35.8425927968184,136.871249324598,郡上市 / 林道 / 1頭 / 建設作業
2838,2023,10,15,7,0,0,35.4718335353705,137.436665892285,中津川市 / 坂本 / 1頭
2839,2023,10,10,16,0,0,35.3935649739084,137.478119510172,中津川市 / 阿木 / 農地 / 1頭 / その他
2840,2023,10,18,17,0,0,35.866356433405,136.85174690192,郡上市 / 白鳥町 / 河川敷 / 1頭 / 農作業
2841,2023,10,11,13,0,0,36.1979300130767,137.322672128531,高山市 / 丹生川町大沼 / 林道 / 3頭 / その他車移動
2842,2023,10,2,17,0,0,36.2199874274899,137.223734854512,高山市 / 国府町半田 / 住宅地 / 1頭 / 散歩
2843,2023,10,3,16,0,0,36.0972545902514,137.132793607633,高山市 / 清見町坂下 / 林道 / 1頭 / 自宅
2844,2023,10,4,21,0,0,36.2882489125408,137.363326266667,高山市 / 上宝町北郷 / 住宅地 / 1頭 / その他
2845,2023,10,6,10,0,0,36.1057556372334,137.12416333781,高山市 / 清見町坂下 / 国・県・市道 / 1頭 / その他車移動
2846,2023,10,6,16,0,0,36.2049763952282,137.309662833787,高山市 / 丹生川町三之瀬 / 住宅地 / 2頭 / 自宅
2847,2023,10,6,18,0,0,36.036584609011,137.484703883031,高山市 / 高根町上ヶ洞 / 住宅地 / 1頭 / 自宅
2848,2023,10,12,11,0,0,36.3325886913484,137.30329313859,飛騨市 / 神岡町東町　坂戸歩道橋付近 / 国・県・市道 / 1頭 / その他
2849,2023,10,18,16,0,0,36.3297923066935,137.30046881335,飛騨市 / 神岡町東町　藤波橋付近 / 国・県・市道 / 1頭 / 通勤・通学
2850,2023,10,19,18,0,0,36.3252332751173,137.303203067071,飛騨市 / 神岡町殿　牛丸ガソリンスタンド付近 / 国・県・市道 / 1頭 / その他
2851,2023,10,7,9,0,0,36.1074112967623,137.114481190045,高山市 / 清見町坂下 / 林道 / 1頭 / その他
2852,2023,10,7,11,0,0,36.1717509818415,137.502251674858,高山市 / 丹生川町久手 / 国・県・市道 / 1頭 / その他
2853,2023,10,11,17,0,0,36.1242551644682,137.184453592371,高山市 / 清見町三日町 / 国・県・市道 / 1頭 / その他車移動
2854,2023,10,10,19,0,0,36.120142789223,137.268897889358,高山市 / 高山市片野町 / 住宅地 / 1頭 / その他
2855,2023,10,10,21,0,0,36.1628886561906,137.268418218762,高山市 / 高山市上野町 / 国・県・市道 / 1頭 / その他車移動
2856,2023,10,11,14,0,0,36.1671515943744,137.326252298498,高山市 / 丹生川町坊方 / 住宅地 / 1頭 / 自宅
2857,2023,10,11,16,0,0,36.2114940535792,137.358230321415,高山市 / 丹生川町折敷地 / 住宅地 / 2頭 / 自宅
2858,2023,10,11,18,0,0,36.2322627366914,137.238744764142,高山市 / 国府町 / 国・県・市道 / 1頭 / その他車移動
2859,2023,10,12,10,0,0,36.1812078599869,137.464310538063,高山市 / 丹生川町旗鉾 / 国・県・市道 / 1頭 / その他車移動
2860,2023,10,14,11,0,0,36.1385947132835,137.261451302567,高山市 / 高山市神明町 / その他 / 1頭 / その他
2861,2023,10,16,16,0,0,35.9840187624111,137.410819838257,高山市 / 朝日町胡桃島 / 林道 / 1頭
2862,2023,10,20,9,0,0,35.9670364509813,136.798176996028,郡上市 / 白鳥町 / 国・県・市道 / 1頭 / その他車移動
2863,2023,10,14,19,0,0,36.2826172795762,137.301905205863,高山市 / 上宝町蔵柱 / 国・県・市道 / 1頭 / その他車移動
2864,2023,10,18,6,0,0,36.1746218077552,137.367646076525,高山市 / 丹生川町小野 / 住宅地 / 1頭 / 自宅
2865,2023,10,19,8,0,0,36.1317838226191,137.264056214114,高山市 / 高山市城山町 / 住宅地 / 1頭 / 自宅
2866,2023,10,19,15,0,0,36.1306407730215,137.263464568399,高山市 / 高山市片野町 / 住宅地 / 1頭 / 自宅
2867,2023,10,20,10,0,0,35.4447052016138,137.420606548324,恵那市 / 長島町正家 / 河川敷 / 1頭 / その他
2868,2023,10,21,6,0,0,35.4750871491495,136.531284789431,揖斐川町 / 揖斐川町 / 農地 / 1頭 / 散歩
2869,2023,10,11,17,0,0,35.8650008745814,137.064009089637,郡上市 / 明宝奥住 / 国・県・市道 / 2頭 / 通勤・通学
2870,2023,10,19,16,0,0,35.9213092563477,137.062485311748,郡上市 / 国・県・市道 / 1頭 / 通勤・通学
2871,2023,10,22,11,0,0,36.3310523079836,137.296983130845,飛騨市 / 神岡町船津、朝浦　神岡小学校北側 / その他 / 1頭 / その他
2872,2023,10,13,11,0,0,35.5655667697682,137.521573143116,中津川市 / 坂下 / 住宅地 / 1頭 / 農作業
2873,2023,10,10,11,0,0,35.5542440029889,137.526976303653,中津川市 / 坂下町 / 農地 / 2頭 / その他車移動
2874,2023,10,6,18,0,0,35.5922138977216,137.513827929126,中津川市 / 坂下町 / 国・県・市道 / 1頭 / その他車移動
2875,2023,10,23,11,0,0,35.7881038356579,137.273145141658,下呂市 / 山林 / 1頭 / その他車移動
2876,2023,4,20,11,0,0,35.5515060098622,137.538310319787,中津川市 / 坂下町 / 国・県・市道 / 1頭 / その他車移動
2877,2023,10,23,17,0,0,36.3087239972462,137.324381421134,飛騨市 / 神岡町麻生野　松ヶ瀬処分場付近 / 国・県・市道 / 1頭 / その他車移動
2878,2023,10,24,11,0,0,35.8768901448087,136.934298406569,郡上市 / 白鳥町 / 国・県・市道 / 1頭 / その他車移動
2879,2023,10,25,16,0,0,35.5933601077628,137.509580718524,中津川市 / 坂下町 / 国・県・市道 / 1頭 / その他車移動
2880,2023,10,26,13,0,0,36.2957506920723,137.069322516034,飛騨市 / 河合町羽根 / 国・県・市道 / 1頭 / その他車移動
2881,2023,10,26,15,0,0,36.3266892836244,137.135237837368,飛騨市 / 宮川町森安 / 山林 / 1頭 / その他車移動
2882,2023,10,25,1,0,0,36.4094495655477,137.186690553974,飛騨市 / 宮川町桑野 / 国・県・市道 / 1頭 / その他車移動
2883,2023,10,26,14,0,0,36.1858528369518,137.551838091298,高山市 / 上宝村 / 国・県・市道 / 1頭 / その他車移動
2884,2023,10,25,12,0,0,36.2475015663875,137.583524729896,高山市 / 上宝村 / 登山道 / 2頭 / 登山
2885,2023,10,27,5,0,0,36.2439188070628,137.191462557071,飛騨市 / 古川町下気多 / 住宅地 / 1頭 / 自宅
2886,2023,10,24,17,0,0,35.456147384008,136.552636128033,池田町 / 住宅地 / 1頭 / 自宅
2887,2023,10,25,21,0,0,35.4533712610116,136.541794429393,池田町 / その他 / 1頭 / その他
2888,2023,10,26,15,0,0,35.5855115137415,137.515212806978,中津川市 / 坂下町 / 河川敷 / 1頭 / その他車移動
2889,2023,10,26,16,0,0,35.5780059361006,137.530985774927,中津川市 / 坂下町 / 国・県・市道 / 1頭 / 通勤・通学
2890,2023,10,26,18,0,0,35.5796721853891,137.51620813421,中津川市 / 坂下町 / 国・県・市道 / 1頭 / その他車移動
2891,2023,10,26,8,0,0,35.4921466092456,136.613446897149,大野町 / 登山道 / 1頭 / 登山
2892,2023,10,19,8,0,0,36.1580638937525,137.256471119679,高山市 / 高山市松本町 / 住宅地 / 1頭 / 自宅
2893,2023,10,27,9,0,0,35.555202551465,137.234895400066,白川町 / 山林 / 1頭 / その他車移動
2894,2023,10,27,10,0,0,35.3400448168852,137.363671376063,恵那市 / 山岡町 / 山林 / 1頭 / その他車移動
2895,2023,10,29,20,0,0,35.5348483301032,136.519446395661,揖斐川町 / 久瀬村 / 国・県・市道 / 1頭 / その他
2896,2023,10,30,8,0,0,35.5234217604342,136.787598287789,山県市 / 高富町 / その他 / 1頭 / その他
2897,2023,10,30,13,0,0,35.5892001734118,137.389967103024,白川町 / 国・県・市道 / 1頭 / 林業作業
2898,2023,10,29,7,0,0,35.7877982901194,137.273383960759,下呂市 / 山林 / 1頭 / その他車移動
2899,2023,10,28,15,0,0,35.7328131722338,137.31770159195,下呂市 / 河川敷 / 2頭 / その他車移動
2900,2023,10,31,11,0,0,36.3032313528948,137.080374937936,飛騨市 / 河合町中澤上 / 国・県・市道 / 1頭 / その他車移動
2901,2023,11,1,0,0,0,35.5109451736333,136.658139660685,本巣市 / 本巣町 / 国・県・市道 / 1頭 / その他
2902,2023,10,29,7,0,0,35.8547995139691,137.035789244726,郡上市 / 明宝 / 国・県・市道 / 1頭
2903,2023,11,1,8,0,0,35.7805578711529,137.112687446757,郡上市 / 和良町 / 山林 / 1頭 / 散歩
2904,2023,10,17,16,0,0,35.7378144520723,137.05309925768,郡上市 / 和良町 / 河川敷 / 1頭 / 散歩
2905,2023,10,25,8,0,0,36.329471282221,137.295288838254,飛騨市 / 神岡町朝浦　神岡小学校西側 / 国・県・市道 / 1頭 / 自宅
2906,2023,11,1,20,0,0,36.3292680887807,137.301783658101,飛騨市 / 神岡町坂富町　神岡中学校下付近 / 国・県・市道 / 1頭 / 自宅
2907,2023,11,4,6,0,0,35.4971380280159,136.65504911821,大野町 / 国・県・市道 / 2頭 / その他
2908,2023,11,1,,,,35.5244733234395,136.95771710016,関市 / 関市 / 山林 / 建設作業
2909,2023,11,3,10,0,0,35.5362632127199,136.947263629828,関市 / 関市 / 山林 / 3頭 / その他
2910,2023,11,4,14,0,0,36.3035191712358,137.081119263568,飛騨市 / 河合町中澤上 / 国・県・市道 / 1頭 / その他車移動
2911,2023,11,3,5,0,0,35.9421623860544,137.250338373804,下呂市 / 国・県・市道 / 1頭 / その他車移動
2912,2023,11,5,7,0,0,35.9376455809237,137.248691899771,下呂市 / その他 / 1頭 / その他車移動
2913,2023,11,3,11,0,0,36.3295145567847,137.1364658566,飛騨市 / 宮川町森安 / その他 / 2頭 / その他
2914,2023,11,4,11,0,0,36.328032904096,137.135728518812,飛騨市 / 宮川町森安 / 農地 / 1頭 / 散歩
2915,2023,11,3,17,0,0,36.4002669722875,137.182137244011,飛騨市 / 宮川町桑野 / その他 / 1頭 / その他
2916,2023,11,6,14,0,0,35.6653618941335,137.423419005771,中津川市 / 旧付知町 / 河川敷 / 1頭 / 建設作業
2917,2023,11,6,16,0,0,35.3381179189361,137.38865690452,恵那市 / 山岡町 / 山林 / 1頭 / 通勤・通学
2918,2023,11,6,16,0,0,35.5010990337645,136.777411925962,山県市 / 高富町 / その他 / 1頭 / その他
2919,2023,10,27,10,0,0,35.8068707688085,136.9076684266,郡上市 / 大和町 / 山林 / 1頭 / 自宅
2920,2023,10,20,16,0,0,36.2055271259428,137.191664720583,高山市 / 国府町宇津江 / 住宅地 / 1頭 / 自宅
2921,2023,10,23,11,0,0,36.2236298305428,137.245344270296,高山市 / 国府町東門前 / 住宅地 / 1頭 / 自宅
2922,2023,10,24,10,0,0,36.1945001591338,137.257792640822,高山市 / 国府町村山 / 住宅地 / 3頭 / その他
2923,2023,10,24,12,0,0,36.0923849881422,137.254426950725,高山市 / 一之宮町 / 住宅地 / 1頭 / その他
2924,2023,10,24,15,0,0,36.1498206314118,137.261929413058,高山市 / 高山市三福寺町 / その他 / 1頭 / 散歩
2925,2023,10,24,15,0,0,36.1374031569109,137.274868916279,高山市 / 高山市江名子町 / 住宅地 / 1頭 / その他車移動
2926,2023,11,7,16,0,0,36.4012017996179,137.182444460736,飛騨市 / 宮川町桑野 / その他 / 1頭 / その他車移動
2927,2023,10,26,14,0,0,36.1768935210726,137.258984084488,高山市 / 高山市下切町 / 農地 / 1頭 / 農作業
2928,2023,10,28,13,0,0,36.0460334842583,137.483957319528,高山市 / 高根町上ヶ洞 / 国・県・市道 / 1頭 / その他車移動
2929,2023,10,30,10,0,0,36.1578064895246,137.299341176446,高山市 / 高山市大洞町 / 住宅地 / 2頭 / 自宅
2930,2023,10,30,15,0,0,36.1210115606267,137.229611863553,高山市 / 高山市松倉町 / 農地 / 1頭 / 農作業
2931,2023,10,31,6,0,0,36.2661703793287,137.565365851985,高山市 / 奥飛騨温泉郷中尾 / 住宅地 / 1頭 / その他
2932,2023,11,8,16,0,0,35.6565836950731,137.4186004455,中津川市 / 旧付知町 / 国・県・市道 / 1頭 / その他車移動
2933,2023,11,8,17,0,0,35.5595938698548,136.511523759528,揖斐川町 / 久瀬村 / 国・県・市道 / 1頭 / 通勤・通学
2934,2023,11,9,7,0,0,35.9379377970975,137.248775155297,下呂市 / 国・県・市道 / 3頭 / その他車移動
2935,2023,11,9,6,0,0,36.3844289544318,137.181754755355,飛騨市 / 宮川町打保 / その他 / 1頭 / その他
2936,2023,11,8,7,0,0,36.3097893663118,137.25151393852,飛騨市 / 神岡町伏方　伏方公民館付近 / 国・県・市道 / 1頭 / 通勤・通学
2937,2023,11,7,19,0,0,36.3347036998063,137.295843934148,飛騨市 / 神岡町船津　花園町 / 国・県・市道 / 1頭 / その他
2938,2023,11,8,16,0,0,36.2893418735221,137.363571835242,高山市 / 上宝村 / 農地 / 1頭 / 散歩
2939,2023,11,10,6,0,0,36.3097252063113,137.251435223053,飛騨市 / 神岡町伏方　伏方公民館付近 / 国・県・市道 / 1頭 / その他車移動
2940,2023,5,18,7,0,0,35.7075630064316,136.896280178725,郡上市 / 八幡町那比 / 国・県・市道 / 1頭 / 自宅
2941,2023,7,4,6,0,0,35.7075461835277,136.896314770986,郡上市 / 八幡町那比 / 国・県・市道 / 1頭 / 自宅
2942,2023,10,10,17,0,0,35.7459098729418,136.953613950809,郡上市 / 八幡町島谷 / 山林 / 1頭 / その他
2943,2023,11,2,20,0,0,35.737056330371,136.946445298039,郡上市 / 八幡町中野 / 国・県・市道 / 1頭 / その他
2944,2023,11,2,10,0,0,35.7484142966686,136.945367040434,郡上市 / 八幡町有坂 / 国・県・市道 / 1頭 / 散歩
2945,2023,11,10,7,0,0,35.7101789714918,137.020987738651,郡上市 / 八幡町洲河 / 国・県・市道 / 1頭 / 通勤・通学
2946,2023,11,1,11,0,0,36.1261807061987,137.231433801273,高山市 / 高山市松倉町 / 国・県・市道 / 1頭 / その他車移動
2947,2023,11,3,15,0,0,36.1729088545222,137.05763288402,高山市 / 清見町池本 / 住宅地 / 1頭 / その他
2948,2023,11,7,16,0,0,36.120670049567,137.243340931216,高山市 / 高山市松倉町 / 国・県・市道 / 1頭 / その他車移動
2949,2023,11,10,7,0,0,36.1317525147037,137.213200357902,高山市 / 高山市新宮町 / 農地 / 1頭 / 農作業
2950,2023,11,13,14,0,0,35.3578880676261,137.453351908594,恵那市 / 岩村町 / 山林 / 1頭 / その他車移動
2951,2023,11,10,16,0,0,36.3297670406589,137.299890955815,飛騨市 / 神岡町朝浦　藤波八丁付近 / 国・県・市道 / 1頭 / 散歩
2952,2023,11,11,8,0,0,36.3931584658111,137.280676391058,飛騨市 / 神岡町東漆山　第４洞門付近 / 国・県・市道 / 1頭 / その他車移動
2953,2023,11,15,14,0,0,36.2943032635232,137.062936444358,飛騨市 / 河合町羽根 / 山林 / 1頭 / 林業作業
2954,2023,11,15,19,0,0,35.7227355716892,137.133101479187,下呂市 / 国・県・市道 / 1頭 / その他車移動
2955,2023,11,17,13,0,0,35.285557121051,137.427337232554,恵那市 / 串原 / 国・県・市道 / 1頭 / 農作業
2956,2023,11,21,6,0,0,35.5057843942537,136.683549100545,本巣市 / 本巣町 / 林道 / 1頭 / その他
2957,2023,11,22,19,0,0,35.6564696054115,137.219463909432,白川町 / 林道 / 1頭 / その他車移動
2958,2023,11,23,21,0,0,36.3062272685871,137.321077590949,飛騨市 / 神岡町東雲　カントリーロード東雲薬師橋 / 国・県・市道 / 1頭 / その他
2959,2023,11,24,16,0,0,36.318368232624,137.279000221811,飛騨市 / 神岡町寺林　しましまハウス / 河川敷 / 2頭 / 自宅
2960,2023,11,26,8,0,0,35.5006597514322,137.115656390556,八百津町 / 林道 / 1頭 / その他
2961,2023,11,27,9,0,0,36.2480799965626,137.15258678369,飛騨市 / 古川町中野　白山神社付近 / その他 / 1頭 / その他
2962,2023,11,26,18,0,0,35.6463172997322,137.321038523133,東白川村 / その他 / 1頭
2963,2023,11,11,19,0,0,36.1783932897983,137.485217346822,高山市 / 丹生川町久手 / 国・県・市道 / 1頭 / その他車移動
2964,2023,11,15,18,0,0,36.1490643002441,137.260968617474,高山市 / 高山市左京町 / 住宅地 / 1頭 / 自宅
2965,2023,11,19,17,0,0,36.1945960745056,137.549151024039,高山市 / 奥飛騨温泉郷平湯 / 国・県・市道 / 1頭 / その他車移動
2966,2023,11,21,11,0,0,36.2300543050901,137.202019529815,高山市 / 国府町山本 / 住宅地 / 1頭 / 自宅
2967,2023,11,22,18,0,0,36.2495029988658,137.51539687581,高山市 / 奥飛騨温泉豪栃尾 / その他 / 1頭 / 建設作業
2968,2023,11,23,15,0,0,36.1463506514343,137.241307163607,高山市 / 高山市上岡本町 / 国・県・市道 / 1頭 / その他車移動
2969,2023,11,21,20,0,0,35.5307096871322,136.530425231054,揖斐川町 / 久瀬村 / 国・県・市道 / 1頭 / その他
2970,2023,11,17,14,0,0,35.4747610389905,137.393005105602,恵那市 / 大井町 / 国・県・市道 / 1頭 / その他車移動
2971,2023,11,30,7,0,0,35.4638604028082,137.392038052817,恵那市 / 大井町 / 国・県・市道 / 1頭 / その他車移動
2972,2023,11,22,6,0,0,35.3419738928539,137.376049820639,恵那市 / 山岡町 / 国・県・市道 / 1頭 / 散歩
2973,2023,11,24,7,0,0,35.2744474064723,137.418099803805,恵那市 / 串原 / 国・県・市道 / 1頭 / 通勤・通学
2974,2023,12,5,18,0,0,35.4723404682165,136.497032732826,揖斐川町 / 春日村 / 国・県・市道 / 1頭 / その他車移動
2975,2023,12,6,7,0,0,35.2765892956052,137.417349999219,恵那市 / 串原 / 国・県・市道 / 1頭 / 通勤・通学
2976,2023,12,7,7,0,0,35.4510764759063,137.400221858796,恵那市 / 長島町 / 山林 / 1頭 / 散歩
2977,2023,12,6,18,0,0,35.5271289213803,136.561963564218,揖斐川町 / 谷汲村 / 国・県・市道 / 1頭 / その他
2978,2023,12,9,12,0,0,35.7960863183249,137.118829694214,郡上市 / 和良町神子歩岐　付近 / 河川敷 / 1頭 / 自宅
2979,2023,12,9,16,0,0,35.7846775566629,137.116395980937,郡上市 / 和良町土京　旧立石温泉付近 / 国・県・市道 / 1頭 / その他車移動
2980,2023,12,11,17,0,0,35.7384733844474,137.064815918179,郡上市 / 和良町 / 国・県・市道 / 1頭 / その他車移動
2981,2023,12,12,9,0,0,35.7398839070028,137.067377693739,郡上市 / 和良町横野 / 国・県・市道 / 1頭 / その他車移動
2982,2023,12,14,11,0,0,35.3776220722663,137.444279656697,恵那市 / 岩村町 / 国・県・市道 / 1頭 / 散歩
2983,2023,12,10,18,0,0,36.2424273602146,137.521528661595,高山市 / 上宝村 / 国・県・市道 / 1頭 / その他車移動
2984,2023,12,27,8,0,0,35.5226493772957,137.149902286429,八百津町 / 農地 / 1頭 / その他車移動
2985,2023,12,10,18,0,0,36.2405070401199,137.525690102904,高山市 / 奥飛騨温泉郷一重ヶ根 / 住宅地 / 1頭 / 散歩
2986,2023,12,1,13,0,0,36.1590001531609,137.238088961136,高山市 / 高山市冬頭町 / 国・県・市道 / 1頭 / その他車移動
2987,2023,12,12,18,0,0,36.15455378365,137.293239816967,高山市 / 高山市松之木町 / 住宅地 / 1頭 / その他車移動
2988,2023,12,22,9,0,0,36.240257902437,137.527987840435,高山市 / 高山市一重ヶ根 / 住宅地 / 1頭 / 自宅
2989,2023,12,23,14,0,0,36.137304090718,137.264329677458,高山市 / 高山市城山町 / その他 / 1頭 / 散歩
2990,2024,1,2,8,0,0,35.5165900422325,136.645587903185,揖斐川町 / 谷汲村 / 国・県・市道 / 1頭 / 散歩
2991,2023,12,30,11,0,0,36.3335592516868,137.30180496925,飛騨市 / 神岡町東町 / 国・県・市道 / 1頭 / 自宅
2992,2024,1,2,8,0,0,35.6357117374574,136.608853281864,本巣市 / 根尾村 / 国・県・市道 / 1頭
2993,2024,1,12,17,0,0,35.3446410615942,137.33242734476,恵那市 / 山岡町 / 山林 / 1頭 / その他車移動
2994,2024,1,19,15,0,0,35.5164249403992,136.645840478192,揖斐川町 / 谷汲村 / その他 / 1頭 / その他
2995,2024,1,9,21,0,0,35.5322182169473,136.57937989752,揖斐川町 / 谷汲村 / 国・県・市道 / 1頭 / 通勤・通学
2996,2024,1,16,21,0,0,35.5346942516578,136.568390216208,揖斐川町 / 谷汲村 / その他 / 1頭 / 通勤・通学
2997,2024,1,5,9,0,0,36.1303042709039,137.17799217025,高山市 / 清見町三日町 / 住宅地 / 1頭 / その他
2998,2024,2,9,11,0,0,35.4651633940776,137.398631195869,恵那市 / 大井町 / 国・県・市道 / 1頭 / 通勤・通学
2999,2024,2,14,13,0,0,35.532905233486,137.147601592569,八百津町 / 農地 / 1頭 / 自宅
3000,2024,2,14,17,0,0,35.7401902656697,137.061153784822,郡上市 / 和良町三庫（東野）　ほきや貝野付近 / 農地 / 1頭 / その他車移動
3001,2024,2,22,15,0,0,35.4748734674766,137.163573058274,八百津町 / 国・県・市道 / 1頭 / 通勤・通学
3002,2024,2,29,9,0,0,35.459507920342,137.404003123813,恵那市 / 大井町 / 国・県・市道 / 1頭 / その他車移動
3003,2024,3,5,16,0,0,35.6572989908716,137.421356892861,中津川市 / 旧付知町 / 山林 / 1頭 / その他車移動
3004,2024,3,18,12,0,0,35.3520999368012,137.372611457449,恵那市 / 山岡町 / 山林 / 1頭 / 農作業
3005,2024,3,14,9,0,0,35.5514740414533,136.466261828902,揖斐川町 / 久瀬村 / 国・県・市道 / 1頭 / その他車移動
3006,2023,11,11,7,0,0,35.6257151773772,136.860285293379,美濃市 / 乙狩 / 山林 / 1頭 / 散歩
3007,2023,8,8,,,,35.5420049829797,136.860383493405,美濃市 / 大矢田 / 家畜場 / 1頭 / その他
3008,2023,4,21,10,0,0,35.5080564121504,136.606561543317,揖斐川町 / 谷汲村 / 国・県・市道 / 1頭 / その他車移動
3009,2023,11,14,,,,35.3332789278903,136.532142209762,大垣市 / 上石津町 / 山林 / 1頭 / その他
3010,2024,2,27,4,0,0,35.3988599599288,137.31513386268,瑞浪市 / 山林 / 1頭 / 自宅
3011,2022,4,5,15,0,0,35.5456702921179,137.302051941948,白川町 / 蘇原村 / 林地 / 1頭 / 付近を通行
3012,2022,4,4,11,0,0,35.28769648092,137.393306680694,恵那市 / 明智町 / 明智浄化センター付近 / 1頭
3013,2022,4,16,11,30,0,36.2756652756677,137.578282043703,高山市 / 上宝村 / 鍋平駐車場 / 1頭
3014,2022,4,20,13,0,0,35.2649366009029,137.44162740446,恵那市 / 串原松本バス停付近 / 1頭
3015,2022,4,20,11,45,0,36.272319715559,137.577830416665,高山市 / 上宝村 / 奥飛騨温泉郷神坂 / 2頭
3016,2022,4,20,11,45,0,36.2639944511411,137.430917725401,高山市 / 上宝村 / 上宝町葛山バス停 / 1頭
3017,2022,4,20,12,25,0,35.5721939850647,137.502687465207,中津川市 / 坂下 / 坂下上外地内 / 1頭 / 付近を通行
3018,2022,4,22,15,30,0,35.5801935391789,137.522774799423,中津川市 / 坂下 / 中学校裏 / 1頭 / 下校中の小学生が目撃
3019,2022,4,24,10,0,0,35.5517893282159,137.535678222871,中津川市 / 坂下 / 乙姫大橋付近 / 1頭 / 何かを食べていた
3020,2022,4,29,8,40,0,36.2727270856675,137.576644354864,高山市 / 上宝村 / 奥飛騨温泉郷神坂 / 2頭
3021,2022,4,28,15,30,0,36.2486288507449,137.516820712187,高山市 / 上宝村 / 奥飛騨温泉郷栃尾 / 1頭
3022,2022,5,14,19,30,0,36.2524022232507,137.16933790012,飛騨市 / 古川町太江 / 太江　丸茂製材所付近 / 1頭 / 幼獣1頭
3023,2022,5,14,12,0,0,35.3996649761263,137.489295910899,中津川市 / 国・県・市道 / 1頭 / その他車移動
3024,2022,5,18,16,0,0,35.7849552862253,136.965737299702,郡上市 / 八幡町初音字印雀 / 林道 / 1頭 / その他
3025,2022,5,20,13,0,0,36.3303860183082,137.143003434105,飛騨市 / 宮川町西忍 / 国・県・市道 / 1頭 / 散歩
3026,2022,5,24,18,0,0,35.752936656999,137.044656632663,郡上市 / 八幡町入間 / 国・県・市道 / 1頭 / その他車移動
3027,2022,5,24,14,0,0,36.2709892562087,137.350127083222,高山市 / 上宝村 / 山林 / 1頭 / その他車移動
3028,2022,5,14,12,0,0,35.5303344557294,137.218271464127,八百津町 / 八百津町 / 国・県・市道 / 1頭 / その他車移動
3029,2022,6,4,17,0,0,36.258008169194,137.138519297854,飛騨市 / 古川町信包地内　森林公園 / 山林 / 1頭 / その他
3030,2022,6,13,9,0,0,36.2553611246151,137.131890737264,飛騨市 / 古川町信包地内　森林公園付近 / 国・県・市道 / 1頭 / その他車移動
3031,2022,6,9,8,0,0,35.8117056818376,136.953065476553,郡上市 / 大和町古道1464番　南側　神路川周辺 / 国・県・市道 / 1頭 / 通勤・通学
3032,2022,6,14,11,0,0,36.2957427956301,137.180008093083,飛騨市 / 古川町数河地内 / 山林 / 1頭 / その他
3033,2022,6,15,9,0,0,35.6860340351132,137.419948972935,中津川市 / 付知町 / 山林 / 1頭 / その他車移動
3034,2022,6,17,7,0,0,36.2968176278412,137.187506969465,飛騨市 / 古川町数河地内　松尾白山神社付近 / 山林 / 1頭 / 散歩
3035,2022,6,17,18,0,0,36.1866302942913,136.903642469911,白川村 / 住宅地 / 1頭 / その他車移動
3036,2022,6,18,18,0,0,36.1816764182278,136.900056601013,白川村 / 国・県・市道 / 1頭 / その他車移動
3037,2022,6,18,11,0,0,36.2587652746856,136.906166149584,白川村 / 河川敷 / 1頭 / 散歩
3038,2022,6,19,15,0,0,36.2635101463478,136.901351148829,白川村 / 農地 / 1頭 / 散歩
3039,2022,6,20,5,0,0,36.2631529923888,136.904687933033,白川村 / 河川敷 / 1頭 / 通勤・通学
3040,2022,6,18,16,0,0,35.7860991765479,137.11636876586,郡上市 / 和良町 / 国・県・市道 / 1頭 / その他車移動
3041,2022,6,21,8,0,0,36.2657649436808,136.903595874075,白川村 / 農地 / 1頭 / 通勤・通学
3042,2022,6,21,5,0,0,36.2662777639962,136.903791506006,白川村 / 国・県・市道 / 1頭 / その他車移動
3043,2022,6,21,7,0,0,36.2683322734919,136.9005638856,白川村 / 国・県・市道 / 1頭 / その他車移動
3044,2022,6,17,16,0,0,36.449709378916,137.268854895268,飛騨市 / 神岡町横山 / 農地 / 1頭 / その他
3045,2022,6,22,6,0,0,36.3158587428566,137.340814533484,飛騨市 / 神岡町麻生野 / 国・県・市道 / 3頭 / その他車移動
3046,2022,6,22,13,0,0,36.3104700371686,137.254755854971,飛騨市 / 神岡町伏方 / 国・県・市道 / 1頭 / その他車移動
3047,2022,6,23,10,0,0,36.3328457823435,137.152878831983,飛騨市 / 宮川町牧戸 / その他 / 1頭 / 農作業
3048,2022,6,24,7,0,0,36.3234254741735,137.135934522194,飛騨市 / 宮川町野首 / 農地 / 1頭 / その他車移動
3049,2022,6,27,13,0,0,36.2619734688411,137.204007319602,飛騨市 / 古川町太江地内まんきん橋付近 / 国・県・市道 / 2頭 / その他車移動
3050,2022,6,26,8,0,0,36.270959568303,137.144333931332,飛騨市 / 古川町末真 / 国・県・市道 / 1頭 / その他
3051,2022,6,17,5,0,0,36.2995596564234,137.249045654079,飛騨市 / 神岡町山田 / 農地 / 1頭 / 農作業
3052,2022,6,24,5,0,0,36.2994752672695,137.248892469083,飛騨市 / 神岡町山田 / 農地 / 1頭 / 農作業
3053,2022,6,25,5,0,0,36.2995454466448,137.249230051245,飛騨市 / 神岡町山田 / 家畜場 / 1頭 / 農作業
3054,2022,6,27,7,0,0,36.2667342270907,137.23521820195,飛騨市 / 神岡町柏原 / その他 / 1頭 / その他車移動
3055,2022,6,27,7,0,0,36.3143580122008,137.30515316292,飛騨市 / 神岡町小萱 / 国・県・市道 / 1頭 / 通勤・通学
3056,2022,6,30,,,,35.5753473759251,136.791399391495,山県市 / 美山町 / 国・県・市道 / 1頭
3057,2022,7,1,7,0,0,35.3034885118244,137.539035418441,恵那市 / 上矢作町達原　大平地区 / 国・県・市道 / 1頭 / その他車移動
3058,2022,7,4,11,0,0,35.2946118763552,137.415212679537,恵那市 / 明智町東方馬木地内 / 国・県・市道 / 2頭 / その他車移動
3059,2022,7,4,8,0,0,36.2669100474212,137.26491302792,高山市 / 上宝村 / 山林 / 1頭 / 通勤・通学
3060,2022,4,8,,,,36.2126018652249,137.21649658664,高山市 / 国府町広瀬町 / 住宅地 / 1頭 / その他
3061,2022,4,27,7,0,0,36.1775203559829,137.492375851131,高山市 / 丹生川町久手 / 住宅地 / 1頭 / 自宅
3062,2022,4,28,7,0,0,36.1769780727032,137.492929454143,高山市 / 丹生川町久手 / 住宅地 / 1頭 / 自宅
3063,2022,5,1,8,0,0,36.0519151609377,137.554531100708,高山市 / 高根町野麦 / 登山道 / 2頭 / 通勤・通学
3064,2022,5,7,16,0,0,36.0628420795911,137.226950793607,一之宮町 / 住宅地 / 1頭 / 通勤・通学
3065,2022,5,13,11,0,0,36.0808985790719,137.269351058116,高山市 / 久々野町山梨 / 住宅地 / 1頭
3066,2022,5,13,17,0,0,36.0725428339573,137.267383476026,高山市 / 久々野町山梨 / 住宅地 / 1頭 / 自宅
3067,2022,5,16,9,0,0,36.0644259414798,136.955928687147,高山市 / 荘川町岩瀬 / 住宅地 / 1頭 / その他
3068,2022,5,20,10,0,0,36.1872504893207,137.376142061147,高山市 / 丹生川町瓜田 / 農地 / 1頭
3069,2022,5,22,17,0,0,36.0665167559647,136.955798208927,高山市 / 荘川町岩瀬 / 住宅地 / 1頭 / 自宅
3070,2022,5,30,12,0,0,36.1743129739136,137.390741194992,高山市 / 丹生川町小野 / 農地 / 1頭 / 自宅
3071,2022,6,1,16,0,0,36.0674211146454,137.268057638093,高山市 / 久々野町山梨 / 住宅地 / 1頭 / 自宅
3072,2022,6,2,17,0,0,36.0921813498788,137.343909220574,高山市 / 朝日町 / 住宅地 / 1頭 / 自宅
3073,2022,7,12,7,0,0,35.4217362059057,137.492136906408,中津川市 / 飯沼 / 林道 / 3頭 / 農作業
3074,2022,6,5,11,0,0,36.0542116276577,137.55580493609,高山市 / 高根町野麦 / 山林 / 1頭 / その他
3075,2022,6,9,8,0,0,36.1729416161942,137.497777521853,高山市 / 丹生川町久手 / 国・県・市道 / 1頭 / その他車移動
3076,2022,6,9,9,0,0,36.0384710014486,137.488155405644,高山市 / 高根町上ヶ洞 / 住宅地 / 1頭 / その他
3077,2022,6,10,8,0,0,36.0745776027516,137.21272729369,高山市 / 一之宮町 / 国・県・市道 / 1頭 / 通勤・通学
3078,2022,6,13,19,0,0,36.0285197620072,137.448824894366,高山市 / 高根町中之宿 / 国・県・市道 / 1頭 / その他車移動
3079,2022,6,14,18,0,0,36.1992773640821,137.344903407059,高山市 / 丹生川町折敷地 / 国・県・市道 / 1頭 / その他車移動
3080,2022,6,14,4,0,0,36.0790300324952,137.378806362008,高山市 / 朝日町浅井 / 住宅地 / 1頭 / 自宅
3081,2022,6,15,8,0,0,36.0789171481871,137.37893096937,高山市 / 朝日町浅井 / 住宅地 / 1頭 / 自宅
3082,2022,6,16,15,0,0,36.2088283263184,137.348602729617,高山市 / 丹生川町折敷地 / 住宅地 / 1頭 / 農作業
3083,2022,6,17,8,0,0,36.0550970418033,137.271972957579,高山市 / 久々野町久々野 / 住宅地 / 1頭 / その他車移動
3084,2022,6,16,18,0,0,36.0809441643219,137.358783778257,高山市 / 朝日町寺澤 / 林道 / 1頭 / その他車移動
3085,2022,6,17,16,0,0,36.0782515791289,137.37877651955,高山市 / 朝日町黒川 / 住宅地 / 1頭 / 自宅
3086,2022,6,17,17,0,0,36.0760461415964,137.380387441821,高山市 / 朝日町黒川 / 住宅地 / 1頭 / 自宅
3087,2022,6,18,8,0,0,36.1326888803076,137.31285434947,高山市 / 高山市塩屋町 / 林道 / 1頭 / その他車移動
3088,2022,6,18,12,0,0,36.0640415282171,137.222619172064,高山市 / 一之宮町 / 林道 / 1頭 / その他車移動
3089,2022,6,20,7,0,0,36.0810189564873,137.362688188957,高山市 / 朝日町寺澤 / 住宅地 / 1頭 / その他車移動
3090,2022,7,11,15,0,0,36.3035416187295,137.304619801733,飛騨市 / 神岡町小萱 / 山林 / 3頭 / その他
3091,2022,6,21,6,0,0,36.2159858972356,137.372303402338,高山市 / 丹生川町折敷地 / 山林 / 1頭 / その他
3092,2022,6,21,11,0,0,36.2041318858073,137.32345585738,高山市 / 丹生川町大沼 / 住宅地 / 1頭 / 自宅
3093,2022,6,21,11,0,0,36.0238323243303,137.415911640107,高山市 / 高根町猪之鼻 / 山林 / 1頭 / 林業作業
3094,2022,6,21,13,0,0,36.1478517559665,137.438225966324,高山市 / 高山市岩井町 / 国・県・市道 / 2頭 / その他
3095,2022,6,21,16,0,0,36.1507298142744,137.237248656975,高山市 / 高山市下岡本町 / 住宅地 / 1頭 / 自宅
3096,2022,6,22,10,0,0,36.1474892080954,137.438623388025,高山市 / 高山市岩井町 / 国・県・市道 / 1頭 / その他
3097,2022,6,22,12,0,0,36.1045578280751,137.113195351699,清見町坂下 / 登山道 / 1頭 / 登山
3098,2022,6,22,14,0,0,36.0783517054674,137.383110776399,高山市 / 朝日町浅井 / 国・県・市道 / 1頭 / その他車移動
3099,2022,6,22,15,0,0,36.173728721894,137.285539684298,高山市 / 丹生川町新張 / 国・県・市道 / 1頭 / その他車移動
3100,2022,6,26,11,0,0,36.0923851280857,137.343243377233,高山市 / 朝日町立岩 / 住宅地 / 1頭 / 自宅
3101,2022,6,26,14,0,0,36.0879901822227,137.347730851508,高山市 / 朝日町万石 / 住宅地 / 1頭 / その他
3102,2022,6,27,7,0,0,36.1766673966646,137.255236682219,高山市 / 高山市上野町 / その他 / 1頭 / その他車移動
3103,2022,6,28,15,0,0,36.0800686935254,137.374196785705,高山市 / 朝日町浅井 / 住宅地 / 1頭 / 自宅
3104,2022,6,30,9,0,0,36.0567180328946,136.941966052746,高山市 / 荘川町石丸 / 住宅地 / 1頭 / その他車移動
3105,2022,7,4,8,0,0,36.2701919523078,137.269464481103,高山市 / 上宝町原 / 住宅地 / 1頭 / その他車移動
3106,2022,7,6,10,0,0,36.049014316774,137.565610841212,高山市 / 高根町野麦 / 住宅地 / 1頭 / 自宅
3107,2022,7,7,9,0,0,36.0125090469375,136.988937388932,高山市 / 荘川町黒谷 / 住宅地 / 1頭 / 自宅
3108,2022,7,7,9,0,0,36.2864754520155,137.573349292508,高山市 / 奥飛騨温泉郷神坂 / 国・県・市道 / 1頭 / その他
3109,2022,7,7,19,0,0,36.1578170747091,137.079174446009,高山市 / 清見町二本木 / 住宅地 / 1頭 / 自宅
3110,2022,7,9,11,0,0,36.0744246578677,137.38721211614,高山市 / 朝日町浅井 / 国・県・市道 / 2頭 / その他車移動
3111,2022,7,9,14,0,0,36.0119538260823,136.989463508124,高山市 / 荘川町黒谷 / 住宅地 / 1頭 / 自宅
3112,2022,7,12,8,0,0,35.96087234131,137.468770391623,高山市 / 高根町日和田 / その他 / 1頭 / 家畜作業
3113,2022,7,9,11,0,0,36.0767766680853,137.384043963626,高山市 / 朝日町浅井 / 河川敷 / 1頭 / その他車移動
3114,2022,7,8,11,0,0,35.4876825866343,137.181514678388,八百津町 / 八百津町 / 国・県・市道 / 1頭 / その他車移動
3115,2022,7,13,12,0,0,35.7408501585414,136.984132739609,郡上市 / 八幡町口洞 / 国・県・市道 / 1頭 / その他車移動
3116,2022,7,18,10,0,0,36.2614008762006,137.559857853985,高山市 / 上宝村 / 住宅地 / 1頭 / 自宅
3117,2022,7,17,18,0,0,35.8560923082388,137.028408303855,その他 / 1頭 / 自宅
3118,2022,7,16,8,0,0,36.3274690553322,137.295820841054,飛騨市 / 神岡町朝浦 / 農地 / 2頭 / その他
3119,2022,7,24,18,0,0,36.1932662036669,137.548510026042,高山市 / 上宝村 / 山林 / 2頭
3120,2022,7,10,,,,36.2871674302169,137.579358162841,高山市 / 上宝村 / 登山道 / 2頭 / 登山
3121,2022,7,18,,,,36.2866731085577,137.573201421079,高山市 / 上宝村 / 登山道 / 1頭
3122,2022,7,25,14,0,0,36.291856383617,137.572922117233,高山市 / 上宝村 / 登山道 / 1頭 / 建設作業
3123,2022,7,25,17,0,0,36.2917939964771,137.573047042064,高山市 / 上宝村 / 登山道 / 1頭 / 登山
3124,2022,7,26,15,0,0,36.310523599105,137.595442858412,高山市 / 上宝村 / 登山道 / 1頭 / 登山
3125,2022,7,26,14,0,0,36.1845956969698,137.557270672169,高山市 / 上宝村 / 山林 / 3頭 / その他
3126,2022,7,29,17,0,0,35.6610669352439,137.211039549465,白川町 / 国・県・市道 / 1頭 / 通勤・通学
3127,2022,7,31,18,0,0,35.5829205366196,137.291882326943,白川町 / 国・県・市道 / 1頭 / 散歩
3128,2022,7,30,18,0,0,35.6408445079823,137.50575018506,中津川市 / 川上村 / 国・県・市道 / 1頭 / 林業作業
3129,2022,7,31,9,0,0,35.5938881946693,137.490469802336,中津川市 / 坂下町 / 農地 / 1頭 / その他車移動
3130,2022,8,2,9,0,0,35.6545431894406,136.956171834464,郡上市 / 美並町 / 河川敷 / 1頭 / その他
3131,2022,7,20,13,0,0,35.9464108168329,137.485215957735,高山市 / 高根町日和田 / その他 / 1頭 / その他
3132,2022,7,21,9,0,0,36.0786017056102,137.365963504225,高山市 / 朝日町大廣 / 住宅地 / 1頭 / 自宅
3133,2022,7,21,17,0,0,36.1244627871952,137.184306386986,高山市 / 清見町三日町 / 住宅地 / 1頭 / その他車移動
3134,2022,7,22,18,0,0,36.205760384327,137.190150200083,高山市 / 国府町宇津江 / 住宅地 / 1頭 / 自宅
3135,2022,7,23,12,0,0,36.1726148765704,137.503039688859,高山市 / 丹生川町久手 / 国・県・市道 / 1頭 / その他車移動
3136,2022,7,23,19,0,0,36.1940226055587,137.548723570269,高山市 / 奥飛騨温泉郷 / 国・県・市道 / 2頭 / その他車移動
3137,2022,7,26,14,0,0,36.1848305300314,137.552951099956,高山市 / 奥飛騨温泉郷平湯 / 住宅地 / 1頭 / その他
3138,2022,7,28,11,0,0,35.947223228775,137.485818476137,高山市 / 高根町日和田 / その他 / 1頭 / その他
3139,2022,7,28,17,0,0,36.0810001594818,137.365038936853,高山市 / 朝日町浅井 / 住宅地 / 1頭 / その他車移動
3140,2022,7,29,11,0,0,35.938636381736,137.082297723151,高山市 / 清見町大原 / その他 / 1頭 / その他
3141,2022,7,29,16,0,0,36.0576139413132,137.053089592914,高山市 / 清見六厩 / その他 / 1頭 / その他
3142,2022,7,30,12,0,0,36.2864755034931,137.576468450623,高山市 / 奥飛騨温泉郷神坂 / その他 / 2頭 / その他
3143,2022,7,31,16,0,0,36.0755812870127,137.477618918543,高山市 / 高根町中洞 / その他 / 1頭 / その他
3144,2022,8,2,10,0,0,36.051985871239,137.555135662318,高山市 / 国・県・市道 / 1頭
3145,2022,8,3,16,0,0,36.055928047426,137.476159075139,高山市 / 高根町池ヶ洞 / その他 / 1頭 / その他
3146,2022,8,4,10,0,0,36.0521114351386,137.555500473368,高山市 / 高根町野麦 / 国・県・市道 / 1頭 / その他
3147,2022,8,7,18,0,0,36.0880194996602,137.347341570984,高山市 / 朝日町万石 / 住宅地 / 1頭 / その他
3148,2022,8,4,10,0,0,35.9798844391554,137.527196552274,高山市 / 高根町留之原 / 国・県・市道 / 1頭 / その他車移動
3149,2022,8,3,16,0,0,36.2737669887554,137.393998494352,高山市 / 上宝村 / 国・県・市道 / 1頭 / その他車移動
3150,2022,8,9,6,0,0,36.3162059546189,137.340275872474,飛騨市 / 神岡町麻生野 / 農地 / 3頭 / 農作業
3151,2022,8,8,17,0,0,36.2770808527963,137.154515432009,飛騨市 / 古川町戸市 / 国・県・市道 / 1頭 / その他車移動
3152,2022,8,8,18,0,0,36.0918681939157,137.388220589638,高山市 / 朝日町青屋 / 国・県・市道 / 1頭 / その他車移動
3153,2022,8,9,7,0,0,36.0897863626228,137.328634993795,高山市 / 朝日町甲 / 住宅地 / 1頭 / その他車移動
3154,2022,8,9,8,0,0,36.0902913733842,137.334162004815,高山市 / 朝日町甲 / 住宅地 / 1頭 / 自宅
3155,2022,8,9,14,0,0,36.0918903712393,137.329866390663,高山市 / 朝日町甲 / 河川敷 / 1頭 / 自宅
3156,2022,8,9,18,0,0,36.1810174136967,137.513811471078,高山市 / 丹生川久手 / 国・県・市道 / 1頭 / その他車移動
3157,2022,8,5,,,,36.2516160827582,137.242131244952,高山市 / 上宝村 / 山林 / 1頭 / 自宅
3158,2022,8,12,13,0,0,35.6632523517621,136.931895757828,郡上市 / 美並町 / 山林 / 2頭 / 散歩
3159,2022,8,15,,,,36.2513597908391,137.242113613002,高山市 / 上宝村 / 山林 / 1頭 / 自宅
3160,2022,8,15,,,,36.3165671867846,137.396565565223,高山市 / 上宝村 / 国・県・市道 / 1頭 / 農作業
3161,2022,8,12,7,0,0,36.1787787442933,137.508949698467,高山市 / 丹生川町久手 / 国・県・市道 / 1頭 / その他車移動
3162,2022,8,12,8,0,0,36.1812452148604,137.219535729043,高山市 / 高山市上切町 / 国・県・市道 / 1頭 / その他車移動
3163,2022,8,12,14,0,0,36.0323067931803,137.441752917444,高山市 / 高根町中之宿 / 国・県・市道 / 1頭 / その他車移動
3164,2022,8,13,19,0,0,36.0230017395078,137.393326116607,高山市 / 朝日町下桑之島 / 住宅地 / 1頭 / 自宅
3165,2022,8,15,2,0,0,36.2517088292399,137.242443599613,高山市 / 上宝荒原 / 住宅地 / 1頭 / 自宅
3166,2022,8,14,9,0,0,36.1763889068844,137.494764757175,高山市 / 丹生川町久手 / 国・県・市道 / 1頭 / その他車移動
3167,2022,8,15,11,0,0,36.1769499670353,137.492286644975,高山市 / 丹生川町久手 / その他 / 1頭 / その他
3168,2022,8,15,16,0,0,36.1787570968894,137.367812900496,高山市 / 丹生川町瓜田 / 林道 / 1頭 / その他車移動
3169,2022,8,17,8,0,0,36.3166543433595,137.396645865429,高山市 / 上宝村 / 農地 / 1頭 / 農作業
3170,2022,8,6,11,0,0,36.4109240568337,137.314847512255,飛騨市 / 神岡町跡津川 / 国・県・市道 / 1頭 / 通勤・通学
3171,2022,8,12,17,0,0,36.3180610233567,137.133112047117,飛騨市 / 宮川町岸奥 / 河川敷 / 1頭 / その他車移動
3172,2022,7,31,14,0,0,36.4173487041806,137.193280005211,飛騨市 / 宮川町杉原 / 国・県・市道 / 1頭 / その他車移動
3173,2022,8,16,14,0,0,36.0263529099257,137.392153306961,高山市 / 朝日町一之宿 / 農地 / 1頭 / 農作業
3174,2022,8,17,16,0,0,36.0098739340742,136.987879038116,荘川町黒谷 / その他 / 1頭 / 自宅
3175,2022,8,19,6,0,0,36.1594214446518,137.06567067034,清見町池本 / 農地 / 1頭 / 農作業
3176,2022,8,19,11,0,0,35.9941320399946,137.352270089169,高山市 / 朝日町西洞 / その他 / 1頭 / その他
3177,2022,8,19,16,0,0,36.036783384966,136.986801361884,荘川町三谷 / 国・県・市道 / 1頭 / その他車移動
3178,2022,8,22,7,0,0,36.0028194852594,137.539417880515,高山市 / 高根町日和田 / 住宅地 / 1頭 / 自宅
3179,2022,8,22,7,0,0,36.0524008455881,137.504028161942,高山市 / 高根町黍生 / 住宅地 / 1頭 / 自宅
3180,2022,8,22,10,0,0,36.0010011204037,137.355239421784,高山市 / 朝日町西洞 / 国・県・市道 / 1頭 / その他車移動
3181,2022,8,22,13,0,0,36.0772658656375,137.384223645846,高山市 / 朝日町浅井 / 家畜場 / 1頭 / 家畜作業
3182,2022,8,23,8,0,0,36.1800229716315,137.478472215593,高山市 / 丹生川町久手 / 国・県・市道 / 1頭 / その他車移動
3183,2022,8,21,10,0,0,35.5799666894111,137.532676558526,中津川市 / 坂下町 / 山林 / 1頭 / その他
3184,2022,4,25,18,0,0,35.5894705193181,137.459332380482,中津川市 / 旧福岡町下野 / 国・県・市道 / 1頭
3185,2022,8,26,5,0,0,36.2815999136552,137.315010347536,高山市 / 上宝村 / 農地 / 1頭 / 農作業
3186,2022,5,24,19,0,0,35.5863656437721,137.459636953349,中津川市 / 旧福岡町下野 / 農地 / 1頭
3187,2022,7,11,8,0,0,35.5271983186648,137.44083033993,中津川市 / 旧福岡町高山 / 農地 / 1頭
3188,2022,8,3,10,0,0,35.5835572401348,137.464704566024,中津川市 / 旧福岡町下野 / 農地 / 1頭
3189,2022,9,5,10,0,0,35.6630603522031,136.862838285963,関市 / 登山道 / 1頭 / 登山
3190,2022,9,2,16,0,0,36.3954184435144,137.374257566563,飛騨市 / 神岡町下之本 / 農地 / 2頭 / 農作業
3191,2022,9,6,6,0,0,36.3952948106079,137.374090019621,飛騨市 / 神岡町下之本 / 農地 / 2頭 / 農作業
3192,2022,8,25,10,0,0,36.3055941778421,137.250788361546,飛騨市 / 神岡町伏方 / 農地 / 1頭 / 農作業
3193,2022,8,26,8,0,0,36.3056841483378,137.251011161406,飛騨市 / 神岡町伏方 / 国・県・市道 / 1頭 / その他車移動
3194,2022,9,1,3,0,0,35.5852415636134,137.557517025181,中津川市 / 山口村 / 国・県・市道 / 1頭 / その他
3195,2022,9,6,5,0,0,35.5365148429061,137.554864493006,中津川市 / 山口村 / 国・県・市道 / 2頭 / その他
3196,2022,9,8,1,0,0,36.401793883755,137.2925784807,飛騨市 / 神岡町牧 / 住宅地 / 1頭 / 自宅
3197,2022,9,5,10,0,0,35.5654787897902,137.447365968686,中津川市 / 旧福岡町福岡 / 国・県・市道 / 1頭 / その他
3198,2022,8,29,17,0,0,36.0382938779469,137.498683627031,高山市 / 高根町上ヶ洞 / 国・県・市道 / 1頭 / その他車移動
3199,2022,8,26,7,0,0,36.0922763675884,137.400211616664,高山市 / 朝日町青屋 / 住宅地 / 1頭 / 自宅
3200,2022,8,26,16,0,0,36.091813080164,137.4037776949,高山市 / 朝日町青屋 / 住宅地 / 1頭 / 自宅
3201,2022,8,29,11,0,0,36.2813328424556,137.315064110387,高山市 / 上宝町蔵柱 / 家畜場 / 1頭 / 家畜作業
3202,2022,8,29,14,0,0,36.0060423557399,137.550107777576,高山市 / 高根町日和田 / 住宅地 / 1頭 / 自宅
3203,2022,8,31,14,0,0,36.0886841642121,137.357542542419,高山市 / 朝日町青屋 / 国・県・市道 / 1頭 / その他車移動
3204,2022,8,29,6,0,0,36.0615782772582,137.041482283169,高山市 / 荘川町六厩 / 住宅地 / 1頭 / その他車移動
3205,2022,9,2,17,0,0,36.1457425952283,137.411899515627,高山市 / 高山市岩井町 / 国・県・市道 / 1頭 / 通勤・通学
3206,2022,9,8,6,0,0,36.1950233461646,137.25980512749,高山市 / 国府町上広瀬町 / 国・県・市道 / 1頭 / 通勤・通学
3207,2022,9,8,6,0,0,35.9987730127122,137.28662525968,高山市 / 久々野町渚 / 住宅地 / 1頭 / 自宅
3208,2022,9,8,17,0,0,36.1791232838618,137.270764659694,高山市 / 丹生川町新張 / 住宅地 / 1頭 / 自宅
3209,2022,9,12,6,0,0,36.0925481370415,137.357075728755,高山市 / 朝日町立岩 / 林道 / 1頭 / 農作業
3210,2022,9,12,10,0,0,36.1752813714588,137.379275730041,高山市 / 丹生川町小野 / 住宅地 / 1頭 / その他
3211,2022,9,14,4,0,0,36.0622377289476,137.047360482892,高山市 / 荘川町六厩 / 住宅地 / 1頭 / 自宅
3212,2022,9,14,8,0,0,35.2973202239744,137.36410861906,恵那市 / 明智町太田　下田良子口バス停付近 / 国・県・市道 / 1頭 / その他車移動
3213,2022,9,26,10,0,0,35.301517615708,137.420785320028,恵那市 / 明智町東方地内　小杉口バス停付近 / 国・県・市道 / 1頭 / 通勤・通学
3214,2022,8,3,18,0,0,36.264796917126,137.133637996165,飛騨市 / 古川町谷 / 山林 / 1頭 / 自宅
3215,2022,9,27,14,0,0,35.4316692178801,137.452245960949,恵那市 / 東野　番屋林道入口付近 / 国・県・市道 / 1頭 / その他車移動
3216,2022,7,6,18,0,0,36.329345710148,137.135978814174,飛騨市 / 宮川村 / 山林 / 1頭 / その他車移動
3217,2022,7,22,18,0,0,36.3433087559842,137.181985039363,飛騨市 / 宮川村 / 山林 / 1頭 / その他車移動
3218,2022,8,10,17,0,0,36.317178741337,137.13298083694,飛騨市 / 宮川村 / 河川敷 / 1頭 / その他車移動
3219,2022,10,7,10,0,0,36.3153200333514,137.393328855647,高山市 / 上宝村 / 国・県・市道 / 1頭 / その他車移動
3220,2022,10,7,7,0,0,35.6856126287714,137.422088254113,中津川市 / 旧付知町 / 林道 / 1頭 / その他車移動
3221,2022,10,16,15,0,0,35.5077475451579,137.446887317512,中津川市 / 旧福岡町高山 / 1頭
3222,2022,10,30,16,0,0,35.5259459739906,136.918124609842,美濃市 / 国・県・市道 / 1頭 / 自宅
3223,2022,9,25,17,0,0,36.1469539858839,137.437989305841,高山市 / 高山市岩井町 / 国・県・市道 / 1頭 / その他車移動
3224,2022,9,27,17,0,0,36.0619074143105,137.047538387032,高山市 / 荘川町六厩 / 住宅地 / 1頭 / 自宅
3225,2022,10,4,8,0,0,36.0442724538431,137.442505236113,高山市 / 高根町中洞 / 国・県・市道 / 1頭 / その他車移動
3226,2022,10,7,10,0,0,36.3171444137749,137.395563351956,高山市 / 上宝町双六 / 住宅地 / 1頭 / 自宅
3227,2022,10,12,7,0,0,36.147371392206,137.437992823794,高山市 / 高山市岩井町 / 国・県・市道 / 1頭 / その他車移動
3228,2022,11,9,16,0,0,35.4592469835819,137.398501723009,恵那市 / 長島町中野地内　乗越配水池東側付近 / 山林 / 1頭 / 自宅
3229,2022,11,29,11,0,0,35.5113536706938,137.519659403884,中津川市 / 落合 / 国・県・市道 / 1頭 / 通勤・通学
3230,2022,10,13,15,0,0,35.4186021939262,137.459777329328,中津川市 / 飯沼 / 山林 / 1頭 / その他車移動
3231,2022,11,18,15,0,0,35.5227470655878,137.511150406038,中津川市 / 瀬戸 / 山林 / 1頭 / 建設作業
3232,2022,11,30,8,0,0,35.2735486884917,137.47551868743,恵那市 / 上矢作町下　特別養護老人ホーム福寿苑付近 / 山林 / 1頭 / 散歩
3233,2022,12,3,15,0,0,35.3824164576738,137.50137922743,中津川市 / 阿木 / 山林 / 1頭 / その他車移動
3234,2022,12,3,20,0,0,35.5979033549718,137.158597306208,白川町 / 国・県・市道 / 1頭 / その他車移動
3235,2022,10,4,21,0,0,35.5554284326631,137.235787424323,白川町 / 国・県・市道 / 1頭 / その他車移動
3236,2022,12,7,15,0,0,35.4354056940254,137.444531919684,恵那市 / 東野　浜井場バス停南東側500m付近 / 山林 / 1頭 / 建設作業
3237,2022,5,13,10,0,0,35.7310193246039,137.123986917984,下呂市 / 金山町 / 林道 / 1頭 / その他車移動
3238,2022,8,1,15,0,0,35.9461678025604,137.258205480077,下呂市 / 小坂町 / 国・県・市道 / 1頭 / その他車移動
3239,2022,8,2,13,0,0,35.9429489314908,137.252068111972,下呂市 / 小坂町 / 国・県・市道 / 1頭 / その他車移動
3240,2022,8,12,9,0,0,35.9886647110655,137.214762119273,下呂市 / 萩原町 / 林道 / 1頭 / その他
3241,2022,8,31,17,0,0,35.7951093741781,137.290106077571,下呂市 / 下呂町 / 国・県・市道 / 1頭 / その他車移動
3242,2022,9,4,16,0,0,35.802462985534,137.294710610117,下呂市 / 下呂町 / 国・県・市道 / 1頭 / その他
3243,2022,10,14,15,0,0,35.7602240855756,137.299094029824,下呂市 / 下呂町 / 農地 / 1頭 / 通勤・通学
3244,2022,11,9,16,0,0,35.770112515779,137.266439754004,下呂市 / 下呂町 / 国・県・市道 / 1頭 / 自宅
3245,2022,10,4,17,0,0,35.7852290667662,137.252225802832,下呂市 / 下呂町 / 国・県・市道 / 1頭 / 自宅
3246,2022,9,2,14,0,0,35.7989919140173,137.259432176157,下呂市 / 下呂町 / 国・県・市道 / 1頭 / その他車移動
3247,2022,9,3,5,0,0,35.8006173169609,137.261409037943,下呂市 / 下呂町 / 国・県・市道 / 1頭 / その他
3248,2022,12,4,8,0,0,35.8163189470031,137.241315099754,下呂市 / 下呂町 / 登山道 / 1頭 / 登山
3249,2022,12,8,10,0,0,35.9149781768765,137.143676877224,下呂市 / 馬瀬村 / 住宅地 / 1頭 / 自宅
3250,2022,12,23,13,0,0,35.4735684845726,137.416331306558,恵那市 / 大井町新岡瀬沢地内　新岡瀬沢集会所付近 / 住宅地 / 1頭 / 自宅
3251,2022,5,16,22,0,0,35.6101430431636,136.623707112298,本巣市 / 根尾村 / 山林 / 1頭 / その他
3252,2022,7,1,7,0,0,35.5395534171542,136.66784794366,本巣市 / 本巣町 / 山林 / 1頭 / 通勤・通学
3253,2022,5,23,8,0,0,35.6269786295847,136.619919003738,本巣市 / 根尾村 / 山林 / 1頭 / その他
3254,2022,7,22,9,0,0,35.329463947111,137.210426300469,国・県・市道 / 1頭 / その他車移動
3255,2022,11,10,10,0,0,35.2815567501247,137.245363064207,土岐市 / 国・県・市道 / 1頭 / その他車移動
3256,2022,11,28,17,0,0,35.369165417728,137.208849182764,土岐市 / その他 / 1頭 / 通勤・通学
3257,2022,12,18,15,0,0,35.2793679251335,137.231125142295,土岐市 / その他 / 1頭 / 散歩
3258,2023,2,1,7,0,0,35.3178241150219,137.207674642437,土岐市 / 国・県・市道 / 1頭 / 通勤・通学
3259,2023,2,12,11,0,0,35.3275744364328,137.213172391698,土岐市 / 国・県・市道 / 1頭 / その他車移動
3260,2021,4,12,19,0,0,35.5749713314991,137.208193510586,白川町 / 国・県・市道 / 1頭 / その他車移動
3261,2021,4,25,13,0,0,35.6452661005331,137.513479725868,中津川市 / 川上 / 林道 / 2頭 / 登山
3262,2021,4,16,15,0,0,36.3483373566349,137.185228417623,飛騨市 / 宮川村大字種蔵 / 山林 / 1頭 / 建設作業
3263,2021,4,28,5,0,0,36.2671580671872,137.235838398983,飛騨市 / 神岡町柏原 / 国・県・市道 / 1頭 / 通勤・通学
3264,2021,4,30,15,0,0,35.6002362981149,136.625712897354,本巣市 / 根尾高尾 / その他 / 1頭 / その他
3265,2021,4,27,18,0,0,35.6101218366105,136.626667342178,本巣市 / 根尾板所 / 国・県・市道 / 1頭 / 通勤・通学
3266,2021,4,28,12,0,0,35.4858445360707,137.411806156633,中津川市 / 中津川市 / 国・県・市道 / 1頭 / その他車移動
3267,2021,5,13,9,0,0,36.3358975447723,137.145389888621,飛騨市 / 宮川町西忍 / 住宅地 / 1頭 / 農作業
3268,2021,5,19,9,0,0,36.3297265730357,137.149941902433,飛騨市 / 宮川町牧戸 / 河川敷 / 1頭 / その他車移動
3269,2021,5,26,16,0,0,36.327351879199,137.144371091125,飛騨市 / 宮川町林 / 山林 / 1頭 / その他車移動
3270,2021,6,2,11,0,0,36.2352048442472,137.176040328424,飛騨市 / 古川町高野 / 山林 / 1頭
3271,2021,4,3,9,0,0,35.5358548443728,137.449232641002,中津川市 / 旧福岡町高山 / 国・県・市道 / 1頭
3272,2021,5,19,6,0,0,35.5654286106944,137.446912842817,中津川市 / 旧福岡町福岡 / 国・県・市道 / 1頭
3273,2021,6,5,8,0,0,36.3822771302042,137.375422311898,飛騨市 / 神岡町森茂 / 林道 / 1頭 / 通勤・通学
3274,2021,6,6,14,0,0,35.6400952087502,137.506777400732,中津川市 / 中津川市川上 / 河川敷 / 1頭 / その他
3275,2021,6,7,8,0,0,35.6430434289865,137.502623851974,中津川市 / 中津川市川上 / 山林 / 1頭 / その他
3276,2021,5,6,13,0,0,35.3047173488908,137.361002000169,恵那市 / 明智町太田地区　旧吉田こども園付近 / 国・県・市道 / 1頭
3277,2021,4,21,16,0,0,35.4319964352714,137.384686895279,恵那市 / 農地 / 1頭 / 通勤・通学
3278,2021,5,12,,,,35.4485325174033,137.434602155974,恵那市 / 国・県・市道 / 1頭 / 自宅
3279,2021,6,13,19,0,0,35.4985738128578,137.169457081218,八百津町 / 八百津町八百津槻ヶ洞2449-11　付近 / 国・県・市道 / 1頭 / その他車移動
3280,2021,6,15,10,0,0,35.57665032226,136.930401086222,美濃市 / 立花 / 農地 / 1頭 / 自宅
3281,2021,6,18,15,0,0,36.3414264294687,137.179963029183,飛騨市 / 宮川村大字丸山 / 山林 / 1頭 / 建設作業
3282,2021,6,17,7,0,0,36.2237911638657,137.185076927707,飛騨市 / 古川町高野 / 山林 / 1頭
3283,2021,5,27,12,0,0,36.3395641080053,137.165622565278,飛騨市 / 宮川町丸山 / 河川敷 / 1頭 / その他
3284,2021,6,10,11,0,0,36.3454924259249,137.180236441437,飛騨市 / 宮川町三川原 / 住宅地 / 1頭 / 自宅
3285,2021,6,13,16,0,0,36.3934176890526,137.178814896052,飛騨市 / 宮川町戸谷 / 国・県・市道 / 1頭 / その他車移動
3286,2021,6,20,5,0,0,36.3934509146591,137.17867410578,飛騨市 / 宮川町戸谷 / 国・県・市道 / 1頭 / その他車移動
3287,2021,6,20,19,0,0,36.3056577348051,137.110484644565,飛騨市 / 宮川町落合 / 国・県・市道 / 1頭 / 自宅
3288,2021,6,23,8,0,0,36.3148990494091,137.132022212933,飛騨市 / 宮川町岸奥 / 国・県・市道 / 1頭 / その他車移動
3289,2021,6,22,7,0,0,35.8508202130473,137.030674163785,郡上市 / 郡上市明宝気良 / 国・県・市道 / 1頭 / 通勤・通学
3290,2021,6,23,11,0,0,36.3510474164582,137.179978868174,飛騨市 / 宮川町三川原 / 山林 / 1頭 / 自宅
3291,2021,6,23,14,0,0,35.5001231281342,137.309373664744,恵那市 / 中野方町 / 国・県・市道 / 1頭
3292,2021,6,24,7,0,0,36.2967300548433,137.121666534398,飛騨市 / 宮川町大無雁 / 国・県・市道 / 1頭 / その他車移動
3293,2021,6,24,10,0,0,36.3394335524989,137.16547266447,飛騨市 / 宮川町丸山 / 河川敷 / 1頭 / その他
3294,2021,6,25,12,0,0,35.8591097522847,137.044301685274,郡上市 / 明宝二間手 / 国・県・市道 / 1頭 / その他車移動
3295,2021,6,4,12,0,0,36.1999008966963,136.898959397684,白川村 / 国・県・市道 / 1頭 / その他車移動
3296,2021,6,23,11,0,0,36.1998283492585,136.898841451289,白川村 / 国・県・市道 / 1頭 / その他車移動
3297,2021,6,24,9,0,0,36.1997158443277,136.898911335737,白川村 / 国・県・市道 / 1頭 / その他
3298,2021,6,7,11,0,0,36.2137369621313,136.888049566639,白川村 / 山林 / 1頭 / その他車移動
3299,2021,6,15,18,0,0,36.267579795828,136.898331332692,白川村 / 国・県・市道 / 1頭 / その他車移動
3300,2021,6,5,7,0,0,36.2748651757249,136.905526192718,白川村 / 農地 / 1頭 / その他車移動
3301,2021,6,21,7,0,0,36.173784552041,136.907716656576,白川村 / 住宅地 / 1頭 / その他車移動
3302,2021,6,21,18,0,0,36.1908725025319,136.903220442373,白川村 / 住宅地 / 1頭 / 自宅
3303,2021,6,23,9,0,0,36.177227388798,136.900410930892,白川村 / 国・県・市道 / 2頭 / その他車移動
3304,2021,6,22,8,0,0,36.1759159470528,136.90604074759,白川村 / その他 / 1頭 / 散歩
3305,2021,6,24,7,0,0,36.2068529335211,136.896028966146,白川村 / 住宅地 / 1頭 / 自宅
3306,2021,6,24,18,0,0,36.2694751768153,136.897157166753,白川村 / 国・県・市道 / 1頭 / その他車移動
3307,2021,6,25,15,0,0,36.1949885210383,136.899293273828,白川村 / 国・県・市道 / 1頭 / その他車移動
3308,2021,6,27,12,0,0,36.3487623640415,137.182254376136,飛騨市 / 宮川町巣之内 / 河川敷 / 1頭 / その他車移動
3309,2021,6,29,12,0,0,36.3437896943309,137.180324191891,飛騨市 / 宮川町三川原 / 農地 / 1頭 / その他
3310,2021,6,29,12,0,0,36.2228808208145,137.530180323978,高山市 / 上宝村福地 / 農地 / 1頭 / その他車移動
3311,2021,6,29,18,0,0,36.4123903306424,137.189219419792,飛騨市 / 宮川町杉原 / 住宅地 / 1頭 / 通勤・通学
3312,2021,6,30,12,0,0,35.8563256755348,137.030445617929,郡上市 / 明宝気良 / 住宅地 / 1頭 / その他
3313,2021,7,5,8,0,0,35.5515046007318,137.538258996196,中津川市 / 坂下町字握、長野県山口村 / 国・県・市道 / 1頭 / その他車移動
3314,2021,4,11,17,0,0,36.2039771551689,137.247188506743,高山市 / 国府町上広瀬 / 農地 / 1頭 / 農作業
3315,2021,4,26,17,0,0,36.1533282929885,137.288762938435,高山市 / 高山市松之木町 / 住宅地 / 1頭 / 散歩
3316,2021,5,8,8,0,0,36.2169330777369,137.258336821082,高山市 / 国府町宮地 / 山林 / 1頭 / その他車移動
3317,2021,5,10,16,0,0,36.0423269429516,137.5456547793,高山市 / 高根町野麦 / 国・県・市道 / 1頭 / その他車移動
3318,2021,5,13,18,0,0,36.1845618891232,137.254666438978,高山市 / 高山市下切町 / その他 / 1頭 / その他車移動
3319,2021,5,13,19,0,0,36.2245610490107,137.228232507699,高山市 / 国府町桐谷 / 国・県・市道 / 1頭 / その他車移動
3320,2021,5,17,10,0,0,36.0434441765972,137.482190368594,高山市 / 高根町上ヶ洞 / 国・県・市道 / 1頭 / その他車移動
3321,2021,5,19,6,0,0,36.1385321590417,137.34748933808,高山市 / 高山市滝町 / 国・県・市道 / 1頭 / その他車移動
3322,2021,5,19,15,0,0,36.1385261891238,137.347711554317,高山市 / 高山市滝町 / 国・県・市道 / 1頭 / その他車移動
3323,2021,5,19,15,0,0,36.1733647471753,137.287678791634,高山市 / 丹生川町新張 / 国・県・市道 / 1頭 / その他車移動
3324,2021,5,23,11,0,0,36.2146719819645,137.2205358409,高山市 / 国府町三日町 / 農地 / 1頭 / 農作業
3325,2021,7,4,13,0,0,35.8555809128847,137.029040212029,郡上市 / 明宝気良 / 国・県・市道 / 1頭 / その他車移動
3326,2021,7,5,6,0,0,35.8545265528931,137.029230256353,郡上市 / 明宝気良 / 国・県・市道 / 2頭 / その他車移動
3327,2021,7,5,18,0,0,35.6372902319241,137.456355737695,中津川市 / 付知町 / その他 / 1頭 / その他
3328,2021,5,24,8,0,0,36.1363693886299,137.352525177717,高山市 / 高山市滝町 / 農地 / 1頭 / 農作業
3329,2021,5,24,13,0,0,36.1384583541724,137.334898960354,高山市 / 高山市滝町 / 国・県・市道 / 1頭 / その他車移動
3330,2021,5,26,14,0,0,36.1363750386946,137.352877276601,高山市 / 高山市滝町 / 農地 / 1頭 / 農作業
3331,2021,5,29,17,0,0,36.1355983167776,137.352456002932,高山市 / 高山市滝町 / 農地 / 1頭 / 農作業
3332,2021,6,1,17,0,0,36.215356605847,137.193080160987,高山市 / 国府町宇津江 / 山林 / 1頭
3333,2021,6,1,17,0,0,36.2350074480305,137.238322949879,高山市 / 国府町八日町 / 山林 / 1頭 / 農作業
3334,2021,6,2,16,0,0,36.0478774521355,137.398512913458,高山市 / 朝日町小瀬ヶ洞 / 国・県・市道 / 1頭 / その他車移動
3335,2021,6,4,12,0,0,36.1376018175668,137.349850587687,高山市 / 高山市滝町 / 農地 / 1頭 / 農作業
3336,2021,6,7,9,0,0,36.1387311097205,137.356820125477,高山市 / 高山市滝町 / 農地 / 1頭 / 農作業
3337,2021,6,6,22,0,0,36.2367211930681,137.242590399756,高山市 / 国府町八日町 / 住宅地 / 1頭 / 自宅
3338,2021,6,6,16,0,0,36.094249373599,137.311414178999,高山市 / 久々野町小屋名 / 農地 / 1頭 / 農作業
3339,2021,6,11,15,0,0,36.1790982724301,137.291826099435,高山市 / 丹生川町細越 / 住宅地 / 1頭 / 農作業
3340,2021,6,12,16,0,0,36.1790348013173,137.490306551352,高山市 / 丹生川町久手 / 林道 / 1頭 / その他車移動
3341,2021,6,13,11,0,0,36.174398492368,137.493623515561,高山市 / 丹生川町久手 / その他 / 1頭 / その他
3342,2021,6,13,10,0,0,36.1797935641919,137.479394959215,高山市 / 丹生川町久手 / 住宅地 / 1頭 / その他車移動
3343,2021,6,13,12,0,0,36.1742344270815,137.50602464057,高山市 / 丹生川久手 / その他 / 1頭 / その他
3344,2021,6,14,7,0,0,36.1575868912463,137.25965844451,高山市 / 高山市三福寺町 / 住宅地 / 1頭 / 自宅
3345,2021,6,15,15,0,0,36.0795479541844,137.361250033269,高山市 / 朝日町浅井 / 国・県・市道 / 1頭 / 農作業
3346,2021,6,15,15,0,0,36.0508544805116,137.398139742616,高山市 / 朝日町小瀬ヶ洞 / 国・県・市道 / 1頭 / その他車移動
3347,2021,6,17,17,0,0,36.1736245350425,137.314748925364,高山市 / 丹生川町北方 / 住宅地 / 1頭 / 農作業
3348,2021,6,19,11,0,0,36.0362835895761,137.490371360317,高山市 / 高根町上ヶ洞 / 国・県・市道 / 1頭 / その他車移動
3349,2021,6,20,7,0,0,36.13271596042,137.357750403994,高山市 / 高山市岩井町 / 農地 / 1頭 / 自宅
3350,2021,6,20,8,0,0,36.0737794776578,137.384854761154,高山市 / 朝日町黒川 / 国・県・市道 / 1頭 / その他車移動
3351,2021,6,21,8,0,0,36.0380417301344,137.261022057511,高山市 / 一之宮町 / 山林 / 1頭 / その他
3352,2021,6,22,11,0,0,36.2136081345399,137.360530262598,高山市 / 丹生川町折敷地 / 農地 / 1頭 / 農作業
3353,2021,6,22,14,0,0,36.2137623865144,137.360240772622,高山市 / 丹生川町折敷地 / 農地 / 1頭 / 農作業
3354,2021,6,23,18,0,0,36.2297731575942,137.241609288126,高山市 / 国府町西門前 / その他 / 1頭 / 農作業
3355,2021,6,24,6,0,0,36.2133808468622,137.358955933427,高山市 / 丹生川町折敷地 / 農地 / 2頭 / 自宅
3356,2022,1,24,11,0,0,36.2124985889861,137.357623319063,高山市 / 丹生川町折敷地 / 農地 / 1頭 / 農作業
3357,2021,6,25,8,0,0,36.099194188367,137.183456328863,高山市 / 清見町藤瀬 / 山林 / 1頭 / その他車移動
3358,2021,6,27,8,0,0,35.974493864131,137.537401289441,高山市 / 高根町留之原 / 1頭 / その他
3359,2021,6,29,16,0,0,35.9485814288979,137.487298430949,高山市 / 高根町留之原 / その他 / 1頭 / その他車移動
3360,2021,6,29,18,0,0,36.0359510911767,136.986990744332,高山市 / 荘川町三谷 / 国・県・市道 / 1頭 / その他車移動
3361,2021,6,29,13,0,0,36.2229128751911,137.529889659447,高山市 / 上宝町福地 / 住宅地 / 1頭 / 自宅
3362,2021,6,30,15,0,0,35.986869651333,137.53112601841,高山市 / 小日和田 / 林道 / 1頭 / その他
3363,2021,7,2,12,0,0,36.004553331129,137.548219214738,高山市 / 高根町日和田 / 農地 / 1頭 / 自宅
3364,2021,7,2,13,0,0,36.1807324390857,137.219927502279,高山市 / 高山市中切町 / 国・県・市道 / 1頭 / その他車移動
3365,2021,7,2,15,0,0,36.2461251877597,137.495919461806,高山市 / 上宝町蓼之俣 / 農地 / 1頭 / 農作業
3366,2021,7,5,14,0,0,36.0787875933264,137.477227871124,高山市 / 高根町子の原高原 / その他 / 1頭 / その他
3367,2021,7,6,6,0,0,36.0932194472831,137.348860480024,高山市 / 朝日町立山 / 農地 / 1頭 / 自宅
3368,2021,7,7,7,0,0,36.09313640845,137.349012289896,高山市 / 朝日町立岩 / 農地 / 1頭 / 自宅
3369,2021,7,7,14,0,0,36.0384146592149,137.497994239341,高山市 / 高根町上ヶ洞 / 国・県・市道 / 1頭 / その他車移動
3370,2021,7,7,16,0,0,36.0361825678711,137.493555795001,高山市 / 高根町上ヶ洞 / 国・県・市道 / 1頭 / その他車移動
3371,2021,7,5,7,0,0,35.5111092653775,136.657834252725,本巣市 / 本巣町山口 / 国・県・市道 / 1頭 / 通勤・通学
3372,2021,7,6,6,0,0,35.6987273082191,136.555602596862,本巣市 / 根尾能郷 / 林道 / 1頭 / 林業作業
3373,2021,7,9,14,0,0,35.6306306244655,137.451391812342,中津川市 / 付知町 / 国・県・市道 / 1頭 / その他車移動
3374,2021,7,9,16,0,0,36.2666378623837,137.566488314052,高山市 / 上宝村神坂 / 山林 / 1頭 / 自宅
3375,2021,7,9,11,0,0,35.4256461550119,136.421219631943,揖斐川町 / 春日村 / 山林 / 1頭 / 登山
3376,2021,7,8,15,0,0,36.2078818720731,137.351063087243,高山市 / 丹生川町折敷地 / 山林 / 1頭 / 農作業
3377,2021,7,9,16,0,0,36.2667735727054,137.566333190573,高山市 / 奥飛騨温泉郷神坂 / 住宅地 / 1頭 / 自宅
3378,2021,7,10,11,0,0,36.1740287385389,137.496580344039,高山市 / 丹生川町久手 / 国・県・市道 / 1頭 / その他車移動
3379,2021,7,11,8,0,0,36.0731340564983,137.475294011308,高山市 / 高根町中洞 / その他 / 1頭 / その他
3380,2021,7,12,9,0,0,36.0343959465044,137.522178811287,高山市 / 高根町阿多野郷 / 住宅地 / 1頭 / 自宅
3381,2021,7,12,11,0,0,36.0543471256257,137.555368780528,高山市 / 高根町野麦 / 山林 / 1頭 / その他
3382,2021,7,13,14,0,0,36.2636144181269,137.566048621592,高山市 / 上宝村中尾 / 住宅地 / 1頭 / その他
3383,2021,7,13,9,0,0,36.24838350809,137.242683337981,高山市 / 国府町八日町 / 国・県・市道 / 1頭 / その他車移動
3384,2021,7,13,10,0,0,36.1270321650304,137.205510414463,高山市 / 高山市新宮町 / 住宅地 / 1頭 / 自宅
3385,2021,7,13,14,0,0,36.2637778048849,137.566545396274,高山市 / 奥飛騨温泉郷中尾 / 住宅地 / 1頭 / 自宅
3386,2021,7,13,14,0,0,36.1750832199386,137.506263129227,高山市 / 丹生川町久手 / 国・県・市道 / 1頭 / その他車移動
3387,2021,7,13,14,0,0,36.2637112330135,137.566239005174,高山市 / 奥飛騨温泉郷中尾 / 住宅地 / 1頭 / 自宅
3388,2021,7,14,8,0,0,36.0546828142166,137.555731168246,高山市 / 高根町野麦 / その他 / 1頭 / その他
3389,2021,7,14,13,0,0,35.9611777948023,137.474926180264,高山市 / 高根町留之原 / 山林 / 1頭 / 林業作業
3390,2021,7,14,16,0,0,36.1278805403807,137.205446945414,高山市 / 高山市新宮町 / 住宅地 / 1頭 / 自宅
3391,2021,7,15,16,0,0,35.7187575611478,136.804202558736,岐阜市 / 関市板取岩本 / 山林 / 1頭 / その他
3392,2021,7,20,16,0,0,35.6600070804378,137.230350399742,白川町 / 国・県・市道 / 1頭 / その他車移動
3393,2021,5,28,16,0,0,35.9417373222945,137.250385381889,下呂市 / 小坂町大島 / 国・県・市道 / 1頭 / その他
3394,2021,6,29,14,0,0,35.9352943572413,137.284004262512,下呂市 / 小坂町長瀬 / 国・県・市道 / 1頭 / 散歩
3395,2021,7,23,18,0,0,36.2520481459068,137.24390604089,高山市 / 上宝村荒原 / 国・県・市道 / 1頭 / その他
3396,2021,7,23,12,0,0,35.4204749412131,137.489359075848,中津川市 / 飯沼 / 山林 / 1頭 / その他
3397,2021,7,28,4,0,0,35.5434393599532,137.55348983453,中津川市 / 山口村 / 国・県・市道 / 2頭 / その他車移動
3398,2021,7,28,7,0,0,35.3475228921859,137.388746975962,恵那市 / 山岡町上手向 / 国・県・市道 / 1頭 / その他車移動
3399,2021,7,16,10,0,0,35.2863687560324,137.429926992502,恵那市 / 串原中沢 / 住宅地 / 1頭
3400,2021,7,29,17,0,0,35.7464952991385,136.778914122757,関市 / 関市板取杉原 / 国・県・市道 / 1頭 / その他車移動
3401,2021,8,12,6,0,0,35.3802887616497,136.455192679666,関ケ原町 / 林道 / 1頭 / その他
3402,2021,8,11,9,0,0,35.5166202751601,137.291356531307,恵那市 / 中野方町坂折棚田付近 / 国・県・市道 / 1頭 / 通勤・通学
3403,2021,8,12,7,0,0,35.3488146248717,137.390944087185,恵那市 / 山岡町上手向 / 住宅地 / 1頭 / 自宅
3404,2021,8,11,8,0,0,35.5164283789782,137.291693879069,恵那市 / 中野方町坂折棚田付近 / 住宅地 / 1頭
3405,2021,8,17,12,0,0,36.3373227174153,137.154549210002,飛騨市 / 宮川町西忍 / 国・県・市道 / 1頭 / その他車移動
3406,2021,7,16,15,0,0,36.1266683540648,137.205253328143,高山市 / 高山市新宮町 / 住宅地 / 1頭 / 自宅
3407,2021,7,18,8,0,0,36.12542103467,137.293883567087,高山市 / 高山市江名子町 / 国・県・市道 / 1頭 / その他車移動
3408,2021,7,18,16,0,0,36.131178042334,137.204182656469,高山市 / 高山市新宮町 / 住宅地 / 1頭 / 林業作業
3409,2021,7,19,5,0,0,36.1309415104219,137.203988112234,高山市 / 高山市新宮町 / 住宅地 / 1頭 / その他車移動
3410,2021,7,19,8,0,0,35.9940376451921,137.393126502784,高山市 / 朝日町胡桃島 / 住宅地 / 1頭 / 自宅
3411,2021,7,19,17,0,0,36.1810048051636,137.513504526898,高山市 / 丹生川町久手 / 国・県・市道 / 1頭 / その他車移動
3412,2021,7,20,16,0,0,36.1317230072291,137.203415590036,高山市 / 高山市新宮町 / 住宅地 / 1頭 / その他車移動
3413,2021,7,20,17,0,0,36.1261170382082,137.294649176119,高山市 / 高山市江名子町 / 国・県・市道 / 1頭 / その他車移動
3414,2021,8,10,5,0,0,36.3081323704352,137.103488403678,飛騨市 / 河合町角川 / 農地 / 2頭 / その他
3415,2021,8,13,6,0,0,36.30811822119,137.103447380617,飛騨市 / 河合町角川 / 国・県・市道 / 2頭 / その他
3416,2021,8,15,6,0,0,36.3081513833705,137.103353592618,飛騨市 / 河合町角川 / 国・県・市道 / 2頭 / その他車移動
3417,2021,7,21,8,0,0,36.1287704143614,137.205980671853,高山市 / 高山市新宮町 / 住宅地 / 1頭 / 自宅
3418,2021,7,21,13,0,0,36.2140624576447,137.218507503521,高山市 / 国府町三日町 / 住宅地 / 1頭 / 自宅
3419,2021,7,22,17,0,0,36.165950729544,137.527124789512,高山市 / 丹生川町久手 / 山林 / 1頭 / 登山
3420,2021,7,24,6,0,0,36.1440471470739,137.266882544948,高山市 / 高山市天性寺町 / 住宅地 / 1頭 / 自宅
3421,2021,7,27,16,0,0,36.2180693947802,137.252381699375,高山市 / 国府町今 / 農地 / 1頭 / その他車移動
3422,2021,7,28,16,0,0,36.0032553610481,137.391925000777,高山市 / 朝日町胡桃島 / 河川敷 / 1頭 / その他車移動
3423,2021,8,1,18,0,0,36.0927246616629,137.303363358052,高山市 / 久々野町小屋名 / 家畜場 / 1頭 / 農作業
3424,2021,8,2,8,0,0,36.1793002427708,137.270698419696,高山市 / 丹生川町新張 / 住宅地 / 1頭 / 農作業
3425,2021,8,2,9,0,0,36.1157726370278,137.290591112339,高山市 / 高山市江名子町 / 国・県・市道 / 1頭 / その他車移動
3426,2021,8,19,,,,36.2744166215339,137.404359761244,高山市 / 上宝村長倉 / 山林 / その他
3427,2021,8,3,8,0,0,35.9967718614079,137.535158950161,高山市 / 高根町小日和田 / 住宅地 / 1頭 / 自宅
3428,2021,8,3,16,0,0,35.9481440417218,137.486548454339,高山市 / 高根町日和田 / 山林 / 1頭 / その他車移動
3429,2021,8,3,21,0,0,36.0932611519373,137.301190454148,高山市 / 久々野町小屋名 / 住宅地 / 1頭 / 農作業
3430,2021,8,5,7,0,0,35.9957788840361,137.524499701626,高山市 / 高根町留之原 / 山林 / 1頭 / 家畜作業
3431,2021,8,5,11,0,0,36.1977357598452,137.240424528403,高山市 / 国府町糠塚 / 住宅地 / 1頭 / 自宅
3432,2021,8,6,12,0,0,36.1354110692065,137.21852627516,高山市 / 高山市新宮町 / 住宅地 / 1頭 / その他車移動
3433,2021,8,7,13,0,0,36.1332006929876,137.312837817874,高山市 / 高山市塩屋町 / 林道 / 1頭 / 農作業
3434,2021,8,8,5,0,0,36.2016406464718,137.238544648843,高山市 / 国府町上広瀬 / 住宅地 / 1頭 / 自宅
3435,2021,8,8,8,0,0,36.1850013009242,137.379603747878,高山市 / 丹生川町瓜田 / 山林 / 1頭 / その他車移動
3436,2021,8,23,13,0,0,35.3692731659837,137.3928990061,恵那市 / 山岡町久保原　爪切り地蔵付近 / 住宅地 / 2頭 / その他車移動
3437,2021,8,13,8,0,0,36.263605420335,137.14837360569,飛騨市 / 古川町袈裟丸 / 山林 / 1頭 / 農作業
3438,2021,8,12,7,0,0,36.2145533512425,137.151652432724,飛騨市 / 古川町畦畑 / 山林 / 1頭
3439,2021,7,12,11,0,0,36.2393284558402,137.172703069203,飛騨市 / 古川町上野 / 山林 / 1頭
3440,2021,8,26,10,0,0,36.2579536040864,136.963757128716,飛騨市 / 河合町天生 / その他 / 1頭 / 建設作業
3441,2021,8,29,6,0,0,35.6898495083043,137.423931979411,中津川市 / 旧付知町 / 山林 / 3頭 / その他車移動
3442,2021,7,14,13,0,0,35.5828594291987,136.625311396905,本巣市 / 根尾宇津志 / 山林 / 1頭 / 林業作業
3443,2021,7,26,10,0,0,35.5156357986677,136.671743889871,本巣市 / 山口 / 山林 / 1頭 / 家畜作業
3444,2021,8,26,18,0,0,35.5369533993222,136.666236834654,本巣市 / 神海 / 山林 / 1頭 / 林業作業
3445,2021,8,25,12,0,0,35.685087831571,136.563024660045,本巣市 / 根尾能郷 / 国・県・市道 / 1頭 / その他車移動
3446,2021,8,30,6,0,0,35.5177443422703,137.377246306491,中津川市 / 蛭川村 / 国・県・市道 / 1頭 / 散歩
3447,2021,8,30,13,0,0,36.2785898208796,137.153240001257,飛騨市 / 古川町戸市 / 山林 / 1頭 / その他車移動
3448,2021,5,6,17,0,0,36.3078214926895,137.111986372596,飛騨市 / 宮川町落合 / その他 / 1頭 / 自宅
3449,2021,6,30,9,0,0,36.2939782090965,137.060481175378,飛騨市 / 河合町羽根 / 国・県・市道 / 1頭 / その他
3450,2021,8,9,10,0,0,36.0102520337782,137.354550240708,高山市 / 朝日町西洞 / 山林 / 1頭 / その他車移動
3451,2021,8,10,10,0,0,36.0617029568531,137.4777852355,高山市 / 高根町池ヶ洞 / 林道 / 1頭 / その他車移動
3452,2021,8,11,9,0,0,35.9805782041371,137.526349531499,高山市 / 高根町留之原 / 住宅地 / 1頭 / 自宅
3453,2021,8,18,9,0,0,36.0733301987811,137.474378845784,高山市 / 高根町中洞 / 山林 / 1頭 / その他
3454,2021,8,18,11,0,0,35.9623548392212,137.478971853515,高山市 / 高根町 / 家畜場 / 1頭 / 家畜作業
3455,2021,8,18,13,0,0,36.0753753867009,137.477521192006,高山市 / 高根町中洞 / 山林 / 1頭 / その他
3456,2021,8,18,12,0,0,36.1746026614872,137.496615405199,高山市 / 丹生川町久手 / 山林 / 1頭 / その他車移動
3457,2021,8,19,13,0,0,36.1307381145175,137.220363388998,高山市 / 高山市新宮町 / その他 / 1頭 / 散歩
3458,2021,8,20,14,0,0,35.995989572537,137.394612773654,高山市 / 朝日町桑之島 / 住宅地 / 1頭 / 自宅
3459,2021,8,21,11,0,0,36.0637219301521,137.477988132744,高山市 / 高根町中洞 / 山林 / 1頭 / その他
3460,2021,8,23,16,0,0,36.1774143870214,137.340357747338,高山市 / 丹生川町法力 / 農地 / 1頭 / 農作業
3461,2021,8,24,15,0,0,36.0093449204563,137.391618495995,高山市 / 朝日町桑之島 / 住宅地 / 1頭 / 自宅
3462,2021,8,31,16,0,0,36.2141026898964,137.15155520238,飛騨市 / 古川町畦畑 / 山林 / 1頭
3463,2021,8,31,18,0,0,35.5252378700597,137.568467418226,中津川市 / 中津川市 / 国・県・市道 / 2頭 / その他車移動
3464,2021,8,31,7,0,0,35.5228191953686,137.574051007257,中津川市 / 中津川市 / 住宅地 / 1頭 / その他
3465,2021,9,3,11,0,0,36.3330407066996,137.14877246633,飛騨市 / 宮川町西忍 / 国・県・市道 / 1頭 / その他車移動
3466,2021,9,3,15,0,0,35.5898826353541,137.208028209651,白川町 / 国・県・市道 / 1頭 / その他車移動
3467,2021,9,7,6,0,0,35.5030000023681,137.304942360963,恵那市 / 中野方町　梅平バス停付近 / 国・県・市道 / 1頭 / 自宅
3468,2021,8,25,15,0,0,36.0702943787136,137.475293348308,高山市 / 高根町中洞 / その他 / 1頭 / その他
3469,2021,8,26,9,0,0,35.9638579398791,137.469467294793,高山市 / 高根町日和田 / 家畜場 / 1頭 / 家畜作業
3470,2021,8,27,17,0,0,35.9981755696915,137.5285298742,高山市 / 高根町日和田 / 国・県・市道 / 1頭 / その他車移動
3471,2021,8,28,12,0,0,36.1596405795682,137.290250014652,高山市 / 高山市松之木町 / 農地 / 1頭 / 農作業
3472,2021,8,29,6,0,0,36.1594503626409,137.267933968768,高山市 / 高山市三福寺町 / その他 / 1頭 / その他
3473,2021,8,29,15,0,0,36.0745323265173,137.476780954933,高山市 / 高根町中洞 / 山林 / 1頭 / その他
3474,2021,8,30,12,0,0,36.076661996172,137.097183516207,高山市 / 清見町墨俣 / 国・県・市道 / 1頭 / その他車移動
3475,2021,8,31,17,0,0,36.1645812194245,137.261523605379,高山市 / 高山市松本町 / 農地 / 1頭 / 農作業
3476,2021,9,1,15,0,0,36.1442778509569,137.386734918512,高山市 / 高山市岩井町 / 国・県・市道 / 1頭 / その他
3477,2021,9,1,19,0,0,36.1594498951274,137.280335621045,高山市 / 高山市三福寺町 / 農地 / 1頭 / 農作業
3478,2021,9,2,10,0,0,36.0375541661649,137.496266414759,高山市 / 高根町上ヶ洞 / 国・県・市道 / 1頭 / その他車移動
3479,2021,9,1,5,0,0,36.0451883734933,137.258451561053,高山市 / 久々野町無数河 / 農地 / 1頭 / 農作業
3480,2021,9,2,5,0,0,36.046037019271,137.256599088671,高山市 / 久々野町無数河 / 農地 / 1頭 / 農作業
3481,2021,9,7,8,0,0,36.2150969368837,137.359503037654,高山市 / 丹生川町折敷地 / 国・県・市道 / 1頭 / その他車移動
3482,2021,9,7,13,0,0,36.2019117279594,137.2392586905,高山市 / 国府町上広瀬 / 住宅地 / 1頭 / 自宅
3483,2021,9,7,16,0,0,36.1743104761264,137.496553042645,高山市 / 丹生川町久手 / 国・県・市道 / 1頭 / その他車移動
3484,2021,9,7,14,0,0,35.488789030869,137.399474442645,中津川市 / 蛭川村 / 国・県・市道 / 1頭 / その他車移動
3485,2021,9,8,6,0,0,35.870296410646,137.099852164399,郡上市 / 明宝小川 / 山林 / 1頭 / その他
3486,2021,9,9,13,0,0,35.2980553768155,137.516721793853,恵那市 / 上矢作町小笹原2号組付近 / 住宅地 / 2頭 / 自宅
3487,2021,9,9,9,0,0,35.3601556085072,137.435138497942,恵那市 / 岩村町地内　岩村警部交番付近 / 住宅地 / 1頭 / 自宅
3488,2021,9,11,8,0,0,35.6597002628664,137.430656234795,中津川市 / 付知町 / その他 / 1頭 / その他
3489,2021,9,12,12,0,0,35.7061364827676,137.417257006039,中津川市 / 付知町 / 山林 / 1頭 / 農作業
3490,2021,9,8,6,0,0,36.0676008462228,137.394454557354,高山市 / 朝日町黒川 / 国・県・市道 / 1頭 / その他車移動
3491,2021,9,10,9,0,0,36.0012304061229,137.378977616726,高山市 / 朝日町西洞 / 農地 / 1頭 / 農作業
3492,2021,9,13,7,0,0,35.7009380996259,137.421176025007,中津川市 / 中付知町 / 山林 / 1頭 / 登山
3493,2021,9,13,15,0,0,35.8432257358823,137.00578137194,郡上市 / 明宝寒水 / 国・県・市道 / 1頭 / その他車移動
3494,2021,9,14,12,0,0,35.3332711651136,137.334154861901,恵那市 / 山岡町田代地内　長沢交差点付近 / 国・県・市道 / 1頭 / 通勤・通学
3495,2021,9,13,13,0,0,36.0027057232001,137.379314331684,高山市 / 朝日町西洞 / 農地 / 1頭 / 農作業
3496,2021,9,14,6,0,0,35.3772171963794,136.45581273952,関ケ原町 / 林道 / 1頭 / その他
3497,2021,9,15,9,0,0,36.0013460803806,137.380454572823,高山市 / 朝日町宮之前 / 農地 / 1頭 / 農作業
3498,2021,9,16,15,0,0,36.2937444208058,137.067906149617,飛騨市 / 河合町羽根 / 河川敷 / 1頭 / その他
3499,2021,9,18,,,,36.3218781428738,137.407466219283,高山市 / 上宝村金木戸 / 農地 / 1頭 / 自宅
3500,2021,9,22,6,0,0,35.8520908650355,137.141196765778,郡上市 / 明宝小川 / 山林 / 1頭 / その他
3501,2021,9,22,8,0,0,35.4417107787552,137.409413911173,恵那市 / 長島町永田　大洞団地口バス停付近 / 国・県・市道 / 1頭 / 通勤・通学
3502,2021,9,27,18,0,0,35.5475590959735,137.255761411131,白川町 / 国・県・市道 / 1頭 / その他車移動
3503,2021,9,27,15,0,0,36.3769266554851,137.37314935488,飛騨市 / 神岡町森茂 / 山林 / 1頭 / その他車移動
3504,2021,10,2,10,0,0,35.5953506925239,136.910075248532,美濃市 / 片知 / 山林 / 1頭 / その他
3505,2021,10,4,14,0,0,36.0548848914347,137.213439395178,高山市 / 一之宮町 / 登山道 / 2頭 / 登山
3506,2021,10,4,17,0,0,36.3765963415546,137.367999386798,飛騨市 / 神岡町森茂 / 住宅地 / 2頭 / その他車移動
3507,2021,10,4,15,0,0,35.366752398788,137.381083383966,恵那市 / 山岡町久保原　西洞バス停付近 / 住宅地 / 1頭 / その他車移動
3508,2021,10,6,6,0,0,35.5203081424553,137.568109471448,中津川市 / 中津川市 / 山林 / 1頭 / その他
3509,2021,10,8,9,0,0,36.3177358194304,137.133546205102,飛騨市 / 宮川町岸奥 / 国・県・市道 / 2頭 / その他車移動
3510,2021,10,15,8,0,0,35.8484420909258,137.029876294015,郡上市 / 明宝大谷 / 国・県・市道 / 1頭 / 通勤・通学
3511,2021,10,19,7,0,0,36.4179267601363,137.193642847996,飛騨市 / 宮川町杉原 / 国・県・市道 / 1頭 / 散歩
3512,2021,10,16,10,0,0,35.7539912021787,136.57479317956,本巣市 / 根尾村大河原 / 国・県・市道 / 1頭 / 登山
3513,2021,10,27,12,0,0,35.4710686741943,137.459759248401,中津川市 / 茄子川 / 住宅地 / 1頭 / 自宅
3514,2021,10,1,17,0,0,36.1604985012251,137.289939596465,高山市 / 高山市松之木町 / 農地 / 1頭 / 農作業
3515,2021,10,18,7,0,0,36.03834759011,137.25993224672,高山市 / 一之宮町 / その他 / 2頭 / その他
3516,2021,10,22,12,0,0,36.123676119536,137.244746725817,高山市 / 一之宮町 / その他 / 1頭 / その他
3517,2021,10,25,10,0,0,36.2918778790675,137.060774647709,飛騨市 / 河合町新名 / 住宅地 / 1頭 / 散歩
3518,2021,11,5,6,0,0,35.5361953295124,137.543596744289,中津川市 / 山口村山口 / 国・県・市道 / 1頭 / その他車移動
3519,2021,11,5,15,0,0,35.5252789961066,137.522630262365,中津川市 / 中津川市瀬戸 / 国・県・市道 / 1頭 / 建設作業
3520,2021,11,8,13,0,0,35.4969467422194,137.546768281928,中津川市 / 中津川市落合 / 国・県・市道 / 2頭 / その他
3521,2021,11,10,7,0,0,35.5996127143722,137.451463391198,中津川市 / 田瀬 / 山林 / 1頭 / 農作業
3522,2021,11,9,9,0,0,35.3311750446576,137.593327907524,恵那市 / 上矢作町　上村ダム付近 / 住宅地 / 1頭 / その他
3523,2021,11,16,7,0,0,36.3984476807987,137.284239356222,飛騨市 / 神岡町西漆山 / 住宅地 / 1頭 / 散歩
3524,2021,11,16,15,0,0,36.3120117256038,137.130075588078,飛騨市 / 宮川町岸奥 / 国・県・市道 / 1頭 / その他車移動
3525,2021,11,16,14,0,0,35.4852011949901,137.206461913266,八百津町 / 八百津町南戸 / 国・県・市道 / 1頭 / その他車移動
3526,2021,11,25,7,0,0,35.4809497810257,137.454102465571,中津川市 / 中津川市千旦林 / 国・県・市道 / 1頭 / その他車移動
3527,2021,11,25,8,0,0,35.3265671260343,137.515903632202,恵那市 / 上矢作町　宇連集会所　付近 / 住宅地 / 1頭 / 自宅
3528,2021,11,25,9,0,0,35.2612373227042,137.491293245474,恵那市 / 上矢作町小田子4号組集会所　付近 / 住宅地 / 1頭 / 自宅
3529,2021,6,23,7,0,0,35.8008714146663,137.156910195103,下呂市 / 金山町弓掛 / 国・県・市道 / 1頭 / 建設作業
3530,2021,6,29,7,0,0,35.897941719414,137.316722636633,下呂市 / 下呂市小坂町大洞 / 河川敷 / 1頭 / 散歩
3531,2021,10,5,13,0,0,35.9595133078451,137.260775147073,下呂市 / 下呂市小坂町大垣内 / その他 / 1頭 / その他
3532,2021,7,6,19,0,0,35.8855690902295,137.214058783216,下呂市 / 下呂市萩原町桜洞 / 山林 / 1頭 / その他車移動
3533,2021,7,11,14,0,0,35.8076761978042,137.261127327506,下呂市 / 小川 / 国・県・市道 / 1頭 / その他車移動
3534,2021,7,16,14,0,0,35.7344972039959,137.234671394475,下呂市 / 久野川 / 河川敷 / 1頭 / その他車移動
3535,2021,7,19,21,0,0,35.7751072131644,137.254083313971,下呂市 / 小川 / 国・県・市道 / 1頭 / その他車移動
3536,2021,7,20,7,0,0,35.7941244778446,137.262535707225,下呂市 / 乗政 / 国・県・市道 / 1頭 / その他車移動
3537,2021,10,31,18,0,0,35.8210498980255,137.24091359219,下呂市 / 東上田 / 国・県・市道 / 1頭 / その他車移動
3538,2021,12,9,8,0,0,35.4652564575618,137.39798860213,恵那市 / 大井町緑が丘バス停付近 / 山林 / 1頭 / 通勤・通学
3539,2021,12,9,10,0,0,35.3687203442538,137.392499363917,恵那市 / 山岡町久保原地内　爪切り地蔵　付近 / 住宅地 / 1頭 / 自宅
3540,2021,10,31,8,0,0,36.2071201132736,137.229749425315,高山市 / 国富町広瀬町 / 山林 / 1頭 / その他
3541,2021,12,12,6,0,0,35.584580406791,137.260883128214,白川町 / 国・県・市道 / 1頭 / その他車移動
3542,2021,12,22,11,0,0,35.5285933292943,137.500880569822,中津川市 / 瀬戸山の田 / 農地 / 1頭 / その他
3543,2021,12,22,14,0,0,35.3061894032149,137.391058571027,恵那市 / 明智町宮町1丁目　八王子神社付近 / その他 / 1頭 / 散歩
3544,2021,12,23,7,0,0,35.6033634536181,137.245047477494,白川町 / 中川 / 国・県・市道 / 1頭 / 通勤・通学
3545,2022,1,17,12,0,0,35.4076459467739,137.450626015235,中津川市 / 中津川市阿木 / 国・県・市道 / 2頭 / その他車移動
3546,2022,1,18,16,0,0,35.4317609981996,137.39357793091,恵那市 / 三郷町野井　大沢バス停付近 / 農地 / 1頭 / 自宅
3547,2022,1,26,10,0,0,35.5139744888802,137.395905011346,中津川市 / 蛭川村 / 農地 / 1頭 / 自宅
3548,2022,1,27,19,0,0,35.7439927559729,137.344588924086,中津川市 / 加子母 / 国・県・市道 / 1頭 / 通勤・通学
3549,2022,2,4,18,0,0,35.5021402414873,137.178128038629,八百津町 / 八百津町久田見 / 国・県・市道 / 1頭 / その他車移動
3550,2022,2,4,18,0,0,35.5122289626135,137.538445514402,中津川市 / 中津川市 / 国・県・市道 / 2頭 / 自宅
3551,2021,3,26,,,,35.9594132112904,136.823325585467,成獣
3552,2020,4,3,,,,35.3239072174647,137.379597085059,
3553,2020,4,4,,,,35.5230209682585,137.497671881728,座り込んでいた
3554,2020,4,16,,,,35.5063637057443,137.511190222314,親子連れ
3555,2020,4,8,,,,35.9254418742284,137.212631443713,
3556,2020,4,12,,,,35.925442137789,137.211938840549,
3557,2020,4,15,,,,35.9255099565688,137.21135709175,
3558,2020,4,12,,,,35.917715691702,137.204621274846,
3559,2020,4,9,,,,35.9142429306346,137.22514548944,
3560,2020,4,7,,,,35.7771852790607,137.290951493257,
3561,2020,4,26,,,,35.7317005752132,136.974475502417,付近の住民が目撃し、市へ通報
3562,2020,4,28,,,,35.6270510043899,137.184033822099,
3563,2020,4,29,,,,35.8874424423172,136.851181458138,山際に出没
3564,2020,5,3,,,,35.8873601739434,136.875993604056,道端で草を食んでいた
3565,2020,4,29,,,,35.7032541665264,136.979483704239,林道を横切って行った
3566,2020,4,7,,,,36.1523511088782,137.2323917053,成獣
3567,2020,4,8,,,,36.1520072111138,137.237784900631,親子
3568,2020,4,9,,,,36.0792635845441,137.36159635626,成獣
3569,2020,4,10,,,,36.0818256668478,137.358034273164,成獣
3570,2020,4,15,,,,36.0564625957918,137.280342689414,小型
3571,2020,4,28,,,,36.13795755908,137.145288335255,親子
3572,2020,4,30,,,,36.251798574448,137.24234728813,親子
3573,2020,5,1,,,,36.1745758507466,137.42631514813,成獣
3574,2020,5,1,,,,36.2606028749099,137.246839942488,成獣
3575,2020,5,3,,,,36.2685496622778,137.400498788146,幼獣
3576,2020,5,4,,,,36.1224717227147,137.257337081809,成獣
3577,2020,5,13,,,,36.203048239375,137.215700024306,親子
3578,2020,4,22,,,,36.2573203823966,137.172661482282,子グマ
3579,2020,5,19,,,,35.6311419369987,137.50065081344,子熊
3580,2020,5,21,,,,35.6194484130045,137.50958396726,民家庭先
3581,2020,5,25,,,,35.2635978762452,137.213974326959,成獣
3582,2020,5,26,,,,35.2727397827841,137.213346214704,
3583,2020,5,27,,,,35.2644395957384,137.193803104098,成獣
3584,2020,5,26,,,,35.2644440979758,137.193825087375,成獣
3585,2020,5,22,,,,36.1359432409181,137.153576419643,小型
3586,2020,5,25,,,,36.1402240860911,137.433955342673,成獣
3587,2020,5,24,,,,36.2455275887802,137.497567216315,小型
3588,2020,5,28,,,,36.0883940145229,137.344471507908,成獣
3589,2020,5,28,,,,36.2466320004226,137.49458017022,成獣
3590,2020,5,30,,,,35.5813925624868,137.349864576116,
3591,2020,5,31,,,,35.5770558856222,137.430493793277,イノシシ捕獲用箱わなに誤って入り、脱出口から逃げた
3592,2020,5,28,,,,35.9487175507288,137.133270069206,山へ逃げた
3593,2020,5,31,,,,36.2817490356474,137.249551877101,通行者が目撃
3594,2020,6,2,,,,36.2821987007023,137.250943831261,通行者が目撃
3595,2020,6,1,,,,36.0362986523251,137.48115189917,小型
3596,2020,6,1,,,,36.249358735069,137.243057434918,親子
3597,2020,6,2,,,,36.0348353211451,137.481405823728,小型
3598,2020,6,3,,,,36.0222955119959,137.503279191058,幼獣
3599,2020,6,3,,,,36.1236473333898,137.372839038205,成獣
3600,2020,6,3,,,,36.1733530399382,137.34922146896,幼獣
3601,2020,6,3,,,,35.5466563019318,137.270492903279,
3602,2020,5,4,,,,35.8316860699931,137.272434033985,
3603,2020,6,3,,,,35.8679752063436,137.14167296552,クマは目撃場所から山に向けて歩いて行った
3604,2020,10,2,,,,36.3333100343494,137.1485800207,親１
3605,2020,6,3,,,,36.006279244615,136.910710407187,スキー場ゲレンデ中腹から国道側へ下って行った
3606,2020,6,8,,,,35.4399442549225,137.345354144824,
3607,2020,6,9,,,,35.6584471785057,136.572655902813,
3608,2020,6,10,,,,35.6008286030824,137.225331959949,
3609,2020,6,4,,,,36.0922788689416,137.377661885115,成獣
3610,2020,6,5,,,,36.2121557221683,137.243546603513,１頭
3611,2020,6,5,,,,36.1947564107711,137.331317680999,成獣
3612,2020,6,5,,,,36.1726541084664,137.349314687466,小型
3613,2020,6,5,,,,36.0792802935165,137.377672355719,幼獣
3614,2020,6,6,,,,36.1772428636918,137.493372717972,幼獣
3615,2020,6,9,,,,36.0906616316824,137.368477424649,幼獣
3616,2020,6,10,,,,36.0909880853168,137.368637888079,小型
3617,2020,6,10,,,,36.1830452172318,137.327570858314,小型
3618,2020,5,17,,,,35.5696007987913,137.00762597676,
3619,2020,5,22,,,,35.5509449459992,136.817337763537,
3620,2020,6,9,,,,35.7175689117286,136.773101404378,
3621,2020,6,12,,,,36.281289987411,137.249492256647,車で通行者が目撃
3622,2020,6,13,,,,36.304001929733,137.241352850875,道路横断し山側へ行った
3623,2020,6,15,,,,36.2891649670339,137.253386595608,子熊１頭
3624,2020,6,16,,,,36.2545675322106,137.106624043233,子グマ
3625,2020,6,13,,,,35.6593469627902,137.018163751407,成獣1頭
3626,2020,6,13,,,,35.9478147887798,136.862957704034,成獣1頭
3627,2020,6,13,,,,35.952022722249,136.877235687696,成獣1頭　神社のほうへ向かった
3628,2020,6,17,,,,35.5191698981524,137.549244746568,道路を横切って山に向かっていった
3629,2020,6,17,,,,35.2684469053359,137.417486225426,
3630,2020,6,17,,,,36.2833029194174,137.24992713092,車で通行中に目撃　桜の木に登っていた
3631,2020,6,17,,,,35.6494523096546,137.193864033596,
3632,2020,6,15,,,,35.9297545995014,136.914969989017,成獣1頭
3633,2020,6,16,,,,35.951649636376,136.874557472637,幼獣1頭
3634,2020,6,16,,,,35.7190827404851,136.654291223708,
3635,2020,6,18,,,,36.3883855374676,137.378307088939,学校通学中に目撃
3636,2020,6,10,,,,36.3949369605949,137.381265070758,道路横断しているところを目撃
3637,2020,6,17,,,,36.2833029892224,137.249826942784,道路横断　小熊
3638,2020,6,18,,,,35.6477451011631,137.444912814635,通学中の中学生が目撃
3639,2020,6,16,,,,35.9517630584301,136.875071914775,幼獣1頭
3640,2020,5,10,,,,36.3132308694592,137.103810767834,
3641,2020,6,18,,,,36.333058856537,137.148921213925,子
3642,2020,6,16,,,,36.3391945061393,137.168182162901,親
3643,2020,8,26,,,,36.3842459116631,137.180346321596,親
3644,2020,5,26,,,,35.6136607137109,137.305664214631,
3645,2020,5,11,,,,35.5714590419834,137.23669395409,
3646,2020,6,19,,,,35.7516763179211,136.961270506266,幼獣1頭
3647,2020,4,10,,,,36.2262724180346,137.004628473877,養魚場から小鳥川方向へ逃走した
3648,2020,4,16,,,,36.2922793575493,137.065098513241,山へ逃走した
3649,2020,4,18,,,,36.2494303313251,137.073610856321,稲越川を渡り山へ逃走した
3650,2020,4,19,,,,36.2379945762628,137.017440355722,山へ逃走した
3651,2020,4,20,,,,36.2846137264578,137.047756200728,谷筋から山へ逃走した
3652,2020,4,20,,,,36.2859983416618,137.046654771816,山へ逃走した
3653,2020,4,21,,,,36.2932501645161,137.067393514951,山へ逃走した
3654,2020,4,21,,,,36.2884680417191,137.049114094302,小鳥川へ向かって逃走した
3655,2020,4,21,,,,36.2581335439872,137.022729700826,止利仏師の碑付近の山へ向かって逃走した
3656,2020,4,22,,,,36.2460735905092,137.060777408739,谷筋から山へ逃走した
3657,2020,4,22,,,,36.2688267581314,137.10196909494,山へ逃走した
3658,2020,4,22,,,,36.2479719778096,137.067381483367,谷筋から山へ逃走した
3659,2020,4,22,,,,36.2921889805133,137.064806382918,山へ逃走した
3660,2020,4,23,,,,36.2367088327241,137.016316359867,山へ逃走した
3661,2020,4,23,,,,36.2921114283674,137.066351221316,山へ逃走した
3662,2020,4,23,,,,36.2919418514007,137.065655613083,山へ逃走した
3663,2020,5,2,,,,36.2493705776373,137.069326963689,山へ逃走した
3664,2020,5,2,,,,36.2493398978775,137.073221512878,山へ逃走した
3665,2020,5,3,,,,36.2939713367124,137.067573517516,山へ逃走した
3666,2020,9,5,,,,36.2257456331725,137.015308441564,山へ逃走した
3667,2020,5,8,,,,36.3047662252418,137.085222773168,小鳥川を渡り対岸の山へ逃走した
3668,2020,5,10,,,,36.2470637622844,137.059385211879,コテージの山側へ逃走した
3669,2020,5,17,,,,36.2922345777166,137.065432569247,山へ逃走した
3670,2020,5,21,,,,36.3042927122997,137.08472219388,小鳥川を渡り対岸の山へ逃走した
3671,2020,5,24,,,,36.3051782075152,137.095216096618,小鳥川へ向かって逃走した
3672,2020,5,25,,,,36.2883988312173,137.047486038822,山へ逃走した
3673,2020,5,28,,,,36.298065234042,137.072954437163,谷筋から山へ逃走した
3674,2020,5,28,,,,36.2450361930505,137.05974960584,山へ逃走した
3675,2020,5,28,,,,36.2951645749414,137.066430801289,山へ逃走した
3676,2020,5,29,,,,36.2982676923744,137.072536664665,谷筋から山へ逃走した
3677,2020,5,29,,,,36.2891107764232,137.049697600142,小鳥川へ向かって逃走した
3678,2020,5,29,,,,36.2889413769641,137.049280374042,小鳥川へ向かって逃走した
3679,2020,5,30,,,,36.2635443750858,137.025349019966,山へ逃走した
3680,2020,5,31,,,,36.3060885419275,137.091624149827,谷筋から山へ逃走した
3681,2020,6,5,,,,36.2892801336623,137.050073079953,小鳥川へ向かって逃走した
3682,2020,6,6,,,,36.3024455422483,137.10402894309,稲越川を渡り山へ逃走した
3683,2020,6,8,,,,36.2557263259373,137.025849989354,山へ向かって逃走した
3684,2020,6,16,,,,36.2553434118059,137.025961958551,山へ向かって逃走した
3685,2020,6,18,,,,36.2556141894816,137.026295313651,山へ向かって逃走した
3686,2020,6,17,,,,36.2411666213082,137.022552279175,山へ逃走した
3687,2020,6,18,,,,36.255828113362,137.02618364904,山へ向かって逃走した
3688,2020,6,19,,,,36.2560760152392,137.026224934537,山へ向かって逃走した
3689,2020,6,17,,,,35.5468499603709,137.16587082534,道路通行中に発見
3690,2020,6,20,,,,35.3844092938386,136.551200672686,北側の山中へ逃走
3691,2020,6,21,,,,35.853542967504,137.225488457661,
3692,2020,6,20,,,,36.3331534418859,137.148599551009,子
3693,2020,10,1,,,,36.3274135140425,137.137369351841,親
3694,2020,6,22,,,,36.3327072818163,137.148386622326,子
3695,2020,6,22,,,,35.6417432542531,137.510493449841,ソメイヨシノの木のみを捕食
3696,2020,6,20,,,,35.7523393134536,136.960772880441,幼獣1頭
3697,2020,6,20,,,,35.5834211942569,136.930995497861,不明
3698,2020,6,21,,,,36.2526010658927,137.088323378281,山へ逃走した
3699,2020,6,22,,,,35.6838689444216,136.570163956813,
3700,2020,6,18,,,,35.6635059086046,136.929509926144,成獣1頭
3701,2020,6,22,,,,35.5561003729756,137.234380682201,
3702,2020,6,12,,,,36.1878768810672,137.343039534369,幼獣
3703,2020,6,12,,,,36.2915216215225,137.373293927451,成獣
3704,2020,6,22,,,,35.373104427144,137.422876305929,
3705,2020,6,12,,,,36.1877958569708,137.343358313254,幼獣
3706,2020,6,23,,,,35.77959853736,137.249136412365,山腹
3707,2020,6,24,,,,36.2831667820176,137.249745322802,道路から山林へ行った
3708,2020,6,8,,,,35.6414958852168,137.505944374588,草刈作業中に幼獣を目撃
3709,2020,6,14,,,,36.1802079490957,137.42100710355,幼獣
3710,2020,6,15,,,,36.1699393627859,137.444827968391,幼獣
3711,2020,6,16,,,,36.0928715319783,137.346552653461,成獣
3712,2020,6,16,,,,36.0070287830481,137.392732364573,成獣
3713,2020,6,17,,,,36.1688620495792,137.325118697364,成獣
3714,2020,6,17,,,,36.2658430464039,137.563306852291,不明
3715,2020,6,16,,,,36.2470302001334,137.244974214899,不明
3716,2020,6,18,,,,36.2472345648531,137.513416194335,小型
3717,2020,6,19,,,,36.2419597067645,137.245264718482,不明
3718,2020,6,19,,,,36.0092537329204,137.39133193427,成獣
3719,2020,6,19,,,,36.0909219154333,137.362000531973,成獣
3720,2020,6,20,,,,36.1699046952052,137.444474222601,幼獣
3721,2020,6,20,,,,36.1774129158204,137.491326521437,成獣１頭幼獣２頭
3722,2020,6,20,,,,36.0909088020118,137.364158296783,成獣
3723,2020,6,20,,,,36.0092723818384,137.391600999278,成獣
3724,2020,6,21,,,,36.0084089772986,137.361231659931,幼獣
3725,2020,6,22,,,,36.0880394464599,137.345390293559,成獣
3726,2020,6,22,,,,36.231130655412,137.224814556328,不明
3727,2020,6,22,,,,35.9800614971166,137.531834972603,幼獣
3728,2020,6,23,,,,36.2254958598802,137.242842800532,小型
3729,2020,6,27,,,,35.595739338138,137.206739587695,
3730,2020,6,27,,,,35.609170014806,137.460426995069,幼獣
3731,2020,6,28,,,,35.5913039588475,137.458603534905,小型
3732,2020,4,12,,,,36.2536812495478,136.890797671918,
3733,2020,4,26,,,,36.253767636804,136.890797368008,
3734,2020,5,13,,,,36.2536400436149,136.890848781927,
3735,2020,6,15,,,,36.2698970028849,136.897056495014,親子３頭（１頭車で弾いた）
3736,2020,6,20,,,,36.3311745274918,136.890313484037,
3737,2020,6,11,,,,36.2712319629609,136.896413829579,
3738,2020,6,29,,,,36.2528710899858,136.897914854473,
3739,2020,6,29,,,,36.1998192606077,136.898781790952,
3740,2020,6,26,,,,35.5793613851989,137.539779754229,ワクチン散布調査捕獲での錯誤捕獲
3741,2020,7,1,,,,35.5318430193829,137.450260186749,田から雑木林へ入る姿を目撃
3742,2020,6,23,,,,36.2888508927846,137.048918694649,
3743,2020,7,3,,,,36.2586768369524,136.901852303344,
3744,2020,6,25,,,,36.2233042227225,137.00916743037,
3745,2020,7,1,,,,36.2187194302056,137.018394694527,
3746,2020,7,3,,,,36.26224772597,137.024461041164,
3747,2020,7,6,,,,35.5771080223313,136.929597519582,登校中の児童が目撃
3748,2020,7,5,,,,36.3234382942311,136.892320532076,
3749,2020,6,23,,,,36.1800647332528,137.285777401208,幼獣
3750,2020,6,23,,,,35.98351572233,137.352610846275,不明
3751,2020,6,23,,,,36.092374909054,137.339519290477,小型
3752,2020,6,23,,,,36.090404042151,137.345531662014,１頭
3753,2020,6,24,,,,36.1740792670612,137.422004493827,小型
3754,2020,6,25,,,,36.1761929064865,137.307185328721,成獣
3755,2020,6,25,,,,36.0539713036882,137.398793363163,幼獣
3756,2020,6,25,,,,36.1315377762351,137.203407908465,小型
3757,2020,6,25,,,,36.0368503186659,137.4810854266,成獣
3758,2020,6,26,,,,36.0187657451677,137.391786697648,幼獣
3759,2020,6,27,,,,36.0911590902644,137.360950324071,小型
3760,2020,6,28,,,,36.086206578094,137.356270974687,不明
3761,2020,6,28,,,,36.2182313274317,137.188735975587,小型
3762,2020,6,29,,,,36.1720542607749,137.259326038955,小型
3763,2020,6,29,,,,36.2056877118701,137.294778907751,小型
3764,2020,6,30,,,,36.0927980083763,137.350086668214,成獣
3765,2020,6,30,,,,36.1229021858261,137.367292522933,成獣
3766,2020,7,1,,,,36.0489832635938,136.945034309711,小型
3767,2020,7,2,,,,35.9477431416102,137.082796107957,小型
3768,2020,6,15,,,,36.271363022138,136.896435748206,
3769,2020,6,28,,,,36.3477435596049,137.187470442139,子
3770,2020,9,2,,,,36.3365777580253,137.145423968547,子
3771,2020,6,23,,,,35.7442987054503,136.605212326624,
3772,2020,6,25,,,,35.2867914817226,137.419105074331,
3773,2020,6,22,,,,36.418997274304,137.199044678155,子
3774,2020,7,20,,,,36.408151387391,137.184489761624,親
3775,2020,6,23,,,,36.3281640107394,137.143348982328,子
3776,2020,6,25,,,,36.2863197222693,137.251849273235,道路から山へ移動
3777,2020,6,26,,,,35.5793811989473,137.539748813881,調査捕獲での錯誤捕獲
3778,2020,6,29,,,,36.2786543588921,137.248598976741,道路を横断→山へ
3779,2020,6,26,,,,35.9139293003967,136.84279634795,成獣1頭
3780,2020,4,12,,,,36.2537955666527,136.890852435544,
3781,2020,4,26,,,,36.2539645556856,136.89085184115,
3782,2020,5,13,,,,36.2540323435683,136.890935061427,
3783,2020,6,11,,,,36.275321511571,136.896264172902,
3784,2020,6,20,,,,36.3307528931607,136.890145357968,
3785,2020,6,23,,,,36.2581991275345,136.899148484939,
3786,2020,6,29,,,,36.2698941846854,136.897046708503,
3787,2020,6,29,,,,36.2528195929987,136.899143190925,
3788,2020,6,29,,,,36.1997337534507,136.899101648746,木に登っていた
3789,2020,6,27,,,,35.9321827620257,137.218169698656,
3790,2020,6,28,,,,35.9206888945232,137.233294749093,
3791,2020,7,1,,,,35.9217206269363,137.220399942991,
3792,2020,7,4,,,,36.2689068725569,137.241062897764,クマが道路を横断
3793,2020,6,5,,,,35.5820073491585,137.52832979243,上鐘住宅から田立、木曽川方面へ走っていた。
3794,2020,6,8,,,,35.5840459276116,137.533902729494,中津川市道中津川田立線東町地内の路上で目撃情報があった。
3795,2020,7,13,,,,35.6030147180576,137.494245583064,市道を横断後逃走
3796,2020,7,13,,,,35.5687524677354,137.537293145233,不明
3797,2020,7,13,,,,36.3109895637406,137.062137066999,
3798,2020,7,15,,,,35.5576741158499,137.518417571141,道路脇から山林へ動く姿を目撃
3799,2020,7,16,,,,35.6850901590654,137.416354889468,
3800,2020,7,10,,,,36.3034079276074,137.22224973588,成獣
3801,2020,4,8,,,,36.3472476795859,137.188500863972,親
3802,2020,4,10,,,,36.3478109730801,137.188501018817,親
3803,2020,6,16,,,,36.3985869108054,137.183289165769,子
3804,2020,4,11,,,,36.3063322028477,137.231883813012,成獣
3805,2020,7,14,,,,35.9324980548129,136.824176798109,幼獣1頭
3806,2020,7,14,,,,35.9460708739796,136.868110929504,成獣1頭
3807,2020,7,17,,,,36.2640093307588,137.222948175377,道路を横断
3808,2020,6,29,,,,36.278417741816,137.248643951615,道路横断
3809,2020,6,29,,,,36.2829909952492,137.249720163971,道路を横断
3810,2020,7,13,,,,35.6325025796394,136.819752152301,80センチの子熊、山から川へ国道を横断した。
3811,2020,7,16,,,,35.9974158037196,136.908560383081,幼獣1頭
3812,2020,6,24,,,,36.4104037223793,137.189354498622,子
3813,2020,7,20,,,,36.3371243039852,137.15445668339,子
3814,2020,7,18,,,,36.3031077097647,137.340343898963,養蜂の獣害柵の破壊
3815,2020,7,18,,,,35.5999280490478,136.629195116331,
3816,2020,7,21,,,,36.3319644208096,137.153510702084,子
3817,2020,7,22,,,,35.5445570901344,137.553077179797,市道上を横断
3818,2020,7,22,,,,35.5501638424454,137.550918828098,農地（田）法面から隣接山林へ
3819,2020,7,27,,,,36.3030771826124,137.340346638027,養蜂の獣害柵を破壊
3820,2020,7,29,,,,35.5947746897594,136.628740554521,
3821,2020,7,28,,,,36.3030028636713,137.340321420391,養蜂箱の破壊
3822,2020,7,8,,,,35.8667494362602,137.106065772811,幼獣１頭
3823,2020,7,28,,,,35.8672447556033,137.12499073142,成獣１頭
3824,2020,7,29,,,,35.9496334793293,136.82761275376,幼獣1頭
3825,2020,7,25,,,,36.1714650839496,136.903409946246,
3826,2020,8,2,,,,35.6650276842534,137.414529214821,学校南側の道路の法面に子グマ2頭の姿が見えた
3827,2020,6,24,,,,36.3027782753764,137.114151564664,子グマ
3828,2020,7,10,,,,36.3380566573379,137.167179564831,親
3829,2020,6,29,,,,36.2824729818907,137.249399575751,道路を横断
3830,2020,6,29,,,,36.2827320611222,137.24945550761,道路を横断
3831,2020,8,6,,,,35.5762826859714,137.538346174897,木曽川上流から下流へ向かった
3832,2020,8,6,,,,35.9715811580201,136.769757565223,成獣1頭
3833,2020,8,7,,,,35.7467435099698,136.972991875782,成獣1頭
3834,2020,8,8,,,,35.2749763075834,137.1958697225,
3835,2020,6,27,,,,36.1710083299771,137.427128769722,成獣
3836,2020,6,28,,,,36.176248971493,137.042406729609,成獣
3837,2020,7,2,,,,36.1316954129702,137.203706577266,小型
3838,2020,7,2,,,,36.1686187223276,137.435058872626,幼獣
3839,2020,7,2,,,,36.1793005860745,137.418815477342,成獣
3840,2020,7,2,,,,36.0816438166325,137.358323218351,幼獣
3841,2020,7,2,,,,35.968470825843,137.083431068941,小型
3842,2020,7,3,,,,36.0692274149888,136.946005725777,小型
3843,2020,7,3,,,,36.1416732785722,137.348749926704,小型
3844,2020,7,3,,,,36.0696673013294,136.945969801703,小型
3845,2020,7,4,,,,36.1331957295741,137.219616504305,不明
3846,2020,7,5,,,,36.0935701787307,137.353456095562,小型
3847,2020,7,5,,,,36.1201882966003,137.2349451108,小型
3848,2020,7,6,,,,36.1806346203091,137.401586390905,親子
3849,2020,8,9,,,,35.6997969025053,137.43014979378,道路下の山に入って行った
3850,2020,8,11,,,,35.6507910474433,137.466073562822,矢平橋周辺で道路を子グマが横切った
3851,2020,7,6,,,,36.0852238972035,137.356787039238,成獣
3852,2020,7,7,,,,36.1826125675658,137.299666589026,親子
3853,2020,7,8,,,,36.0173575289946,137.389018804241,成獣
3854,2020,7,9,,,,36.0196882735413,137.298464081745,小型
3855,2020,7,9,,,,36.1796934996487,137.479357089972,幼獣
3856,2020,7,9,,,,36.1797975436344,137.479421426781,小型
3857,2020,7,10,,,,36.1297408086425,137.203370971455,小型
3858,2020,7,10,,,,36.2330893622156,137.530157827454,成獣
3859,2020,7,10,,,,36.0516960745306,137.285245226737,成獣
3860,2020,7,11,,,,35.9861378374273,137.52519717568,成獣
3861,2020,7,11,,,,36.2295631729787,137.350659221657,親子
3862,2020,7,11,,,,36.0534840211498,137.502697646879,幼獣
3863,2020,7,12,,,,36.1381738595041,137.348447407959,小型
3864,2020,7,12,,,,36.1704248834187,137.430665187919,親子
3865,2020,7,12,,,,36.1316489186379,137.211200620557,小型
3866,2020,7,12,,,,36.1785889209326,137.409094767087,親子
3867,2020,7,14,,,,36.1687087260771,137.33706573272,幼獣
3868,2020,7,14,,,,36.3086170757371,137.38538058549,小型
3869,2020,7,15,,,,36.2203965586868,137.351705603029,成獣
3870,2020,7,16,,,,36.0116307396606,137.389338690585,成獣
3871,2020,7,16,,,,36.2671622817152,137.565680306971,不明
3872,2020,7,16,,,,36.1672949279544,137.328886500953,小型
3873,2020,8,13,,,,35.6505647575265,137.466012806698,
3874,2020,7,16,,,,36.2650695319375,137.567225348682,親子
3875,2020,7,17,,,,36.169288857264,137.434394900286,成獣
3876,2020,7,17,,,,36.1763151190442,137.455444736321,小型
3877,2020,7,17,,,,36.0793399768125,137.377368566201,不明
3878,2020,7,17,,,,36.1671026068257,137.327808594809,小型
3879,2020,6,17,,,,35.2574740915424,137.201334399622,
3880,2020,8,17,,,,35.2575011251444,137.201367380937,
3881,2020,7,17,,,,36.2259715184797,137.239784889364,小型
3882,2020,7,17,,,,36.1780509522752,137.456728159816,小型
3883,2020,7,18,,,,36.248858890531,137.50284293867,小型
3884,2020,7,18,,,,36.1793918286456,137.290509564019,成獣
3885,2020,7,19,,,,36.1772878593513,137.293195181445,成獣
3886,2020,7,19,,,,36.0033845385644,137.391582929415,成獣
3887,2020,7,19,,,,36.1315357934903,137.207769485854,小型
3888,2020,7,19,,,,36.2143574011523,137.365359182474,成獣
3889,2020,7,20,,,,36.0146416529391,137.376566443991,成獣
3890,2020,7,22,,,,36.1759421573197,137.457328348402,小型
3891,2020,7,22,,,,36.1218683671309,137.369382583075,成獣
3892,2020,7,23,,,,36.0372368554583,137.290104356639,成獣
3893,2020,7,26,,,,36.0783561171837,137.370046290438,小型
3894,2020,7,27,,,,36.1932120469194,137.336386899228,成獣
3895,2020,7,27,,,,36.1874612391631,137.325718232233,小型
3896,2020,7,27,,,,36.1745871291902,137.490579810508,小型
3897,2020,7,27,,,,36.1321604460471,137.212594595268,誘因不明
3898,2020,7,28,,,,35.9955969976934,137.348840294323,小型
3899,2020,7,29,,,,36.0446062129932,137.291768768829,成獣
3900,2020,7,29,,,,36.0054226386555,137.292670761816,中型
3901,2020,7,30,,,,36.050933974357,137.503062801271,成獣
3902,2020,7,29,,,,36.0836702203406,137.359983276116,成獣
3903,2020,7,30,,,,36.0183486602379,137.389494486993,幼獣
3904,2020,8,18,,,,36.2994637647943,137.25181061214,倉庫に侵入するところを目撃
3905,2020,8,19,,,,36.2789084554243,137.248528974333,成獣　道路横断
3906,2020,8,18,,,,35.9647486260095,136.827701921283,幼獣1頭
3907,2020,8,1,,,,36.1821403067997,137.282577951013,不明
3908,2020,8,2,,,,36.1686896763183,137.281861393136,成獣
3909,2020,8,2,,,,36.0075571896293,136.975880434125,不明
3910,2020,8,2,,,,36.0772996836899,137.378938356821,成獣
3911,2020,8,3,,,,36.0695616972039,137.386569516858,幼獣
3912,2020,8,4,,,,36.0911977992218,137.3251144498,成獣
3913,2020,8,5,,,,36.1192958668858,137.224538859079,中型
3914,2020,8,5,,,,36.1383424913336,137.086709889791,成獣
3915,2020,8,5,,,,36.0694498934568,136.945071164965,親子
3916,2020,8,6,,,,36.0793644850681,137.366683236781,成獣
3917,2020,8,6,,,,36.177060158295,137.408228508039,親子
3918,2020,8,7,,,,36.2541072262988,137.545598896228,成獣
3919,2020,8,8,,,,35.9833163552665,137.529434508399,成獣
3920,2020,8,8,,,,36.1221203176032,137.272285498898,成獣
3921,2020,8,9,,,,36.2274338238654,137.532092636511,成獣
3922,2020,8,11,,,,36.2018466980234,137.346058370956,幼獣
3923,2020,8,11,,,,36.1417922260108,137.345519749864,幼獣
3924,2020,8,12,,,,36.1735359184042,137.500352684534,小型
3925,2020,8,12,,,,36.2668480348444,137.264087888851,小型
3926,2020,8,12,,,,36.0421306083375,137.276654292577,成獣
3927,2020,8,13,,,,35.9938108057116,137.393082226743,小型
3928,2020,8,18,,,,35.857481037683,136.989499384502,親子連れ
3929,2020,8,21,,,,35.4938103670815,137.471974157163,車を運転中に道路を横断する姿を目撃
3930,2020,8,23,,,,36.3147539972675,137.3008248357,子熊が道路から山へ登って行った
3931,2020,8,21,,,,36.391160719927,137.277871541634,子熊が山へ行った
3932,2020,8,14,,,,35.9407900608994,137.211575914334,
3933,2020,7,30,,,,35.8754540552284,137.218831118568,
3934,2020,7,22,,,,35.948676878077,137.191987798352,
3935,2020,7,22,,,,35.9484402419815,137.192153996523,
3936,2020,7,22,,,,35.9455673511295,137.191598859346,
3937,2020,7,21,,,,35.9453081995266,137.1916819119,
3938,2020,7,17,,,,35.9269519214252,137.245150330036,
3939,2020,7,1,,,,35.9262425382959,137.225729528498,
3940,2020,7,3,,,,35.9221081073843,137.218644891493,
3941,2020,7,25,,,,35.9235792913891,137.216581941796,
3942,2020,7,26,,,,35.9216741998612,137.218963190782,
3943,2020,7,10,,,,35.8516052421273,137.181869690085,通行車両に衝突
3944,2020,4,7,,,,35.7703213416477,137.28784582908,"登校中の小学生が目撃
登校後、教員に報告、見廻り"
3945,2020,8,15,,,,35.7781535348885,137.242744028917,"川から道路を横断する際に車と接触
車に損害有"
3946,2020,8,23,,,,35.7449421686243,137.11847305181,成獣１頭
3947,2020,8,28,,,,35.3611440677743,137.422131332569,
3948,2020,8,28,,,,35.6114642820241,137.486523563834,上野小の沢地内で子グマ一頭が、椛の湖方面の山に向かった。
3949,2020,8,28,,,,35.4994849227451,137.310774578686,
3950,2020,8,30,,,,35.5419987380285,136.860055151162,フメイ
3951,2020,8,28,,,,35.6213023723543,137.461459678409,居住地に子熊2頭出没後、親熊1頭出没。その後西側の山中に逃げて行った。
3952,2020,8,30,,,,36.3307487994821,137.145491016022,子
3953,2020,8,25,,,,35.9671105626661,136.797765121613,成獣2頭
3954,2020,8,29,,,,35.8102872186277,136.979569639354,成獣1頭
3955,2020,9,2,,,,35.6307601792746,137.454983227565,自宅横に河川があり気づいた時には花桃２本、枝４～５本折れていた
3956,2020,8,31,,,,35.866397696788,136.853353458182,成獣1頭
3957,2020,9,2,,,,35.9941847824286,136.93327633307,幼獣1頭
3958,2020,9,2,,,,35.9923703982186,136.935943518483,幼獣1頭
3959,2020,9,2,,,,35.9905243489163,136.936808430468,幼獣1頭
3960,2020,9,6,,,,35.6211787771553,137.471058805381,農機具倉庫にて遭遇
3961,2020,9,6,,,,35.6180854889507,137.465064562111,目撃後山へ逃げて行った
3962,2020,9,7,,,,35.4669440944251,137.474899198395,工業団地東側の山の斜面にいる姿を目撃。すぐに山へ帰って行った
3963,2020,8,27,,,,35.7489191662441,137.409187227151,
3964,2020,9,3,,,,35.8651577321602,137.104980081013,幼獣1頭
3965,2020,9,5,,,,35.941613084678,136.834020652909,幼獣1頭
3966,2020,9,5,,,,35.9499788839185,136.826101333911,幼獣1頭
3967,2020,9,9,,,,35.786013383807,137.367657554939,
3968,2020,9,14,,,,36.3257960736898,137.08004946156,山へ逃走した
3969,2020,7,26,,,,36.3086571083933,137.104204205976,
3970,2020,8,10,,,,36.2548027075025,137.026018570341,山へ向かって逃走した
3971,2020,5,8,,,,36.2346592446761,137.016987798733,山へ逃走した
3972,2020,8,14,,,,36.2131445518779,137.315390435109,小型
3973,2020,8,14,,,,36.0913490164329,137.326199557651,成獣
3974,2020,8,16,,,,36.0706641699976,137.054558722491,成獣
3975,2020,8,17,,,,36.0566088535755,137.276951850005,小型
3976,2020,8,17,,,,36.1802270057084,137.314465363621,成獣
3977,2020,8,20,,,,36.1425454628542,137.359086143275,小型
3978,2020,8,20,,,,36.1418623635441,137.351080400302,小型
3979,2020,8,23,,,,36.0275708574689,137.393983696266,成獣
3980,2020,8,25,,,,36.2062991965483,137.347297734609,幼獣
3981,2020,8,26,,,,36.066306810291,137.399704427247,幼獣
3982,2020,8,26,,,,36.1295002119045,137.356265715656,親子
3983,2020,8,26,,,,36.0581382531035,137.284647808186,小型
3984,2020,8,27,,,,35.9911380779718,137.524954308166,成獣
3985,2020,8,28,,,,36.1957939499324,137.557215967648,1頭
3986,2020,9,15,,,,36.3766983668619,137.372831707878,通行者が目撃
3987,2020,8,28,,,,35.9467615547251,137.482358528321,小型
3988,2020,8,28,,,,36.1777575174529,137.493449889389,小型
3989,2020,8,28,,,,36.0587556213068,136.951771096709,小型
3990,2020,8,28,,,,36.2744114446512,137.576318081634,幼獣
3991,2020,8,25,,,,36.056807715157,136.940763798033,不明
3992,2020,8,29,,,,36.1976930575124,137.158184732239,成獣
3993,2020,8,30,,,,36.1391465969093,137.27093246121,小型
3994,2020,8,30,,,,36.2632736789597,137.254562818374,小型
3995,2020,9,1,,,,36.0808055536907,137.362530057344,幼獣
3996,2020,9,1,,,,36.144107100451,137.136770449562,小型
3997,2020,9,2,,,,36.1804271605551,137.302948796201,1頭
3998,2020,9,15,,,,35.5317176961149,137.538831967305,
3999,2020,9,2,,,,36.2668786185704,137.56662036146,成獣
4000,2020,9,3,,,,36.266999589013,137.566156315524,成獣
4001,2020,9,3,,,,36.267151351645,137.566254472114,成獣
4002,2020,9,4,,,,36.26426011149,137.564852082316,成獣
4003,2020,9,11,,,,35.7810858615527,137.114791755388,成獣1頭
4004,2020,9,12,,,,35.8866134330274,137.067983559917,幼獣1頭
4005,2020,9,12,,,,35.8649279494693,137.100382086098,幼獣1頭
4006,2020,9,4,,,,36.2667402700384,137.56638523961,成獣
4007,2020,9,21,,,,35.6416441654052,136.615928229548,
4008,2020,9,21,,,,35.6573334862422,136.588991778577,
4009,2020,9,19,,,,35.6850970886842,136.563166185551,
4010,2020,9,20,,,,35.5862532843834,136.570784225392,
4011,2020,9,19,,,,35.6315716740887,137.450844453349,国道沿いで子熊２頭を目撃。山の方へ逃げて行った
4012,2020,9,21,,,,35.587104223046,137.503645853518,自宅前に駐車した車をたたいて逃げた
4013,2020,9,23,,,,35.498195404597,137.314214204749,
4014,2020,9,24,,,,36.2347599193167,137.176046069952,成獣
4015,2020,9,24,,,,36.3665784247854,137.377896366203,道路脇の立木に登っていた
4016,2020,9,23,,,,36.3873467565657,137.361455241919,道路脇の立木に登っていた
4017,2020,9,24,,,,35.3583532938961,137.427975747963,
4018,2020,9,24,,,,36.3478006260218,137.182596191265,子
4019,2020,9,18,,,,35.271283016644,137.212890594803,車で通行中に歩道近くの山際を歩いていた
4020,2020,9,26,,,,35.265054733712,137.185358808553,車で通行中、道路を横切った
4021,2020,9,28,,,,35.5516441318097,137.440133904973,子熊と思われる動物が３頭谷沿いを山に逃げた
4022,2020,9,6,,,,36.0551674447726,136.942328709048,親子
4023,2020,9,7,,,,36.2346289732404,137.237919022487,中型
4024,2020,9,8,,,,36.0660107169239,137.399884645573,幼獣
4025,2020,9,8,,,,36.0215359441608,137.391307763397,親子
4026,2020,9,9,,,,36.2628101653096,137.562310787598,成獣
4027,2020,9,9,,,,36.1990609710881,137.344848632743,小型
4028,2020,9,9,,,,36.2634518960872,137.564139197843,成獣
4029,2020,9,30,,,,36.275340977076,137.132035109116,子グマ
4030,2020,10,1,,,,36.2961717394415,137.253527226757,道路を横断
4031,2020,9,11,,,,36.0368851567262,137.291909190826,成獣
4032,2020,9,10,,,,36.2478769463272,137.535015663303,不明
4033,2020,9,10,,,,36.0569092157568,137.276830860596,小型
4034,2020,9,15,,,,36.1225938391362,137.268659648868,成獣
4035,2020,9,15,,,,36.140760137827,137.345771248558,幼獣
4036,2020,10,6,,,,35.5919353963124,137.458090679603,下野橋を車で通過した際、河川沿い付近の土場で目撃。農道を通り逃げて行った
4037,2020,9,15,,,,36.1773766401239,137.492859810306,成獣
4038,2020,9,15,,,,36.1822832789751,137.277960154069,親子
4039,2020,9,16,,,,36.1809667423755,137.303503517876,幼獣
4040,2020,9,16,,,,36.1398587867773,137.239611597739,成獣
4041,2020,9,17,,,,36.1803358506256,137.481438577254,成獣
4042,2020,9,17,,,,36.0313633442867,136.94916726468,成獣
4043,2020,9,18,,,,36.2480346120113,137.535400281669,成獣
4044,2020,9,22,,,,36.0347014968433,136.951614652235,成獣
4045,2020,9,22,,,,35.9896778304177,137.282416081132,親子
4046,2020,9,25,,,,36.1535883676753,137.135046969038,親子
4047,2020,9,20,,,,35.8790591148742,137.027144497457,幼獣１頭
4048,2020,9,23,,,,35.9062688079052,137.059787603381,幼獣１頭
4049,2020,10,1,,,,35.8749374989495,136.861474206117,成獣1頭
4050,2020,10,7,,,,35.2651460794646,137.174340367967,車で通行中、道路を横切った
4051,2020,10,9,,,,35.4040048030937,137.450235010934,道路上にいる姿を車で通りがかって目撃した
4052,2020,8,10,,,,36.2577294185842,137.023940653239,山へ向かって逃走した
4053,2020,9,13,,,,36.2975586261268,137.073414323572,山へ逃走した
4054,2020,9,21,,,,36.2568745901361,137.025110677308,山へ向かって逃走した
4055,2020,9,23,,,,36.2574147653766,137.024608926016,山へ向かって逃走した
4056,2020,9,23,,,,36.2709279957214,137.019631437986,山へ向かって逃走した
4057,2020,9,24,,,,36.2643083115427,137.023539129954,山へ向かって逃走した
4058,2019,5,15,,,,35.5419536679026,137.228928137538,
4059,2019,6,4,,,,35.5364622494247,137.55620674937,
4060,2019,5,29,,,,35.7054012423558,137.42090959928,
4061,2019,5,29,,,,35.7054884647966,137.42078929366,同じ場所で目撃、山へ入った。
4062,2019,6,1,,,,35.705235798018,137.420746821887,
4063,2019,6,4,,,,35.6993761501635,137.42439238457,旧観光案内所付近で目撃
4064,2019,6,4,,,,35.6854508734005,137.416199325879,集会所付近の水路沿いでクマらしきものを目撃
4065,2019,6,5,,,,35.6837389809481,137.417756410955,
4066,2019,6,6,,,,35.6828882580144,137.417753745567,
4067,2019,5,30,,,,35.8135657816549,137.233026368655,通行人が2頭の小熊が、山へ登って行ったとの事
4068,2019,5,23,,,,35.8132926982608,137.233008424316,付近を散歩中の市民が竹藪内で黒いものを目撃したと通報
4069,2019,5,15,,,,35.5419536679026,137.228928137538,
4070,2019,5,28,,,,35.474804749783,137.525438744347,
4071,2019,4,27,,,,36.3655909451548,137.284320580646,道路通行人が目撃
4072,2019,5,6,,,,36.2791071482555,137.248605329751,道路通行人が目撃
4073,2019,5,9,,,,36.3084313358485,137.283700870888,
4074,2019,5,16,,,,36.3350746855725,137.293790346849,
4075,2019,6,11,,,,36.2838365580786,137.249708975007,道路通行人が目撃
4076,2019,6,12,,,,36.2988467872915,137.247250178549,
4077,2019,6,13,,,,35.5403838613149,137.164462671168,
4078,2019,4,9,,,,36.2500436911052,137.502850529288,成獣
4079,2019,5,12,,,,36.1799078381078,137.385289758885,小型
4080,2019,5,21,,,,36.0172261486348,136.98551028936,成獣
4081,2019,5,22,,,,36.2017742791856,137.234159782913,成獣
4082,2019,5,24,,,,36.1812826823993,137.219337938976,小型
4083,2019,5,27,,,,36.1778411983479,137.402654951061,小型
4084,2019,5,27,,,,36.0872261983106,137.300666782529,小型
4085,2019,5,30,,,,36.0599610805045,137.291275950117,不明
4086,2019,5,30,,,,36.1812047101363,137.21925210602,成獣
4087,2019,6,1,,,,36.1963450311869,137.263925379386,小型
4088,2019,6,3,,,,36.2020583261044,137.253590735552,小型
4089,2019,6,4,,,,36.0533597924577,137.256013517772,小型
4090,2019,6,5,,,,36.080111677652,137.360025991941,親子
4091,2019,6,5,,,,36.2041703411976,137.313272971518,小型
4092,2019,6,5,,,,36.1651480871461,137.437895024478,小型
4093,2019,6,5,,,,36.1433764562644,137.350228637269,小型
4094,2019,6,5,,,,36.24950913758,137.495522129458,成獣
4095,2019,6,6,,,,36.2179005581772,137.258969603373,小型
4096,2019,6,3,,,,36.1363756591604,137.33274495029,小型
4097,2019,6,5,,,,36.2164263322231,137.317743078148,小型
4098,2019,6,6,,,,36.1765635236337,137.375910298098,親子
4099,2019,6,7,,,,36.1377431549721,137.34229012408,小型
4100,2019,6,10,,,,36.1301985253788,137.315152893085,小型
4101,2019,6,10,,,,36.0709577932058,137.232755748942,小型
4102,2019,6,10,,,,36.1685744312584,137.448164193234,成獣
4103,2019,6,15,,,,36.3060859511084,137.278376325876,
4104,2019,6,14,,,,36.0913256376358,137.360763434328,不明
4105,2019,6,14,,,,36.1857628349665,137.330054296126,小型
4106,2019,6,14,,,,36.1694305446647,137.450483763453,小型
4107,2019,6,17,,,,36.280233000403,137.384394141267,成獣
4108,2019,6,17,,,,36.0482101065157,137.398388515471,成獣
4109,2019,5,25,,,,35.5330248502247,136.706409069376,カメラで撮影された
4110,2019,6,14,,,,36.182834920273,137.315606350546,成獣
4111,2019,6,18,,,,36.168882203307,137.439108660567,小型
4112,2019,6,14,,,,35.6534080479101,137.463014179409,
4113,2019,6,14,,,,35.6650033664768,137.426188407614,
4114,2019,6,16,,,,35.6805015920087,137.415794389118,
4115,2019,6,20,,,,36.3051469297254,137.308037226431,
4116,2019,6,19,,,,36.0787075058705,137.381388814477,成獣
4117,2019,6,19,,,,36.2506208880349,137.497132341696,小型
4118,2019,6,19,,,,36.1418760284521,137.14049404551,小型
4119,2019,6,14,,,,35.6418523167134,137.466692510699,墓地に来ていた人が目撃したが、山へ入っていった
4120,2019,6,20,,,,36.054212832523,137.250401031022,成獣
4121,2019,6,20,,,,36.0906897485069,137.362070438332,小型
4122,2019,6,20,,,,36.172631547677,137.45005851797,小型
4123,2019,6,21,,,,35.9272894482521,137.306859427803,
4124,2019,5,29,,,,35.956797266889,137.256408756264,倒木の根が巣穴のように対岸の家から目視できる。
4125,2019,6,18,,,,35.9342375311943,137.446672676172,
4126,2019,6,13,,,,35.536867681035,136.666387090873,神海の山の方に逃げて行った
4127,2019,4,8,,,,36.2860293479384,137.167797275088,
4128,2019,6,3,,,,36.3479588050119,137.184521307521,親子のクマ
4129,2019,6,16,,,,36.2539016805211,137.10886621544,
4130,2019,6,17,,,,36.2567576945264,137.127120303162,
4131,2019,6,18,,,,36.3706924635762,137.182101205593,子クマ
4132,2019,6,20,,,,36.3990511087982,137.181090079274,子クマ
4133,2019,6,20,,,,36.2433030388514,137.162039626345,子クマ
4134,2019,6,21,,,,36.2399887392623,137.198209226162,親子のクマ
4135,2019,6,21,,,,36.2608759355283,137.13292950283,親子のクマ
4136,2019,6,21,,,,36.0778516554297,137.412241468436,小型
4137,2019,6,21,,,,36.1773775579683,137.401090291265,小型
4138,2019,6,21,,,,36.0793623109896,137.377225786305,小型
4139,2019,6,26,,,,35.9093110912672,137.243990654568,大ケ洞ダム管理棟職員が早朝、見かける
4140,2019,6,26,,,,35.6091406103516,137.459896462487,国道を走って山へ逃亡
4141,2019,6,26,,,,35.6830154133967,137.407261112356,
4142,2019,6,21,,,,36.2668720147974,137.569721349822,親子
4143,2019,6,21,,,,36.176748889912,137.400711934922,
4144,2019,6,21,,,,36.1442003156258,137.239214534472,成獣
4145,2019,6,21,,,,36.1335932358968,137.358373965051,小型
4146,2019,5,23,,,,36.1703534483183,137.345671133331,成獣
4147,2019,6,22,,,,36.1396388428155,137.081891642475,幼獣
4148,2019,6,24,,,,36.2479149647953,137.511664834502,不明
4149,2019,6,24,,,,36.1749884916592,137.386691562797,親子
4150,2019,6,24,,,,36.246129044652,137.519272201774,小型
4151,2019,6,24,,,,36.2286205711858,137.226758835848,小型
4152,2019,6,24,,,,36.0130409143078,136.987988470528,成獣
4153,2019,6,25,,,,36.1752231366305,137.320225275322,小型
4154,2019,6,25,,,,36.0793825106113,137.36126688535,小型
4155,2019,6,25,,,,36.1695201838716,137.450997677867,小型
4156,2019,6,26,,,,36.1735985175701,137.390596617622,成獣
4157,2019,6,26,,,,36.2268692877439,137.228023456558,小型
4158,2019,6,26,,,,36.0970397139889,137.304911024692,小型
4159,2019,6,26,,,,36.142956176914,137.350762972374,小型
4160,2019,5,26,,,,36.1512525418172,137.137724249243,小型
4161,2019,6,26,,,,36.0486124119142,137.398492068005,成獣
4162,2019,6,27,,,,36.2333209766417,137.530183350737,成獣
4163,2019,6,27,,,,36.0618138671111,137.287290905475,中型
4164,2019,6,28,,,,36.1745478534084,137.370798291471,幼獣
4165,2019,6,30,,,,35.3761131356269,136.445426007506,成獣
4166,2019,6,28,,,,36.2480496313933,137.512579999269,小型
4167,2019,6,28,,,,36.2452732433508,137.497400760666,幼獣
4168,2019,6,28,,,,36.1744316031848,137.370566792576,幼獣
4169,2019,6,27,,,,36.0607070124473,137.284163102951,成獣
4170,2019,6,27,,,,36.1762586618395,137.387844358273,成獣
4171,2019,7,1,,,,36.1829534472676,137.315986877444,中型
4172,2019,7,1,,,,36.1832097060299,137.212011092002,成獣
4173,2019,7,1,,,,36.174370353256,137.370001294037,成獣
4174,2019,7,1,,,,36.1856517780718,137.553115948239,小型
4175,2019,7,1,,,,36.1793488562197,137.254840352882,成獣
4176,2019,7,1,,,,36.2470006851246,137.516068226029,小型
4177,2019,7,1,,,,36.1774697028002,137.415744057497,小型
4178,2019,6,28,,,,36.0824395892845,137.277806796813,幼獣
4179,2019,7,2,,,,35.909093284408,137.24220101127,大ヶ洞ダム管理棟職員が目撃
4180,2019,7,1,,,,35.5778887472833,137.406254464203,二ッ森林道付近をとおりかかったさい登山道入り口にて目撃したが逃げて行った
4181,2019,6,30,,,,36.1731533537199,137.361645788955,幼獣
4182,2019,7,1,,,,36.1770478685543,137.415272895004,成獣
4183,2019,6,20,,,,36.1693726422413,137.060283864646,成獣
4184,2019,6,23,,,,36.171464375274,137.060439381372,成獣
4185,2019,6,27,,,,36.1703832583582,137.05755205188,成獣
4186,2019,7,1,,,,36.2690084525489,137.241318927729,道路を横断
4187,2019,7,2,,,,36.137098458657,137.264417916264,小型
4188,2019,7,2,,,,36.1961245605282,137.556723791911,小型
4189,2019,7,2,,,,36.171593124994,137.320646210534,中型
4190,2019,7,2,,,,36.2777878899884,137.326658809212,親子
4191,2019,7,2,,,,35.5969325404352,137.471080985668,夜間に車内から目撃
4192,2019,7,2,,,,35.6988117580896,137.426383106262,
4193,2019,7,3,,,,35.943484808129,137.328208070405,
4194,2019,7,4,,,,35.577560557033,137.523492966972,
4195,2019,7,3,,,,35.5597874745239,137.519713729437,
4196,2019,7,2,,,,35.5915619013888,137.515368304463,
4197,2019,7,1,,,,35.5806726399475,137.530200621027,
4198,2019,6,28,,,,35.576583556669,137.523578913304,
4199,2019,7,3,,,,36.1754268811335,137.312700808658,小型
4200,2019,7,3,,,,36.2923725304059,137.373404105665,幼獣
4201,2019,7,4,,,,36.171310755713,137.430472668348,中型
4202,2019,7,4,,,,36.2309340024276,137.529769945238,小型
4203,2019,7,4,,,,36.248611319724,137.540292642306,親子
4204,2019,7,4,,,,36.1685171166037,137.435054563556,中型
4205,2019,7,4,,,,36.2186201973214,137.259236711004,小型
4206,2019,7,4,,,,35.548002422784,136.670244816718,山の方へ逃げた
4207,2019,7,5,,,,35.5113780518773,136.654141784802,山の方へ逃げた
4208,2019,7,5,,,,36.1715142257302,137.324049236014,小型
4209,2019,6,6,,,,36.244438294823,137.510893465376,成獣
4210,2019,7,6,,,,36.2176867415481,137.541204581532,成獣
4211,2019,7,6,,,,36.2623552125236,137.559171628886,小型
4212,2019,7,7,,,,36.2619476016209,137.55809118459,小型
4213,2019,7,6,,,,35.8945511997417,137.314756330105,
4214,2019,7,8,,,,35.985248736668,137.289026429405,成獣
4215,2019,7,8,,,,36.0273340495081,136.993296756619,小型
4216,2019,7,8,,,,36.1697945961567,137.443681030035,小型
4217,2019,7,8,,,,36.0419484655317,137.263161233054,成獣
4218,2019,7,7,,,,36.1371746970432,137.080018542105,小型
4219,2019,7,7,,,,36.1759019014458,137.289383761065,成獣
4220,2019,7,7,,,,36.1759122566994,137.308456308141,成獣
4221,2019,7,8,,,,36.1394671655722,137.084011142003,小型
4222,2019,7,8,,,,36.0742522589072,137.384136900954,成獣
4223,2019,7,9,,,,36.2482875208948,137.242806694863,成獣
4224,2019,7,9,,,,36.2263926102477,137.246700971393,小型
4225,2019,7,9,,,,36.1793428020352,137.52755299459,中型
4226,2019,6,9,,,,36.1376741137612,137.080249151146,小型
4227,2019,7,9,,,,36.1397042915747,137.28321773655,小型
4228,2019,7,9,,,,36.2825147592214,137.301427810252,成獣
4229,2019,7,9,,,,36.2304826686134,137.530364170065,小型
4230,2019,7,9,,,,36.2225810797004,137.254509883544,不明
4231,2019,7,9,,,,36.1776316208663,137.418285604631,親子
4232,2019,7,9,,,,36.1331262792833,137.213157468209,成獣
4233,2019,7,10,,,,36.0306756352287,137.444167563289,幼獣
4234,2019,7,10,,,,36.163234434776,137.26211935711,親子
4235,2019,7,10,,,,36.1497066401637,137.276045959674,成獣
4236,2019,7,11,,,,36.1171600637336,137.24294582315,成獣
4237,2019,7,11,,,,36.0308907186337,137.444024507007,成獣
4238,2019,7,15,,,,36.2971366736847,137.253209884478,通行者目撃
4239,2019,7,6,,,,36.3719264325878,137.371632229884,成獣
4240,2019,7,14,,,,35.6538359091794,137.463001928551,
4241,2019,4,25,,,,35.6323965121671,137.111506356999,
4242,2019,7,9,,,,36.1384949334607,137.28171388243,成獣
4243,2019,7,12,,,,36.1371042090758,137.264286388439,成獣
4244,2019,7,12,,,,36.2824209493245,137.305137923387,成獣
4245,2019,7,12,,,,36.1918623640411,137.547368732498,成獣
4246,2019,7,12,,,,36.2216453439085,137.249680997116,成獣
4247,2019,7,12,,,,36.2301570850393,137.530086254755,不明
4248,2019,7,12,,,,36.1467883488873,137.269726863631,小型
4249,2019,7,12,,,,36.1800568058827,137.323792331182,小型
4250,2019,7,12,,,,36.1497092567757,137.265497707846,小型
4251,2019,7,12,,,,36.1542017573763,137.259015376816,小型
4252,2019,7,13,,,,36.1459384364546,137.267819534733,小型
4253,2019,7,13,,,,36.1392735663182,137.092483970147,小型
4254,2019,7,14,,,,36.2233651906021,137.529785564869,不明
4255,2019,7,14,,,,36.1489539410874,137.284812434228,小型
4256,2019,7,15,,,,36.150733586725,137.276031648412,小型
4257,2019,7,15,,,,36.1480805884905,137.264970911299,不明
4258,2019,7,16,,,,36.0741321429366,137.265274610843,成獣
4259,2019,7,16,,,,36.1352003234584,137.271143399867,小型
4260,2019,7,16,,,,36.1477540954389,137.438113765891,中型
4261,2019,7,16,,,,35.9918882565997,137.394265696466,成獣
4262,2019,5,31,,,,35.3636653476692,137.42754525459,幼獣
4263,2019,7,16,,,,36.2269346377679,137.530883687565,不明
4264,2019,5,30,,,,35.4991146118931,137.358131404093,不明
4265,2019,6,3,,,,35.3567517947718,137.355728833073,成獣
4266,2019,6,5,,,,35.5172471749701,137.300522634679,不明
4267,2019,7,11,,,,35.3593950682084,137.429438148729,成獣
4268,2019,7,14,,,,35.2914547090494,137.533619087278,幼獣
4269,2019,5,31,,,,35.6201372502966,137.508852138314,成獣
4270,2019,6,12,,,,35.6197634999003,137.509298611184,小型
4271,2019,7,6,,,,35.6196080274743,137.509563833658,成獣
4272,2019,7,2,,,,35.6156606152935,137.497215176937,小型
4273,2019,7,3,,,,35.6158859767892,137.496762009827,小型
4274,2019,7,18,,,,35.5568292195554,137.553963130068,
4275,2019,7,17,,,,36.0610358466486,137.283758378165,成獣
4276,2019,7,17,,,,36.2316785865551,137.528960191093,小型
4277,2019,7,18,,,,36.1308378369985,137.273620453464,小型
4278,2019,7,16,,,,36.1766602179017,137.448395714556,幼獣
4279,2019,7,18,,,,36.2275978327719,137.530878573251,幼獣
4280,2019,7,12,,,,36.2490410029505,137.070271422391,釣り人が威嚇された
4281,2019,7,19,,,,36.154241542682,137.290888015131,成獣
4282,2019,7,19,,,,36.1348279257461,137.264851400791,小型
4283,2019,7,20,,,,36.1395198266741,137.076308784927,小型
4284,2019,7,21,,,,36.1122625384871,137.077493161147,成獣
4285,2019,7,21,,,,36.1351482686677,137.270869677886,小型
4286,2019,7,21,,,,36.137012030246,137.07992484834,小型
4287,2019,5,7,,,,35.785101895815,137.116837139309,成獣1頭
4288,2019,5,14,,,,35.8478443564213,136.937340455739,幼獣1頭
4289,2019,5,17,,,,35.7767047094088,137.111906065226,幼獣1頭
4290,2019,5,18,,,,35.7852037290686,137.116839166951,幼獣1頭
4291,2019,5,19,,,,35.8282969839352,136.958779229251,サイズ不明
4292,2019,5,30,,,,35.9709125647372,136.786499773858,幼獣1頭
4293,2019,6,3,,,,35.9278000884755,136.871647804624,成獣1頭
4294,2019,6,9,,,,35.8776919258037,136.8651282357,幼獣1頭
4295,2019,6,20,,,,35.9629629733692,136.809102061657,幼獣1頭
4296,2019,6,21,,,,35.783648480286,137.116740557913,幼獣1頭
4297,2019,6,23,,,,35.9592789286959,136.820396928416,成獣1頭
4298,2019,6,23,,,,35.9594105130726,136.820696261336,成獣1頭
4299,2019,6,24,,,,35.9611687513968,136.826125313461,成獣1頭
4300,2019,7,2,,,,35.9527024880745,136.879051956896,成獣1頭
4301,2019,7,8,,,,35.7727284633576,137.107279737925,幼獣1頭
4302,2019,7,23,,,,35.51671347217,137.57196826368,幼獣が道路を横断
4303,2019,7,20,,,,36.1774182412243,137.254640835356,成獣
4304,2019,7,22,,,,36.1356273897754,137.258398672714,小型
4305,2019,7,22,,,,36.1933233687976,137.295207420559,小熊
4306,2019,7,22,,,,36.1135329163286,137.230659499522,小型
4307,2019,7,22,,,,36.1228610510356,137.252500074343,親子
4308,2019,7,22,,,,36.1227173550689,137.252996019822,成獣
4309,2019,7,22,,,,36.1406524111735,137.263727369332,小型
4310,2019,7,23,,,,36.2273019835896,137.227710481964,小型
4311,2019,7,23,,,,36.1437352594775,137.269717213676,中型
4312,2019,7,23,,,,35.592515485731,137.513892303239,
4313,2019,7,23,,,,35.5940298921434,137.483733548002,
4314,2019,7,10,,,,35.5641297055755,136.641266220607,山の方へ逃げた
4315,2019,7,18,,,,35.5296005846237,137.444182435581,朝、犬と散歩中に出くわした。その後林に入っていった
4316,2019,7,18,,,,35.5828233144556,137.46940520229,ガス販売者が販売中に目撃
4317,2019,7,26,,,,36.3061264963285,137.248114143418,
4318,2019,7,23,,,,35.9251638254939,137.445407747287,
4319,2019,7,29,,,,35.5632204284041,137.186015388397,
4320,2019,7,24,,,,36.1393989965463,137.07664584075,小型
4321,2019,7,24,,,,36.1864477228478,137.553115830097,成獣
4322,2019,7,24,,,,36.2178775196437,137.540347106277,成獣
4323,2019,7,24,,,,36.1393604172848,137.077141701736,小型
4324,2019,6,25,,,,36.1451481979687,137.43207002199,小型
4325,2019,7,25,,,,36.2820364350859,137.575937443615,不明
4326,2019,7,25,,,,36.1379323698191,137.275525079547,小型
4327,2019,7,26,,,,36.2231727182515,137.529758037989,成獣
4328,2019,7,26,,,,36.1381615859267,137.285807412539,小型
4329,2019,7,26,,,,36.0877941742251,137.299222472613,成獣
4330,2019,7,24,,,,36.3094716728153,137.320950258338,道路横断⇒川へ
4331,2019,7,24,,,,36.3193886255496,137.313559454615,道路横断⇒山へ
4332,2019,8,1,,,,35.6401364007966,137.505549347788,
4333,2019,7,27,,,,36.1504091417501,137.283832259704,小型
4334,2019,7,28,,,,36.1789858564181,137.324541474874,小型
4335,2019,7,28,,,,36.1406912869964,137.285084758567,小型
4336,2019,7,28,,,,36.1382985860275,137.285845689504,小型
4337,2019,8,3,,,,35.2936262911406,137.404966754083,
4338,2019,7,28,,,,36.2816952464582,137.363259166983,不明
4339,2019,7,28,,,,36.0328164692759,137.441753170194,成獣
4340,2019,7,29,,,,36.1388071126793,137.269397601888,小型
4341,2019,7,29,,,,36.1479497580924,137.272871885578,成獣
4342,2019,7,30,,,,36.1792107712192,137.507762887886,小型
4343,2019,7,30,,,,36.150749970096,137.259914895426,小型
4344,2019,7,30,,,,36.140804803295,137.077532557144,小型
4345,2019,7,30,,,,36.1488297107215,137.261823100905,小型
4346,2019,7,30,,,,36.1435562424985,137.266131075587,小型
4347,2019,7,31,,,,36.1389836680138,137.077028592109,小型
4348,2019,8,3,,,,35.5336729721709,137.53758699977,国道を横切って山に向かった
4349,2019,8,1,,,,36.1790246599999,137.507834584062,小型
4350,2019,8,2,,,,35.9938066740855,137.39303746628,
4351,2019,8,3,,,,36.1383022704412,137.350875637694,成獣
4352,2019,8,4,,,,36.1392586221929,137.283809433656,不明
4353,2019,8,4,,,,36.1744676703369,137.291032156825,成獣
4354,2019,8,4,,,,35.9819444536244,137.525208838177,成獣
4355,2019,8,5,,,,35.4819845224775,137.436099257388,不明
4356,2019,8,7,,,,35.3158752889173,137.34516625519,幼獣
4357,2019,8,5,,,,36.2457599084909,137.505335938532,成獣
4358,2019,8,5,,,,36.1335068945766,137.265233852447,小型
4359,2019,8,6,,,,36.1388492503844,137.269800685019,成獣
4360,2019,8,6,,,,36.1392856090746,137.076762535557,小型
4361,2019,8,7,,,,35.9227339684254,137.312309196652,
4362,2019,8,5,,,,35.8948488113406,137.314719108046,
4363,2019,8,4,,,,35.9404843901003,137.27077970748,
4364,2019,8,7,,,,36.143612064958,137.269662131014,小型
4365,2019,8,7,,,,36.1435606760203,137.269644770184,小型
4366,2019,8,7,,,,36.1351097681328,137.271020955905,小型
4367,2019,8,8,,,,36.1377616997712,137.26762938525,小型
4368,2019,8,8,,,,36.1320575398937,137.262373026642,親子
4369,2019,8,9,,,,36.1360215125957,137.281736591337,小型
4370,2019,8,9,,,,36.1365742884881,137.290698699288,小型
4371,2019,8,10,,,,35.6754763133749,137.251502679622,
4372,2019,8,11,,,,36.1458632283113,137.272174396747,小型
4373,2019,8,11,,,,36.0128412369749,137.375755405518,小型
4374,2019,8,9,,,,35.5352286385154,137.543895184962,市道を横切って道下の竹林に入って行った
4375,2019,7,13,,,,35.9428722696365,136.918135963712,成獣1頭
4376,2019,7,15,,,,35.9436716819247,136.867839197643,幼獣1頭
4377,2019,8,5,,,,35.863905300833,137.10068040738,成獣1頭
4378,2019,8,7,,,,35.9322982167844,136.832645310893,成獣1頭
4379,2019,6,26,,,,36.2297165448832,137.165335524305,子グマ
4380,2019,8,13,,,,36.0395073558196,137.26165038199,幼獣
4381,2019,8,13,,,,36.1211639580441,137.243509218189,中型
4382,2019,8,13,,,,36.1471142833219,137.243847743212,小型
4383,2019,6,22,,,,36.2612232451443,137.128792559277,子グマ
4384,2019,6,24,,,,36.266447358358,137.235354269037,道路を横断
4385,2019,6,25,,,,36.2977063838947,137.185232673585,子グマ
4386,2019,8,1,,,,36.2332385918813,137.166000809996,子グマ
4387,2019,7,29,,,,36.2081494189424,137.153640958584,親子グマ
4388,2019,7,22,,,,36.2093488392968,137.152619396103,子グマ
4389,2019,7,11,,,,36.2446272714307,137.195391144989,子グマ
4390,2019,7,9,,,,36.2643665643486,137.231901054223,
4391,2019,7,4,,,,36.2973501377031,137.186982953803,
4392,2019,7,3,,,,36.2547759388093,137.10542307371,子グマ
4393,2019,7,1,,,,36.2103753395349,137.151060195846,子グマ
4394,2019,8,16,,,,35.6985760667814,137.423853885996,
4395,2019,8,18,,,,36.3922031997445,137.27860839171,
4396,2019,8,20,,,,36.3117234894078,137.30398116377,高校生徒が通学中に目撃
4397,2019,8,13,,,,36.0811434610315,137.295490819196,親子
4398,2019,8,13,,,,36.1784321961743,137.321807090941,成獣
4399,2019,8,14,,,,36.2188017257839,137.259115265598,中型
4400,2019,8,14,,,,36.2205716609524,137.537541530568,親子
4401,2019,8,14,,,,36.193780670653,137.553951438091,小型
4402,2019,8,14,,,,36.2481423274408,137.505783146974,不明
4403,2019,8,15,,,,35.9955223968119,137.392281457645,小型
4404,2019,8,15,,,,36.173081569769,137.344817897697,不明
4405,2019,8,15,,,,36.0808469691512,137.258140092289,小型
4406,2019,8,15,,,,35.9968294362804,137.536234803598,成獣
4407,2019,8,16,,,,36.013004766296,137.373222380223,親子
4408,2019,8,16,,,,35.9916787395881,137.52970197319,成獣
4409,2019,8,18,,,,36.177039238699,137.255168254162,小型
4410,2019,8,18,,,,36.0177181185298,137.388859618993,小型
4411,2019,8,18,,,,35.997256438696,137.531760455327,小型
4412,2019,8,18,,,,36.0356738651697,137.48295667669,親子
4413,2019,8,18,,,,36.2292765200913,137.350768122937,成獣
4414,2019,8,19,,,,36.1318662245642,137.274509892008,成獣
4415,2019,8,19,,,,36.0126645698086,137.376762238081,幼獣
4416,2019,8,20,,,,36.0130282092912,137.375473460235,幼獣
4417,2019,8,19,,,,35.9353496563322,137.283760064729,
4418,2019,8,21,,,,36.3074682401076,137.301958324448,道路横断
4419,2019,8,20,,,,36.2830921145577,137.249707561979,道路横断
4420,2019,8,21,,,,36.2822647267095,137.249570815729,道路横断
4421,2019,8,21,,,,35.3681851802744,137.427795468742,幼獣
4422,2019,8,19,,,,35.8356710059758,137.02705291093,成獣1頭、幼獣1頭
4423,2019,8,21,,,,35.763115264611,136.939829456693,幼獣1頭
4424,2019,8,21,,,,35.6776733956644,137.272049287211,
4425,2019,8,21,,,,36.1677155371716,137.267921694406,成獣
4426,2019,8,21,,,,36.0126632639389,137.377332820223,成獣
4427,2019,8,22,,,,36.0636168255432,137.025984654224,小型
4428,2019,8,22,,,,36.0649863133022,136.948362097112,成獣
4429,2019,8,23,,,,36.0808071441268,137.372351363799,幼獣
4430,2019,8,23,,,,36.074451786529,137.384485676858,成獣
4431,2019,8,25,,,,36.1958309773131,137.554370396598,小型
4432,2019,8,25,,,,36.2497115511829,137.506006054691,成獣
4433,2019,8,27,,,,36.1782548361284,137.321274620047,成獣
4434,2019,8,27,,,,36.0809217274403,137.372125946498,中型
4435,2019,8,27,,,,36.08086342182,137.372500974326,中型
4436,2019,8,27,,,,36.1103335905461,137.291790633168,成獣
4437,2019,8,13,,,,35.5947174643136,137.459519238697,車運転中に熊がバイパスを横断し河川へ逃亡
4438,2019,8,23,,,,35.689731501615,137.390534253824,
4439,2019,8,20,,,,35.7762643084988,137.362847071481,
4440,2019,8,28,,,,36.248752355359,137.507896862945,成獣
4441,2019,8,28,,,,36.0217249781607,137.389797393,成獣
4442,2019,7,29,,,,36.1498259431759,137.284651179384,小型
4443,2019,4,23,,,,35.3594360688406,137.268973204354,痕跡無し・カモシカの痕跡有
4444,2019,8,28,,,,35.4496131879387,137.261184223615,痕跡無し
4445,2019,8,24,,,,35.4413727158632,137.261774150974,痕跡無し
4446,2019,8,21,,,,35.4348814321624,137.257545692389,痕跡無し
4447,2019,6,24,,,,35.3665605490525,137.278885803082,痕跡無し
4448,2019,6,22,,,,35.4031066594621,137.297355907696,成獣
4449,2019,5,20,,,,35.3507299114095,137.255868221548,痕跡無し・カモシカの痕跡有
4450,2019,5,19,,,,35.355625117961,137.257644742608,痕跡無し・カモシカの痕跡有
4451,2019,8,25,,,,36.3984439827319,137.284631608817,
4452,2019,9,1,,,,36.3051478278356,137.336685968525,
4453,2019,8,31,,,,36.2827924767198,137.249166840684,道路を横断
4454,2019,8,29,,,,36.4570444042046,137.251431672793,散歩中に目撃
4455,2019,9,1,,,,36.4569091541761,137.251349812377,散歩中に目撃
4456,2019,9,2,,,,36.3082807182049,137.33932900342,木に登っている
4457,2019,9,3,,,,36.3082781349065,137.339272559066,田んぼにいた
4458,2019,9,3,,,,36.308224523686,137.339352114825,木に登っている
4459,2019,8,19,,,,36.2868014837579,137.169033744205,
4460,2019,8,29,,,,36.2181896623869,137.146381957818,クマ
4461,2019,9,3,,,,35.323652535936,137.303097171505,痕跡無し。シカと思われる痕跡有。
4462,2019,9,3,,,,36.451102408111,137.264277005547,家の裏に出没
4463,2019,9,3,,,,36.4511025466273,137.264093505552,家の裏に出没
4464,2019,9,3,,,,36.4512342411192,137.264178865996,家の裏に出没
4465,2019,9,4,,,,36.2518506470271,137.167186757952,
4466,2019,9,4,,,,35.5143324380197,136.821620729545,クマらしき動物1頭を目撃
4467,2019,8,31,,,,36.0696038976918,137.199369289258,小型
4468,2019,8,31,,,,36.1814406069277,137.511760656633,親子
4469,2019,8,31,,,,36.0374919793479,137.523337991033,小型
4470,2019,9,2,,,,36.1444090271438,137.264471904049,小型
4471,2019,9,2,,,,36.1767991823989,137.494567480586,成獣
4472,2019,9,2,,,,36.0732911906346,137.210936261374,小型
4473,2019,9,2,,,,36.0743120214698,137.212983342753,小型
4474,2019,9,3,,,,36.0776295069258,137.223393507809,無
4475,2019,9,4,,,,36.078182009572,137.365680473568,小型
4476,2019,9,5,,,,36.240477447774,136.887944628565,親子
4477,2019,9,4,,,,36.3081763305866,137.337158673338,ブドウ捕食
4478,2019,9,4,,,,36.3983692881526,137.284512859231,柿の木
4479,2019,8,26,,,,35.6959467331568,137.422287390546,
4480,2019,8,27,,,,35.6959216223404,137.422066862949,
4481,2019,9,1,,,,35.6958466776656,137.422178557419,
4482,2019,9,2,,,,35.6958855666207,137.422157612936,
4483,2019,9,8,,,,35.6935124305795,137.418810896109,
4484,2019,9,8,,,,36.2612229939963,136.913453912051,小型
4485,2019,9,6,,,,36.15407498045,136.91194702235,
4486,2019,9,10,,,,36.2628412403764,136.909873543415,親子
4487,2019,9,3,,,,35.5969000843694,137.449585121833,車でとおり掛かったところ河川から山林へ向けて逃亡
4488,2019,9,11,,,,36.3350958251352,137.302068012853,成獣を目撃
4489,2019,9,5,,,,36.2238564409296,137.528255561108,成獣
4490,2019,9,8,,,,36.0777821494006,137.364130700249,幼獣
4491,2019,9,7,,,,36.1358955676489,137.264454644969,小型
4492,2019,9,7,,,,36.1389470840024,137.269761573364,小型
4493,2019,9,7,,,,36.1380874638362,137.280730829163,不明
4494,2019,9,9,,,,36.2033251796854,137.321721162397,小型
4495,2019,9,9,,,,36.0909455171157,137.327825871087,不明
4496,2019,9,10,,,,36.1748539700949,137.3198292498,成獣
4497,2019,9,10,,,,36.2885779655264,137.376778277951,親子
4498,2019,9,11,,,,36.0894381490197,137.332001547377,小型
4499,2019,9,13,,,,35.5930315709092,137.510128441714,
4500,2019,8,1,,,,35.5902835661209,137.517803277921,
4501,2019,8,22,,,,35.6094207047499,137.481398714677,
4502,2019,9,11,,,,35.6413692565346,137.439256508928,
4503,2019,9,15,,,,35.5396681662733,137.539533578166,子熊一頭を見かけた
4504,2019,9,12,,,,36.1088057095769,137.214458621577,成獣
4505,2019,9,12,,,,36.2139991902593,137.267781097331,親子
4506,2019,9,12,,,,36.1981374197324,137.167204572711,親子
4507,2019,9,13,,,,36.147853956474,137.271544774764,中型
4508,2019,9,13,,,,36.280303229276,137.377043709986,成獣
4509,2019,9,13,,,,36.0115673057197,136.986565280552,幼獣
4510,2019,9,13,,,,36.1843784853806,137.278380718769,幼獣
4511,2019,9,13,,,,36.0184662005344,137.391650744655,親子
4512,2019,9,17,,,,36.3160826729515,137.264673103886,栗を捕食
4513,2019,9,18,,,,36.3161629726848,137.265092403671,栗を捕食
4514,2019,9,17,,,,36.3981103388636,137.280882782577,栗を捕食痕跡あり
4515,2019,9,13,,,,36.2971041049184,137.362096077538,道路を横断
4516,2019,9,4,,,,36.2527337557351,137.166975437365,
4517,2019,9,4,,,,36.2177394506769,137.144919216898,クマ
4518,2019,9,7,,,,36.2577353024762,137.165305414949,
4519,2019,9,21,,,,36.2704877017389,137.146510159637,
4520,2019,9,19,,,,35.4515129673939,137.259501010589,痕跡無し
4521,2019,9,14,,,,36.1863937510202,137.545791620695,幼獣
4522,2019,9,15,,,,36.2912738331605,137.37570785675,小型
4523,2019,9,17,,,,36.2300601388327,137.534097024911,中型
4524,2019,9,17,,,,36.2777758799666,137.387742362534,成獣
4525,2019,9,18,,,,36.2255548854611,137.531346644625,成獣
4526,2019,9,18,,,,36.1749807660657,137.386426274485,成獣
4527,2019,9,19,,,,36.1531307516979,137.286874811167,成獣
4528,2019,9,20,,,,36.1737369048481,137.278494701181,親子
4529,2019,9,25,,,,36.395774500049,137.178757305407,子クマ
4530,2019,9,24,,,,36.3123108247087,137.12970737429,子クマ
4531,2019,9,20,,,,36.332667871367,137.148156976114,子クマ
4532,2019,9,17,,,,36.4062313904845,137.183858557636,親クマ
4533,2019,10,24,,,,36.4010707681975,137.182604761938,親クマ
4534,2019,9,15,,,,36.3362711170384,137.146577661724,親クマ
4535,2019,9,13,,,,36.4069458004329,137.184168054314,親クマ
4536,2019,9,12,,,,36.3479230359327,137.187554520126,子クマ
4537,2019,9,18,,,,36.3370796736134,137.152736757572,親クマ
4538,2019,9,8,,,,36.3341354476704,137.150615269137,親クマ１子クマ２
4539,2019,9,7,,,,36.3935948008955,137.178302315438,親クマ
4540,2019,9,6,,,,36.3339933094619,137.145966871304,親子クマ
4541,2019,9,3,,,,36.325513738146,137.136413912145,親クマ
4542,2019,4,1,,,,36.2715730158284,137.025184590993,親クマ
4543,2019,8,22,,,,36.3240940242467,137.134570919348,親クマ
4544,2019,8,15,,,,36.4255987549604,137.196777264589,子クマ
4545,2019,7,8,,,,36.4189773683495,137.195900995683,子クマ
4546,2019,10,24,,,,36.3381201345763,137.166803689028,親クマ
4547,2019,6,25,,,,36.3935791416484,137.178859215414,親子クマ
4548,2019,9,26,,,,36.3442233281759,137.18171043357,子クマ
4549,2019,9,25,,,,36.3269255131589,137.135366106493,親クマ
4550,2019,9,25,,,,36.3301788579666,137.143328589347,親子クマ
4551,2019,7,11,,,,35.5545321336908,136.804948591701,親クマ
4552,2019,7,19,,,,35.6852871729027,136.724170392946,親クマ
4553,2019,7,20,,,,35.6848330633354,136.724193893865,親クマ
4554,2019,6,20,,,,35.5553198901224,136.779537970167,親クマ
4555,2019,9,19,,,,35.6169349244721,136.683320771213,親子
4556,2019,9,24,,,,36.3946995099546,137.394136877779,栗の捕食
4557,2019,9,25,,,,36.292930708278,137.253645810298,小熊1頭　道路横断
4558,2019,9,25,,,,36.3112770407493,137.314783338367,成獣1頭を目撃
4559,2019,9,25,,,,36.3055756310433,137.251310247899,毎晩4日間栗を夜中に捕食
4560,2019,9,25,,,,36.3668347498247,137.284257151937,毎晩栗を捕食
4561,2019,9,2,,,,36.3043129422611,137.11189511769,親クマ
4562,2019,6,2,,,,36.2254775808208,137.004502892542,親クマ
4563,2019,6,20,,,,36.289426365732,137.049283207793,成獣
4564,2019,6,21,,,,36.2943953990039,137.067361879903,親クマ
4565,2019,6,21,,,,36.2831079078173,137.043335537128,子クマ
4566,2019,6,22,,,,36.2942541188183,137.067204280603,親クマ・子クマ
4567,2019,6,18,,,,36.293280229849,137.067124785058,親クマ・小クマ
4568,2019,6,20,,,,36.2888169935387,137.04788721083,成獣
4569,2019,6,21,,,,36.2580646488689,137.023385451242,親クマ
4570,2019,6,22,,,,36.2927251486228,137.066321487914,親クマ・子クマ22
4571,2019,6,23,,,,36.2235763601226,137.011122705673,子クマ
4572,2019,7,12,,,,36.2490887240165,137.070255094384,釣り人が威嚇された
4573,2019,7,10,,,,36.295623233261,137.069960273452,子クマ
4574,2019,7,10,,,,36.3128389832223,137.104203482661,子クマ
4575,2019,7,8,,,,36.2346252630483,137.014266856237,成獣
4576,2019,7,25,,,,36.2893119740305,137.048318508479,子クマ
4577,2019,8,28,,,,36.2982990649258,137.072545660805,成獣
4578,2019,8,29,,,,36.2982090650297,137.072529261205,成獣
4579,2019,9,8,,,,36.3056951910776,137.086180221231,成獣
4580,2019,9,17,,,,36.2904119030421,137.058188001258,成獣
4581,2019,9,26,,,,35.2933779487386,137.485371653649,成獣
4582,2019,9,22,,,,36.292473777666,137.372889062936,小型
4583,2019,9,27,,,,36.1225771921545,137.290126786759,小型
4584,2019,9,27,,,,36.2139677776402,137.21695136956,不明
4585,2019,9,28,,,,36.1479059966077,137.136244705472,小型
4586,2019,9,27,,,,36.219145189541,137.244339761612,不明
4587,2019,9,28,,,,36.2970630153068,137.372898033058,成獣
4588,2019,9,21,,,,35.8985240382911,137.318379644042,
4589,2019,9,21,,,,35.9291981781081,137.303740510636,
4590,2019,9,28,,,,35.9293246983189,137.318116055703,
4591,2019,9,29,,,,36.3195679367257,137.307406593992,小熊
4592,2019,9,30,,,,36.337669599163,137.298783200541,小熊
4593,2019,10,12,,,,35.4808433346428,137.422538655619,車を運転中、クマらしきものを見かけた（カモシカかも）
4594,2019,10,1,,,,35.5152919745433,137.571281585347,恵下沢橋付近から恵那山方面の山中へ行った
4595,2019,10,1,,,,35.5150778057285,137.571308073025,道路を上から下、下から上へ横切った
4596,2019,9,26,,,,35.5277522819519,137.568325592014,
4597,2019,10,20,,,,35.6366086136117,136.61054324946,小学校から山へ逃げた
4598,2019,10,15,,,,35.6937533793268,136.559291441331,
4599,2019,4,23,,,,35.5976697814685,137.099501335717,
4600,2019,10,24,,,,36.0990752756979,137.072966917365,小型
4601,2019,9,17,,,,36.3972401539747,137.283696438785,栗を捕食痕跡あり
4602,2019,10,26,,,,35.6377213195312,137.456351129936,
4603,2019,10,9,,,,35.6556046210513,137.430862166644,
4604,2019,6,20,,,,36.399822747356,137.181647648164,子クマ
4605,2019,10,28,,,,36.4140486360225,137.190829384854,親クマ
4606,2019,8,13,,,,35.6355103277627,137.504854345558,小型
4607,2019,10,21,,,,35.74889217163,137.336175243095,
4608,2019,8,29,,,,35.8222532739352,136.894160175152,
4609,2019,9,9,,,,35.7003187429728,136.864325804749,成獣
4610,2019,9,25,,,,35.736310768895,136.963383550818,
4611,2019,9,26,,,,35.7493821550935,136.971200879545,幼獣
4612,2019,10,3,,,,35.9421126562839,136.858363348321,
4613,2019,10,3,,,,35.9005714208842,136.849357579166,成獣
4614,2019,10,5,,,,35.8843656639575,137.068157125085,幼獣
4615,2019,10,5,,,,35.761108679116,136.984000338337,
4616,2019,10,6,,,,35.7467040414745,136.973322034453,幼獣
4617,2019,10,6,,,,35.7353267728146,136.954666269932,不明
4618,2019,10,5,,,,35.9437641549923,136.8313947387,幼獣
4619,2019,10,6,,,,35.9355979811377,136.828145931354,成獣
4620,2019,10,7,,,,35.9287073096053,136.829754531032,成獣
4621,2019,10,7,,,,35.8362266787774,137.026942537328,成獣
4622,2019,10,8,,,,35.7496018265742,136.971179610186,幼獣
4623,2019,10,9,,,,35.8402021016385,136.87761175039,
4624,2019,10,9,,,,35.8507726718174,136.869325307523,成獣
4625,2019,10,9,,,,35.8663136007399,136.851030773866,成獣
4626,2019,10,14,,,,35.8683251929925,136.855535290183,成獣
4627,2019,9,26,,,,35.6245460854956,137.459691577685,芝ヶ瀬食堂から国道を通過し山林へ逃げた
4628,2019,10,1,,,,36.1716787019923,137.355681987461,成獣
4629,2019,10,2,,,,36.025731471296,137.296021967148,小型
4630,2019,10,2,,,,36.0355578826036,137.288717390494,成獣
4631,2019,10,2,,,,36.022746120595,137.293662831496,成獣
4632,2019,10,3,,,,36.0472988507796,136.948061351206,親子
4633,2019,10,3,,,,36.2603847799822,137.246983699204,幼獣
4634,2019,10,4,,,,36.1208126140805,137.268680961978,大型
4635,2019,10,4,,,,36.1507923270335,137.274991641521,小型
4636,2019,10,6,,,,36.2657815994047,137.260350878631,不明
4637,2019,11,1,,,,35.4102156424688,137.44373994551,
4638,2019,10,13,,,,35.8022229162998,136.944488991436,
4639,2019,10,14,,,,35.8380899091666,136.87775087138,成獣
4640,2019,10,15,,,,35.8538949622869,137.075875855054,幼獣
4641,2019,10,15,,,,35.8655874569742,136.853400562257,
4642,2019,10,17,,,,35.883016774247,136.868747821155,成獣
4643,2019,10,17,,,,35.9922859526109,136.926315009052,成獣
4644,2019,10,13,,,,35.943012743923,136.847116468197,成獣
4645,2019,10,17,,,,35.6439567836321,136.936522032444,成獣
4646,2019,11,3,,,,36.3322353110604,137.152514861029,子クマ
4647,2019,11,1,,,,36.3271816655612,137.138780134938,親子クマ
4648,2019,10,7,,,,36.1829672531318,137.323075648963,親子
4649,2019,10,7,,,,36.2148694047382,137.228686372768,小型
4650,2019,10,7,,,,36.0155058613338,136.937085591867,成獣
4651,2019,9,30,,,,35.4789456584823,137.322547002971,
4652,2019,10,1,,,,35.3362986536499,137.313340323167,
4653,2019,10,8,,,,36.2017189698093,137.235817474527,不明
4654,2019,10,8,,,,36.1649672363997,137.266298800999,不明
4655,2019,10,8,,,,36.1737153381863,137.355158141999,成獣
4656,2019,10,8,,,,36.1759267665249,137.308830137796,親子
4657,2019,10,9,,,,36.2792272207605,137.57264134141,成獣
4658,2019,10,9,,,,36.2060061024531,137.229076307285,１頭
4659,2019,10,9,,,,36.0805372458311,137.359509290258,成獣
4660,2019,10,10,,,,36.1212046240288,137.270058991705,成獣
4661,2019,10,10,,,,36.1750753294332,137.455188683657,成獣
4662,2019,11,7,,,,35.5031938901047,137.533457424871,農道を北側へ下って行った
4663,2019,9,30,,,,35.3068857764806,137.291620482774,擁壁に登り後あり。獣道に大きい足跡あり。
4664,2019,10,5,,,,35.3597999781839,137.299057237287,足跡等なし。
4665,2019,10,27,,,,35.3505359842448,137.265608185808,痕跡なし。
4666,2019,11,1,,,,35.442253430758,137.21823518106,痕跡不明
4667,2019,11,7,,,,35.3453802638134,137.275632827359,痕跡なし。
4668,2019,11,7,,,,35.5711920730668,136.64750867412,中型。東の山へ逃げて行った
4669,2019,10,11,,,,36.3158472497877,137.395181405545,親子
4670,2019,10,11,,,,36.2180210642009,137.539837217861,成獣
4671,2019,10,11,,,,36.1266002649665,137.231374650403,小型
4672,2019,10,11,,,,36.0118823633715,136.932316104093,成獣
4673,2019,10,12,,,,36.0106773214345,136.938407259313,成獣
4674,2019,10,14,,,,36.2457529417199,137.527556441365,成獣
4675,2019,10,15,,,,36.2456884988978,137.528377427695,成獣
4676,2019,10,15,,,,36.1408369047084,137.226037299105,成獣
4677,2019,10,17,,,,36.1321508132999,137.26762269994,成獣
4678,2019,10,18,,,,36.153181027285,137.272199153886,小型
4679,2019,10,2,,,,35.3391247119288,137.388667669413,
4680,2019,10,3,,,,35.493309510939,137.333467853129,糞
4681,2019,10,7,,,,35.376717883077,137.380181681331,
4682,2019,10,10,,,,35.3555918492403,137.430991749764,
4683,2019,10,4,,,,36.3101618273966,137.320590007089,
4684,2019,10,31,,,,36.2811554847423,137.249310529352,通行者が目撃
4685,2019,10,16,,,,36.2711666814784,137.243527258094,
4686,2019,11,1,,,,36.3169897515675,137.301550805918,通行者が目撃
4687,2019,10,19,,,,36.1300906544559,137.201396271543,中型
4688,2019,11,6,,,,36.3224402687204,137.28444592161,道路を横断
4689,2019,11,6,,,,36.3121900868164,137.303856086044,高校生が目撃
4690,2019,11,7,,,,36.3223333316891,137.28435526869,道路を横断
4691,2019,10,21,,,,36.0741831586907,137.212613190671,小熊
4692,2019,10,21,,,,36.0095322202527,136.941760765253,小型
4693,2019,10,17,,,,36.1847114091619,137.54245261954,親子
4694,2019,10,16,,,,36.0143206359536,136.990341837966,成獣
4695,2019,10,23,,,,35.4726704199915,137.29403803455,
4696,2019,10,23,,,,35.3777337468233,137.432132875905,
4697,2019,10,24,,,,35.3637219725354,137.426620646334,
4698,2019,10,28,,,,35.502328732806,137.30722925421,
4699,2019,10,31,,,,35.3853568689664,137.40938114707,
4700,2019,10,28,,,,35.3003542353477,137.494358959716,
4701,2019,10,31,,,,35.315347753702,137.387873421272,
4702,2019,10,23,,,,36.0198327866867,136.937993205471,成獣
4703,2019,10,24,,,,36.1341782229352,137.286465894077,親子
4704,2019,10,25,,,,36.1657283568762,137.262762995483,成獣
4705,2019,10,26,,,,36.1781908981568,137.05045035877,親子
4706,2019,10,26,,,,36.1580537017908,137.262856477176,
4707,2019,10,27,,,,36.1920278071911,137.553013758114,住居地
4708,2019,10,26,,,,36.0489575582251,136.945146758254,親子
4709,2019,10,30,,,,36.3046095951412,137.382378990607,中型
4710,2019,11,11,,,,35.5864398265908,137.521188175424,
4711,2019,10,20,,,,35.5543762025013,136.725084327249,
4712,2019,10,28,,,,35.5955944536506,136.719870002524,
4713,2019,10,31,,,,35.5957123938438,136.720611235849,
4714,2019,11,2,,,,35.5912048664529,136.738952956657,住宅の窓の手跡
4715,2019,11,2,,,,35.5762959567258,136.777594274406,
4716,2019,11,4,,,,35.5593779872085,136.724560099979,路上を歩いていた
4717,2019,11,5,,,,35.5946710613527,136.740910109488,山に向かって歩いていた
4718,2019,11,6,,,,35.5476771284626,136.700254499728,林道を歩いていた
4719,2019,10,30,,,,36.148403698643,137.22975258961,不明
4720,2019,10,30,,,,36.1877110573521,137.544764960335,成獣
4721,2019,10,31,,,,36.1362537881751,137.164162556329,成獣
4722,2019,10,31,,,,36.0238860883539,136.955624546021,成獣
4723,2019,11,2,,,,36.2393910421,137.527546698451,成獣
4724,2019,11,3,,,,36.2509036307214,137.54367162723,成獣
4725,2019,11,3,,,,36.0102200991276,136.989127235467,成獣
4726,2019,11,3,,,,36.1847553023413,137.549577385236,成獣
4727,2019,11,5,,,,36.1410649240552,137.233714386049,成獣
4728,2019,11,6,,,,36.1374109975957,137.218388036598,１頭
4729,2019,11,5,,,,36.0253130906661,136.96384464425,成獣
4730,2019,11,6,,,,36.0143977598453,136.975961695693,不明
4731,2019,11,7,,,,36.0240337121958,136.964802131557,成獣
4732,2019,11,7,,,,36.1481276690637,137.229762788403,不明
4733,2019,11,7,,,,36.2147583315356,137.360643670655,幼獣
4734,2019,11,7,,,,36.2041863576941,137.32108195542,成獣
4735,2019,11,7,,,,36.0308783678225,136.957096256714,成獣
4736,2019,11,7,,,,36.0438709427595,136.952695325905,成獣
4737,2019,11,8,,,,36.0809937383194,137.263469417417,不明
4738,2019,11,10,,,,36.0158502226211,136.991605944636,成獣
4739,2019,11,11,,,,36.1354582425467,137.261183187251,１頭
4740,2019,11,11,,,,36.16696807926,137.264994553948,小型
4741,2019,11,12,,,,36.2209767795605,137.259809610791,成獣
4742,2019,11,12,,,,35.3566941848937,137.430830289686,
4743,2019,11,12,,,,35.3186059545094,137.478098215411,
4744,2019,10,20,,,,35.8639975786166,137.105706213504,成獣
4745,2019,10,21,,,,35.8439782262783,136.875999766231,
4746,2019,10,19,,,,35.8843545683029,136.852122091103,成獣
4747,2019,10,20,,,,35.8438041599153,136.878574229424,
4748,2019,10,23,,,,35.78753348085,136.906475197398,
4749,2019,10,23,,,,35.9331311868015,136.832381722636,成獣
4750,2019,10,23,,,,35.6795862073911,136.956484743649,成獣
4751,2019,10,21,,,,35.9951763827621,136.929432610991,
4752,2019,10,23,,,,35.944396033736,136.846175659922,成獣
4753,2019,11,6,,,,35.947880550282,136.908208382688,成獣
4754,2019,11,14,,,,35.4032654977768,137.486811988994,
4755,2019,11,8,,,,36.3120810510556,137.303888955753,高校生が下校中目撃
4756,2019,11,9,,,,36.3276600089748,137.310244128022,子熊
4757,2019,11,10,,,,36.3291859126298,137.307935678518,目撃
4758,2019,11,6,,,,36.2119781985283,137.150776665996,クマ
4759,2019,8,10,,,,36.2115050474836,137.150999200872,子グマ
4760,2019,11,8,,,,36.2423513267002,137.19619697302,クマ
4761,2019,11,18,,,,35.4840937116746,137.473409331571,散歩中に畑から森の方へ行くのを見た
4762,2019,11,17,,,,36.3252284740495,137.303334848859,
4763,2019,11,16,,,,36.3319294607353,137.300833997733,道路上で目撃
4764,2019,11,16,,,,35.5325222096801,136.649382601313,河川敷の方に逃げて行った
4765,2019,11,18,,,,35.4002493520866,137.275284743946,出没場所の詳細不明
4766,2019,11,18,,,,36.3059556399926,137.278604799651,18日朝、柿の枝が折られていた
4767,2019,11,19,,,,36.3058565778769,137.278521144559,３晩続けて柿の木に来ている　柿が無くなった
4768,2019,11,13,,,,36.1396740697408,137.35954722751,不明
4769,2019,11,18,,,,35.4849409729592,137.437161070105,畑から山へ行くのを見た
4770,2019,11,14,,,,36.0792426692453,137.266535920697,親子
4771,2019,11,14,,,,36.2229286304148,137.227626928829,成獣
4772,2019,11,15,,,,36.0288665924397,136.960580905712,成獣
4773,2019,11,15,,,,36.1585897648001,137.263118316119,成獣
4774,2019,11,16,,,,36.0290509745363,136.960355728678,成獣
4775,2019,11,18,,,,36.1452427196366,137.222263747085,成獣
4776,2019,11,20,,,,35.5862749493607,136.637814016448,子グマ。川の方へ逃げた
4777,2019,11,14,,,,35.561873783239,136.721662282004,柿畑から山へ歩いていた
4778,2019,11,17,,,,35.5655789985157,136.775294546681,山手側を歩いていた
4779,2019,11,17,,,,35.5833636022872,136.768600082104,車で走行中、並走した
4780,2019,11,18,,,,35.5330922306757,136.77933040288,山沿いを歩いていた
4781,2019,11,18,,,,35.5876910948141,136.743671342018,川の方から山の方へ歩いていた
4782,2019,11,20,,,,36.1839148184901,137.256342274126,成獣
4783,2019,11,20,,,,36.1454262589994,137.235431481394,不明
4784,2019,11,20,,,,36.1459289967085,137.232980208919,２頭
4785,2019,11,20,,,,36.1788110704509,137.282646020705,成獣
4786,2019,11,23,,,,36.0803284250664,137.359753054535,小型
4787,2019,11,23,,,,36.2179813420563,137.232459423119,小型
4788,2019,11,23,,,,36.1422518183223,137.219103054373,小型
4789,2019,11,25,,,,35.3145684508917,137.481245245367,
4790,2019,11,5,,,,35.288924309016,137.267969133294,
4791,2019,11,25,,,,35.3225233569179,137.239809531399,
4792,2019,10,26,,,,35.447091114707,137.377512862603,
4793,2019,11,26,,,,35.4344409785488,137.3775356528,
4794,2019,10,21,,,,36.3053802382271,137.085249969821,成獣で国道360号を横断し山へ逃走した。
4795,2019,10,25,,,,36.3054318909814,137.095549918361,住居前の国道360号を横断し河川へ逃走した。
4796,2019,10,28,,,,36.2952265027792,137.066388970607,防火水槽付近から山へ逃走した。
4797,2019,10,28,,,,36.2952546647871,137.066385455145,子クマが防火水槽付近から山へ逃走した。
4798,2019,10,29,,,,36.2821015250816,137.042343000189,河合牧場付近を通り河川へ逃走した。
4799,2019,11,20,,,,35.4103364615165,137.303330687705,明確な痕跡なし
4800,2019,11,26,,,,35.3959299071641,137.241856552442,猟師がワナ見回り中目撃。痕跡なし。
4801,2019,11,22,,,,35.9976052859267,136.929924456249,成獣
4802,2019,11,26,,,,35.8847487847519,136.865259334863,成獣
4803,2019,11,7,,,,35.8322164541423,136.881023595896,成獣
4804,2019,10,31,,,,35.8194241274023,137.02387331014,不明
4805,2019,10,27,,,,35.8333731745721,137.024401726511,幼獣
4806,2019,10,25,,,,35.7252475877629,136.951017597178,幼獣
4807,2019,11,19,,,,35.7493787472001,136.949487428521,成獣
4808,2019,12,4,,,,35.3447553357506,137.413022988757,
4809,2019,11,30,,,,36.1213034205429,137.269154424687,無
4810,2019,12,4,,,,36.1442306409948,137.233917085128,不明
4811,2019,12,5,,,,36.1214499540305,137.266409970712,小型
4812,2019,12,5,,,,36.0800323107932,137.374455806942,成獣
4813,2019,12,9,,,,35.3186149472528,137.478543675308,
4814,2019,11,25,,,,35.5451442684313,136.717640192501,車で走行中にクマが歩いていた。
4815,2019,11,12,,,,36.006378349571,136.901292273796,不明
4816,2019,12,4,,,,35.8667550968854,136.900748665577,成獣
4817,2019,10,29,,,,36.2816823750763,137.042290790924,川を渡り対岸へ逃走
4818,2019,10,30,,,,36.2635810254673,137.024903786248,川岸から山へ向かって逃走した。
4819,2019,10,31,,,,36.3069637217816,137.091332396213,河川から山へ向かって逃走した。
4820,2019,12,5,,,,36.1217117677756,137.265888170625,小型
4821,2019,12,6,,,,36.1215663981644,137.265928953469,小型
4822,2019,12,7,,,,36.1214434895929,137.266055859875,小型
4823,2019,12,12,,,,36.2937047278411,137.062743322444,国道360号から河川に向かって逃走した。
4824,2019,12,10,,,,36.1387040883697,137.261153728181,小型
4825,2019,12,5,,,,36.281852280832,137.043172714554,敷地内に迷い込んでいたので、重機で河川側へ追い払う。
4826,2019,11,6,,,,36.3029544932107,137.105680657798,山に向かって逃走していった。
4827,2019,12,10,,,,36.1357765237843,137.271300244691,成獣
4828,2019,12,11,,,,36.2503694548434,137.496851813077,小型
4829,2019,12,12,,,,36.3347444143259,137.299170699442,高原川河川を下流へ移動
4830,2019,12,12,,,,36.1359521542208,137.263436562259,小型
4831,2019,12,15,,,,36.0970239878121,137.302386579448,小型
4832,2019,11,28,,,,35.3922211108873,137.282598562983,痕跡なし
4833,2019,12,17,,,,35.3116584026622,137.404057501248,
4834,2019,12,17,,,,36.1808122849766,137.51095575591,成獣
4835,2019,12,18,,,,35.4306706094875,137.210349771439,痕跡等なし
4836,2019,12,23,,,,35.8642741937986,137.119561224352,
4837,2019,12,29,,,,36.1583089542958,137.235956697405,不明
4838,2020,1,1,,,,36.1364747848772,137.194673286421,小型
4839,2020,1,4,,,,36.1329158301005,137.270212473362,1頭
4840,2019,12,28,,,,35.3972707928815,137.251206399832,痕跡なし。
4841,2020,1,6,,,,35.2637320349087,137.405034642145,
4842,2020,1,9,,,,36.1363734371385,137.194461443359,小型
4843,2020,1,8,,,,35.3504501177684,137.263804355202,足跡確認。クマと断定できない。
4844,2020,2,11,,,,36.1362354416405,137.194388478176,小型
4845,2020,1,16,,,,36.0688454765299,136.952212648662,成獣
4846,2020,1,26,,,,35.3674930205564,137.318297285568,登山道脇に出没
4847,2020,1,28,,,,36.0767271418154,137.296208502743,小型
4848,2020,1,29,,,,35.6038057681294,137.225405541987,
4849,2020,1,30,,,,36.1837984721695,137.278081807229,成獣
4850,2020,2,4,,,,36.1383425879188,137.285563141418,成獣
4851,2020,1,28,,,,35.8445577143676,136.882750550862,成獣１頭
4852,2020,2,10,,,,35.297208575434,137.468447119379,
4853,2020,2,11,,,,36.0752724501332,137.297427413058,小型
4854,2020,2,12,,,,36.0737474264701,137.298559424343,小型
4855,2020,2,11,,,,35.87784143933,136.878700077981,成獣１頭
4856,2020,2,14,,,,36.145771993629,137.241290172416,小型
4857,2020,2,22,,,,36.2552665441175,137.475654885592,小型
4858,2020,2,25,,,,36.1455794700172,137.242866578456,成獣
4859,2020,2,26,,,,36.2392392552587,137.526135820267,中型
4860,2020,2,26,,,,36.2376566510851,137.52641923549,小型
4861,2020,3,17,,,,35.3374248836656,137.368865574598,
4862,2020,3,17,,,,35.4184206798844,137.440925552494,道路を横断
4863,2020,3,25,,,,35.4846517320335,137.194275147926,
4864,2019,1,16,,,,35.6550378611111,137.433268027778,成獣　行方不明者捜索中に消防団員が目撃
4865,2019,1,23,,,,35.4894052222222,137.331640361111,成獣
4866,2019,2,14,,,,35.3228168611111,137.445667055556,成獣
4867,2019,3,15,,,,36.1686351944444,137.3148105,カモシカとの誤認の可能性大
4868,2019,3,26,,,,36.0374480833333,137.498277611111,成獣、カモシカとの誤認の可能性あり
4869,2018,4,2,,,,35.6081343611111,136.943484805556,道の駅付近の河川敷でクマを目撃したと通報があった。
4870,2018,4,6,,,,36.1857171388889,137.33342675,小型
4871,2018,4,8,,,,36.2030049166667,137.247752972222,大きさ不明、カモシカとの誤認の可能性あり
4872,2018,4,17,,,,35.4550999166667,137.513620444444,
4873,2018,4,18,,,,36.0157437777778,136.980069444444,大きさ不明、カモシカとの誤認の可能性あり
4874,2018,4,19,,,,35.2627701666667,137.389462583333,成獣
4875,2018,4,20,,,,36.2501708055556,137.243029416667,成獣
4876,2018,4,21,,,,35.676387,137.410486805556,墓地付近で山菜とりにきていたところ小熊がこちらを見ていた
4877,2018,4,21,,,,35.7087517222222,137.210614027778,
4878,2018,4,22,,,,36.0700513611111,137.384205416667,親子3頭
4879,2018,4,28,,,,36.0347503333333,136.951510138889,成獣
4880,2018,4,30,,,,36.1565901666667,137.262292472222,小型、カモシカとの誤認の可能性あり
4881,2018,5,1,,,,36.2718695833333,137.24572775,車で走行中目撃
4882,2018,5,1,,,,36.2460293055556,137.130798777778,
4883,2018,5,2,,,,35.4689908333333,137.494448166667,
4884,2018,5,3,,,,36.2909787222222,137.174457611111,幼獣
4885,2018,5,3,,,,36.2063716388889,137.146896555556,幼獣
4886,2018,5,6,,,,36.3267457777778,137.300416138889,
4887,2018,5,6,,,,36.0301885555556,137.461415722222,成獣
4888,2018,5,7,,,,36.2744265555556,137.394501722222,不明
4889,2018,5,8,,,,35.8791476666667,136.867199361111,付近の学校から目撃連絡
4890,2018,5,8,,,,36.2484115555556,137.15235175,成獣
4891,2018,5,8,,,,36.07298125,137.381996305556,
4892,2018,5,9,,,,35.8786005833333,136.866819722222,近の学校から目撃連絡
4893,2018,5,10,,,,35.6092595555556,137.491541666667,子熊が県道を横断
4894,2018,5,10,,,,35.7222241666667,137.051359777778,道路上で小熊を目撃、その後川へ下っていった
4895,2018,5,11,,,,35.548712,136.669291666667,河川にいるところを目撃
4896,2018,5,11,,,,36.2031984444444,137.321650277778,成獣
4897,2018,5,13,,,,36.2623260833333,137.14211575,成獣
4898,2018,5,14,,,,36.1761142222222,137.362638833333,幼獣
4899,2018,5,15,,,,36.1722940555556,137.353445277778,幼獣
4900,2018,5,15,,,,36.3607118611111,137.288636333333,車で通行中目撃
4901,2018,5,16,,,,35.2588635833333,137.45415725,成獣
4902,2018,5,16,,,,36.1743708611111,137.356080194444,幼獣
4903,2018,5,16,,,,36.2789873333333,137.248398111111,小熊を目撃
4904,2018,5,16,,,,36.2801679722222,137.360256111111,成獣
4905,2018,5,17,,,,35.8003830833333,137.294076,山側から川へ向かって道路を横断
4906,2018,5,17,,,,36.1621538611111,137.271189666667,小型
4907,2018,5,18,,,,36.2777310277778,137.380671527778,成獣
4908,2018,5,20,,,,36.1773916111111,137.455946027778,成獣・幼獣
4909,2018,5,20,,,,36.0861567222222,137.30394825,成獣
4910,2018,5,20,,,,36.2910909444444,137.368976777778,幼獣
4911,2018,5,21,,,,36.2721975,137.245880638889,河川付近で目撃
4912,2018,5,22,,,,36.2100188611111,137.218927333333,成獣・幼獣
4913,2018,5,23,,,,36.0899959722222,137.296995333333,小型
4914,2018,5,23,,,,36.2091078888889,137.220090194444,成獣
4915,2018,5,24,,,,35.2963675833333,137.421399388889,子ども
4916,2018,5,24,,,,36.0964191388889,137.258490694444,成獣
4917,2018,5,24,,,,35.7529132777778,137.042775805556,幼獣
4918,2018,5,25,,,,36.0947776388889,137.257752027778,小型
4919,2018,5,25,,,,36.1010006111111,137.183278527778,幼獣
4920,2018,5,25,,,,36.0925515555556,137.190674666667,小型
4921,2018,5,27,,,,36.2522639722222,137.243508277778,成獣
4922,2018,5,28,,,,36.0488728611111,137.281365777778,成獣
4923,2018,5,29,,,,36.0693714166667,137.387792194444,成獣１幼獣２
4924,2018,5,30,,,,36.1853772222222,137.333527305556,成獣
4925,2018,5,30,,,,35.7396267777778,137.25618375,小熊１頭の目撃
4926,2018,5,30,,,,36.081318,137.362166055556,F15
4927,2018,6,1,,,,35.2879756388889,137.375952638889,子ども
4928,2018,6,1,,,,36.1909241944444,137.289645861111,成獣
4929,2018,6,1,,,,36.2623431666667,137.1418195,
4930,2018,6,1,,,,36.31361375,137.258184111111,通行者の目撃
4931,2018,6,2,,,,35.8040355555556,137.263171277778,
4932,2018,6,3,,,,36.0812768611111,137.36147725,幼獣
4933,2018,6,3,,,,36.0882523888889,137.345230972222,幼獣
4934,2018,6,4,,,,36.2316782222222,137.173401833333,道沿いの林で目撃
4935,2018,6,4,,,,36.0830111666667,137.291600222222,成獣
4936,2018,6,4,,,,36.18937075,137.289857944444,成獣
4937,2018,6,5,,,,36.2188865277778,137.316198777778,成獣
4938,2018,6,5,,,,36.1791240555556,137.410313027778,成獣
4939,2018,6,6,,,,35.9675646388889,136.791992694444,道路を横断している所を目撃
4940,2018,6,6,,,,35.6363866111111,136.4848285,
4941,2018,6,6,,,,36.2623886388889,137.138420777778,幼獣
4942,2018,6,6,,,,36.2571912222222,137.138614805556,成獣
4943,2018,6,6,,,,35.8047701666667,136.880960944444,谷間に自生する柿の木の付近で目撃
4944,2018,6,6,,,,36.3036925,137.224197416667,成獣
4945,2018,6,6,,,,36.1789921111111,137.396093722222,小型
4946,2018,6,7,,,,36.0644906388889,137.223975416667,成獣
4947,2018,6,7,,,,36.0699832777778,137.387593805556,小型
4948,2018,6,8,,,,35.5680505555556,136.636364944444,線路上から、根尾川へ降りていった。
4949,2018,6,8,,,,35.9959018055556,137.529936805556,成獣
4950,2018,6,8,,,,36.1323270555556,137.307373416667,成獣
4951,2018,6,9,,,,36.3063269444444,137.251956694444,成獣
4952,2018,6,9,,,,36.2042986111111,137.312005444444,成獣
4953,2018,6,9,,,,36.1552115277778,137.33145975,成獣・幼獣
4954,2018,6,9,,,,36.2784549722222,137.248874777778,成獣
4955,2018,6,9,,,,36.2006868333333,137.229822888889,幼獣
4956,2018,6,9,,,,36.2039135277778,137.229194027778,幼獣
4957,2018,6,10,,,,35.6391498888889,136.486866916667,
4958,2018,6,10,,,,36.2999758888889,137.2553275,成獣
4959,2018,6,10,,,,36.2793385,137.248225083333,成獣
4960,2018,6,10,,,,36.1540306944444,136.908161944444,通報者が目撃
4961,2018,6,10,,,,36.2814599444444,137.250518055556,成獣
4962,2018,6,10,,,,36.2507891111111,137.114795527778,成獣
4963,2018,6,11,,,,36.1555997777778,136.910511527778,小型
4964,2018,6,11,,,,36.04656575,137.4414975,成獣
4965,2018,6,11,,,,36.0606699722222,137.594704833333,成獣
4966,2018,6,12,,,,36.1715417777778,136.907901277778,目撃者が通報
4967,2018,6,12,,,,35.8562755555556,137.065756916667,車で通行中、道路を横切る熊を目撃（成獣）
4968,2018,6,12,,,,36.0508038888889,137.568084138889,成獣
4969,2018,6,12,,,,36.28091175,137.250563833333,成獣
4970,2018,6,13,,,,35.6312065,136.617445777778,道路上から、山へ逃げていった。
4971,2018,6,13,,,,35.3708915,136.465771194444,
4972,2018,6,13,,,,36.0524508333333,137.259223694444,小型
4973,2018,6,13,,,,36.1325408888889,137.308135055556,小型
4974,2018,6,13,,,,36.3068461388889,137.332979916667,成獣
4975,2018,6,14,,,,35.6362866388889,136.48866075,
4976,2018,6,14,,,,36.0464711944444,137.441749027778,成獣
4977,2018,6,14,,,,36.1801456666667,137.3222365,成獣
4978,2018,6,14,,,,36.1796687222222,137.323463638889,成獣
4979,2018,6,14,,,,36.0716162222222,137.225831916667,成獣
4980,2018,6,14,,,,36.3322238611111,137.305737305556,成獣
4981,2018,6,14,,,,35.6463370555556,137.446805305556,付知郵便局配達員が配達時に熊らしきものを見かけた
4982,2018,6,14,,,,36.0551225555556,137.287197694444,幼獣
4983,2018,6,14,,,,36.0251391111111,137.214720305556,成獣
4984,2018,6,15,,,,36.2850698611111,137.251890972222,成獣
4985,2018,6,15,,,,36.3539305,137.390471138889,成獣
4986,2018,6,15,,,,36.0677116944444,137.393310916667,小型
4987,2018,6,15,,,,36.2778833888889,137.155839944444,
4988,2018,6,15,,,,36.2099288611111,137.350923888889,幼獣
4989,2018,6,15,,,,35.9611634444444,137.085656583333,小型
4990,2018,6,16,,,,35.85633775,137.065507333333,車で通行中、道路を横断する熊を目撃
4991,2018,6,16,,,,36.0471746388889,137.261006166667,成獣
4992,2018,6,16,,,,36.1831655,137.291676972222,無
4993,2018,6,17,,,,36.0791804166667,137.266030305556,成獣
4994,2018,6,18,,,,36.1357023888889,137.346180916667,成獣
4995,2018,6,18,,,,35.9350915277778,136.832534055556,道路上で目撃後、クマは山へ移動
4996,2018,6,18,,,,36.0794886111111,137.368733888889,小型
4997,2018,6,18,,,,35.9629785555556,136.824069555556,道路上で目撃後、クマは川へ移動
4998,2018,6,18,,,,36.4612741111111,137.247368527778,成獣
4999,2018,6,18,,,,36.3095223333333,137.251456666667,小型
5000,2018,6,19,,,,36.0404734166667,137.279284166667,小型
5001,2018,6,19,,,,35.7281611388889,136.950874916667,道路上で目撃後、近くの河川を渡り対岸の茂みに隠れた
5002,2018,6,19,,,,36.39943325,137.395845777778,家から出たら熊がいた
5003,2018,6,19,,,,35.6322331944444,136.616680666667,早朝に川の方へ降りていく熊を目撃
5004,2018,6,19,,,,35.3102879166667,137.505333305556,子ども
5005,2018,6,20,,,,36.2335486944444,137.531551722222,不明
5006,2018,6,20,,,,36.2230160833333,137.247866305556,不明
5007,2018,6,20,,,,36.2557739722222,136.897544638889,サイクリング中目撃
5008,2018,6,21,,,,36.0679375,137.394031527778,小型
5009,2018,6,21,,,,35.7540311666667,137.048840611111,バスが通りかかったところクマを目撃
5010,2018,6,21,,,,36.2667645277778,136.900092111111,小型
5011,2018,6,21,,,,36.2645574166667,137.562215611111,成獣
5012,2018,6,21,,,,36.2588841388889,136.918441472222,成獣
5013,2018,6,22,,,,35.9903683333333,137.396182472222,親子
5014,2018,6,22,,,,36.2342985,137.24095825,不明
5015,2018,6,22,,,,36.0689011111111,137.387883472222,幼獣
5016,2018,6,23,,,,36.3348985833333,137.302681027778,
5017,2018,6,25,,,,35.5090858333333,137.536333027778,川から山へ県道を横断
5018,2018,6,25,,,,35.5133088333333,137.530497611111,落合事務所裏でクマらし獣を目撃
5019,2018,6,25,,,,36.3042145277778,137.248196861111,小型
5020,2018,6,25,,,,36.0416666111111,137.399999916667,檻の餌を食べていた
5021,2018,6,25,,,,35.8555133611111,137.066755361111,付近を通行したトラックから目撃連絡あり。
5022,2018,6,25,,,,36.1797788611111,137.4018035,小型
5023,2018,6,25,,,,35.9992843611111,136.896350166667,直接の目撃はなし。破損したミツバチの巣箱と足跡を確認
5024,2018,6,25,,,,36.2333034722222,137.531429416667,成獣
5025,2018,6,25,,,,36.09153575,137.342934638889,小型
5026,2018,6,26,,,,36.1365748611111,137.332335555556,親子
5027,2018,6,26,,,,36.1264751666667,137.294121388889,小型
5028,2018,6,26,,,,35.9463195277778,137.485210555556,小型
5029,2018,6,26,,,,35.7325710555556,137.052512222222,小熊を目撃したと連絡あり。
5030,2018,6,26,,,,36.1770630277778,137.40792875,成獣
5031,2018,6,27,,,,35.5222491111111,137.502682666667,親子で山へ入っていった
5032,2018,6,27,,,,36.0794027222222,137.162244555556,小型
5033,2018,6,28,,,,36.0075147777778,137.393264361111,幼獣
5034,2018,6,28,,,,35.7514962777778,137.211678861111,国道を横断し、川へ向かった。
5035,2018,6,29,,,,36.1796745277778,137.558007083333,小型
5036,2018,6,29,,,,36.1824955,137.545646611111,小型
5037,2018,6,29,,,,36.2605198611111,137.1396705,目撃
5038,2018,6,29,,,,36.1750626388889,137.373036305556,成獣
5039,2018,6,29,,,,36.1750023333333,137.366239638889,成獣
5040,2018,7,2,,,,35.6595046944444,136.952590444444,御堂の裏山で目撃の連絡あり。
5041,2018,7,2,,,,36.2268607222222,137.240050722222,小型
5042,2018,7,2,,,,36.2526171388889,137.112615361111,成獣
5043,2018,7,4,,,,36.1749605555556,137.374386138889,成獣
5044,2018,7,4,,,,36.1729903333333,137.360031833333,成獣
5045,2018,7,6,,,,36.1410034166667,137.081343944444,小型
5046,2018,7,6,,,,36.0894073888889,137.341123222222,成獣
5047,2018,7,9,,,,36.2945291944444,137.181072361111,成獣
5048,2018,7,9,,,,36.176679,137.387739277778,親子
5049,2018,7,9,,,,36.1801328055556,137.397586277778,小型
5050,2018,7,9,,,,36.2482671944444,137.508849,小型
5051,2018,7,10,,,,36.2366281666667,137.528769055556,小型
5052,2018,7,10,,,,36.0727899166667,137.476373694444,小型
5053,2018,7,10,,,,36.17620325,137.361736666667,不明
5054,2018,7,10,,,,35.46692275,137.487377166667,子クマが道路上に座っていた
5055,2018,7,10,,,,36.1766529166667,137.387968277778,親子
5056,2018,7,11,,,,35.4334995277778,137.338419805556,成獣
5057,2018,7,11,,,,36.0681349444444,137.476890666667,小型
5058,2018,7,11,,,,36.1705164166667,137.346151972222,不明
5059,2018,7,11,,,,36.1762680833333,137.3880885,不明
5060,2018,7,12,,,,35.4239866111111,137.463261416667,道路の横断
5061,2018,7,12,,,,36.2630888888889,137.138660972222,成獣
5062,2018,7,12,,,,36.1769721111111,137.376052138889,親子
5063,2018,7,12,,,,35.470498,137.481188138889,三菱電機(株)グランドから山中へ逃走
5064,2018,7,12,,,,35.7641658333333,137.321893916667,国道257号線を横断
5065,2018,7,13,,,,35.7665944166667,136.983813888889,パチンコ屋跡地の駐車場にいるところを目撃したとのこと
5066,2018,7,13,,,,36.1363376111111,137.347296638889,小型
5067,2018,7,13,,,,36.2503715833333,137.115081583333,成獣
5068,2018,7,14,,,,36.3074069444444,137.384657305556,成獣
5069,2018,7,14,,,,36.2233185277778,137.185990166667,成獣
5070,2018,7,14,,,,36.2765377777778,137.1533005,成獣
5071,2018,7,15,,,,35.7702003055556,137.278280194444,国道２５７号線を山側へ横断
5072,2018,7,15,,,,36.3027380277778,137.33798225,親子を目撃
5073,2018,7,17,,,,35.3619898055556,137.441796138889,イノシシの捕獲檻付近でクマと思われる足跡、体毛、採食痕を確認
5074,2018,7,17,,,,35.7882966111111,137.117029694444,小熊1頭を目撃したと連絡あり
5075,2018,7,17,,,,36.1188008888889,137.289891527778,小型
5076,2018,7,17,,,,36.0603091111111,137.101015166667,小型
5077,2018,7,17,,,,35.2578891944444,137.446835361111,子ども
5078,2018,7,17,,,,35.9854401666667,137.529860027778,小型
5079,2018,7,17,,,,36.18332425,137.546931472222,小型
5080,2018,7,19,,,,35.857973,137.061572277778,熊が道路上にいるところを目撃したとのこと
5081,2018,7,20,,,,36.0486245,137.437372611111,小型
5082,2018,7,20,,,,36.0491920555556,137.436032388889,小型
5083,2018,7,23,,,,36.2624679166667,137.141546972222,樹上で食事
5084,2018,7,23,,,,36.1748671388889,137.395765944444,小型
5085,2018,7,24,,,,35.9391841111111,136.90060675,車で走行中、市道を横切る熊を目撃
5086,2018,7,24,,,,36.1541700277778,137.284656805556,成獣
5087,2018,7,24,,,,35.9728285833333,136.881273888889,国道156号を横切る熊を目撃
5088,2018,7,24,,,,35.9284640833333,136.904950361111,別荘地内で道路わきに要る熊を目撃
5089,2018,7,26,,,,35.67288225,137.421051861111,成獣・幼獣（市内の釣客が目撃）
5090,2018,7,26,,,,36.2888621666667,137.573239777778,小型
5091,2018,7,26,,,,35.9850373333333,137.290084194444,成獣
5092,2018,7,26,,,,36.1751987222222,137.384814055556,成獣
5093,2018,7,26,,,,36.1746304166667,137.384558805556,成獣
5094,2018,7,27,,,,36.1808714444444,137.463708472222,成獣
5095,2018,7,30,,,,35.6459268611111,137.447140166667,成獣・幼獣（近くに住む子供が目撃）
5096,2018,7,31,,,,36.17898475,137.557534305556,小型
5097,2018,7,31,,,,36.3219348055556,137.307411527778,樹上で餌（木の実）
5098,2018,8,1,,,,35.4864759166667,137.443200861111,
5099,2018,8,1,,,,35.8740509722222,136.854599666667,トンネル上部にいたところを目撃
5100,2018,8,2,,,,35.7597299166667,137.104137555556,目撃後、クマは川沿いに下って行ったとのこと
5101,2018,8,3,,,,36.2592753611111,137.458905972222,小型
5102,2018,8,4,,,,35.9884436944444,137.281018583333,幼獣
5103,2018,8,5,,,,36.31530225,137.304092055556,道路
5104,2018,8,5,,,,36.2017876111111,137.23975175,小型
5105,2018,8,5,,,,36.0250185,136.758742916667,目撃後、熊は対岸へ逃げて行ったとのこと
5106,2018,8,6,,,,35.5222002222222,137.512912388889,道路の横断
5107,2018,8,7,,,,36.1877794444444,137.549878083333,小型
5108,2018,8,8,,,,36.1754889722222,137.390770305556,無
5109,2018,8,9,,,,36.0751273888889,137.381650944444,幼獣
5110,2018,8,9,,,,36.0518465277778,137.241451638889,成獣
5111,2018,8,10,,,,36.0808783888889,137.366173111111,小型
5112,2018,8,11,,,,36.0392308888889,136.951506194444,成獣
5113,2018,8,12,,,,36.0782379722222,137.383302111111,成獣
5114,2018,8,13,,,,36.2793095833333,137.361012305556,小型
5115,2018,8,14,,,,36.0811470555556,137.361297333333,成獣
5116,2018,8,15,,,,36.0791195555556,137.295865916667,幼獣
5117,2018,8,15,,,,36.1387837777778,137.355757805556,成獣
5118,2018,8,15,,,,36.0626630833333,137.034480027778,成獣
5119,2018,8,17,,,,35.5025178611111,136.629780083333,山林に出没し、行方不明
5120,2018,8,18,,,,36.1939636111111,137.553909861111,小型
5121,2018,8,19,,,,35.4509030833333,137.510773333333,山林内の道路を横断
5122,2018,8,19,,,,36.1881214722222,137.553310166667,小型
5123,2018,8,20,,,,35.3186851111111,137.478197638889,成獣
5124,2018,8,29,,,,36.0474088055556,136.944293972222,走行中の車に接触
5125,2018,9,1,,,,35.7188950555556,136.920020388889,国道を横切る熊を目撃したと通報あり
5126,2018,9,3,,,,35.7440504166667,137.024452083333,目撃後、道路を横切り山へ向かったとのこと
5127,2018,9,7,,,,35.2767013055556,137.473593027778,成獣
5128,2018,9,7,,,,36.1676636944444,137.063602388889,成獣
5129,2018,9,12,,,,35.7457948888889,137.026576833333,目撃後、熊は山へ向かったとのこと
5130,2018,9,14,,,,35.2917011388889,137.446655055556,成獣
5131,2018,9,17,,,,36.1791505277778,137.270887916667,成獣
5132,2018,9,18,,,,35.3111408888889,137.559030944444,幼獣
5133,2018,9,19,,,,36.0790514166667,137.378585222222,親子
5134,2018,9,20,,,,36.0521153333333,137.603876333333,成獣
5135,2018,9,21,,,,36.1500723333333,137.23967425,不明
5136,2018,9,26,,,,35.45103525,137.516427972222,
5137,2018,9,28,,,,36.2477609722222,137.152685611111,成獣
5138,2018,10,5,,,,35.5506511111111,137.244913777778,登校中に目撃
5139,2018,10,5,,,,36.0880404444444,137.345227916667,成獣
5140,2018,10,9,,,,36.2447598055556,137.19601375,親子
5141,2018,10,16,,,,36.2874296944444,137.169349916667,幼獣
5142,2018,10,18,,,,36.0702309722222,137.293036777778,小型
5143,2018,10,18,,,,35.4612024166667,137.398143611111,子ども
5144,2018,11,2,,,,36.2827382777778,137.304102861111,親子
5145,2018,11,9,,,,36.1556146666667,137.267210944444,親子
5146,2018,11,15,,,,35.4868373888889,137.346630666667,不明
5147,2018,11,17,,,,36.1978785555556,137.245205083333,成獣
5148,2018,11,21,,,,35.91076075,136.842641694444,目撃後、熊は山へ登って行ったとのこと
5149,2018,12,15,,,,36.0444163611111,137.399217305556,成獣
5150,2018,12,17,,,,35.3274918888889,137.468304,幼獣
5151,2018,2,2,,,,35.6353968333333,137.427548777778,
5152,2018,2,14,,,,35.6644371666667,137.426145777778,
5153,2018,2,22,,,,35.469358,137.376626722222,
5154,2017,4,12,,,,36.2938883611111,137.131681944444,
5155,2017,4,13,,,,36.3774643888889,137.188302833333,
5156,2017,4,16,,,,36.299388,137.248055944444,
5157,2017,4,16,,,,36.0291709444444,136.959708194444,
5158,2017,4,18,,,,36.3729667777778,137.192628583333,
5159,2017,4,19,,,,36.1679291388889,137.443449583333,
5160,2017,4,21,,,,35.6204641944444,137.514080388889,
5161,2017,4,22,,,,35.618649,137.5105875,
5162,2017,4,25,,,,36.1178297777778,137.261936416667,
5163,2017,4,26,,,,36.0916588055556,137.38191075,
5164,2017,4,27,,,,35.3308414444444,136.416339055556,
5165,2017,4,27,,,,36.0443280277778,137.399130027778,
5166,2017,4,28,,,,36.0210965555556,137.389607833333,
5167,2017,4,28,,,,36.2511466388889,137.14793025,
5168,2017,4,28,,,,36.3275631944444,137.143960555556,
5169,2017,4,28,,,,36.1976612777778,137.247326916667,
5170,2017,4,28,,,,36.1216204444444,137.264108805556,
5171,2017,4,29,,,,36.2994024444444,137.247924583333,
5172,2017,4,29,,,,36.4070898611111,137.184172833333,
5173,2017,5,1,,,,36.3986781111111,137.387670388889,
5174,2017,5,2,,,,36.2651658888889,137.568993805556,
5175,2017,5,2,,,,36.1877953611111,137.544989222222,
5176,2017,5,2,,,,36.1712314166667,137.446946055556,
5177,2017,5,5,,,,36.2548505833333,137.552778361111,
5178,2017,5,8,,,,35.5323006388889,137.315916805556,
5179,2017,5,9,,,,35.4293110555556,137.431178777778,
5180,2017,5,9,,,,35.54046475,137.317386555556,
5181,2017,5,12,,,,36.1212988055556,137.271726583333,
5182,2017,5,14,,,,36.0359573055556,137.493061611111,
5183,2017,5,15,,,,35.3776557777778,137.444888361111,
5184,2017,5,15,,,,35.358498,137.454498777778,
5185,2017,5,15,,,,35.5448061388889,137.546197027778,
5186,2017,5,15,,,,35.3588255277778,137.432512361111,
5187,2017,5,15,,,,35.3709761111111,137.454049472222,
5188,2017,5,15,,,,36.2733810833333,137.245944305556,
5189,2017,5,15,,,,36.0537928055556,137.3989265,
5190,2017,5,16,,,,35.5247575,136.645225138889,
5191,2017,5,16,,,,36.0877780555556,137.347388277778,
5192,2017,5,16,,,,35.6192655833333,137.510271527778,
5193,2017,5,16,,,,35.5509950833333,136.674313861111,
5194,2017,5,18,,,,36.1063159444444,137.18263575,
5195,2017,5,18,,,,35.4294683888889,137.430804777778,
5196,2017,5,18,,,,35.4308732777778,137.428792638889,
5197,2017,5,18,,,,35.5454547222222,137.54731075,
5198,2017,5,18,,,,35.4734233888889,137.530865111111,
5199,2017,5,19,,,,35.2906805555556,136.442194055556,
5200,2017,5,19,,,,35.3665659166667,137.445347111111,
5201,2017,5,20,,,,36.0376654166667,137.497797972222,
5202,2017,5,20,,,,35.6397123055556,136.605121027778,
5203,2017,5,20,,,,35.6041281111111,137.504190027778,
5204,2017,5,21,,,,36.1334728611111,137.219183666667,
5205,2017,5,21,,,,36.1337928333333,137.219264944444,
5206,2017,5,22,,,,36.0208911944444,137.38544875,
5207,2017,5,22,,,,35.8895871111111,137.165647972222,
5208,2017,5,23,,,,36.2765264166667,137.357030027778,
5209,2017,5,23,,,,36.0444146944444,136.982787027778,
5210,2017,5,23,,,,36.26285025,136.907586527778,
5211,2017,5,24,,,,35.4724346666667,137.531189638889,
5212,2017,5,25,,,,35.9469190555556,137.133830694444,
5213,2017,5,26,,,,36.0269966666667,137.216273083333,
5214,2017,5,26,,,,36.2765565833333,137.358050638889,
5215,2017,5,29,,,,36.1759896388889,137.372094111111,
5216,2017,5,29,,,,36.0457407777778,137.441644833333,
5217,2017,5,30,,,,36.1455680277778,137.390176277778,
5218,2017,5,30,,,,35.6181655555556,136.941678138889,
5219,2017,5,31,,,,35.96619525,137.528283666667,
5220,2017,5,31,,,,35.3321711666667,137.36492325,
5221,2017,5,31,,,,36.0919580555556,137.344743583333,
5222,2017,5,31,,,,36.2958140277778,137.129387027778,
5223,2017,5,31,,,,36.14542925,137.223306472222,
5224,2017,5,31,,,,36.06622,137.399633527778,
5225,2017,6,1,,,,36.3834051944444,137.35688775,
5226,2017,6,1,,,,36.3660670833333,137.338437361111,
5227,2017,6,1,,,,36.3266858611111,137.139521666667,
5228,2017,6,1,,,,36.2737381111111,137.245320277778,
5229,2017,6,2,,,,36.0192454722222,136.988221194444,
5230,2017,6,2,,,,35.7577087777778,137.341833555556,
5231,2017,6,3,,,,36.2739780833333,137.356469083333,
5232,2017,6,3,,,,36.031828,136.947767972222,
5233,2017,6,4,,,,36.2708289722222,137.349931694444,
5234,2017,6,4,,,,36.2576144722222,137.438588083333,
5235,2017,6,5,,,,35.5692532222222,137.539232694444,
5236,2017,6,5,,,,35.5839244444444,137.539870055556,
5237,2017,6,5,,,,35.5834497222222,137.535955222222,
5238,2017,6,5,,,,35.5452441666667,137.541425972222,
5239,2017,6,5,,,,36.0199946388889,137.389719361111,
5240,2017,6,6,,,,36.0918137777778,137.320488972222,
5241,2017,6,6,,,,36.3929418055556,137.180487472222,
5242,2017,6,6,,,,35.3691843888889,137.407290027778,
5243,2017,6,7,,,,36.1985315833333,137.221555916667,
5244,2017,6,7,,,,36.2743709166667,137.026091833333,
5245,2017,6,8,,,,36.2725908888889,137.355430305556,
5246,2017,6,8,,,,36.0915044166667,137.327310833333,
5247,2017,6,8,,,,36.1770795555556,137.447401888889,
5248,2017,6,8,,,,36.0782960277778,137.370906805556,
5249,2017,6,8,,,,36.0877357222222,137.305730972222,
5250,2017,6,9,,,,36.0913355,137.345338388889,
5251,2017,6,9,,,,36.1091209444444,137.413305333333,
5252,2017,6,9,,,,35.3667784166667,137.445200916667,
5253,2017,6,9,,,,36.0591855,137.404865083333,
5254,2017,6,9,,,,36.04454775,137.526714888889,
5255,2017,6,10,,,,35.5956020277778,137.461237888889,
5256,2017,6,11,,,,35.7273377222222,137.136903416667,
5257,2017,6,11,,,,35.5912915,137.456673527778,
5258,2017,6,12,,,,36.2832358333333,137.580228638889,
5259,2017,6,12,,,,36.2608894444444,137.448160777778,
5260,2017,6,12,,,,36.1696988888889,137.450543694444,
5261,2017,6,12,,,,36.2888993333333,137.368685333333,
5262,2017,6,12,,,,36.1311260833333,137.076421888889,
5263,2017,6,12,,,,36.1253281944444,137.077010694444,
5264,2017,6,12,,,,36.1253281944444,137.077010694444,
5265,2017,6,12,,,,36.087496,137.307813888889,
5266,2017,6,12,,,,35.3488426944444,137.391359888889,
5267,2017,6,12,,,,35.6625780555556,136.575068027778,
5268,2017,6,12,,,,36.3485975555556,137.185259055556,
5269,2017,6,13,,,,36.4551446388889,137.250700555556,
5270,2017,6,13,,,,36.0901131666667,137.314730333333,
5271,2017,6,13,,,,36.0201591944444,137.298734305556,
5272,2017,6,13,,,,36.0875918333333,137.306655777778,
5273,2017,6,13,,,,36.3869836388889,137.180453666667,
5274,2017,6,14,,,,35.9725749166667,137.53263525,
5275,2017,6,14,,,,36.0877398055556,137.300000083333,
5276,2017,6,14,,,,35.9380961944444,136.824649111111,
5277,2017,6,14,,,,36.0828034166667,137.293531944444,
5278,2017,6,14,,,,36.1715846944444,137.454786805556,
5279,2017,6,14,,,,36.1058444444444,137.411506638889,
5280,2017,6,15,,,,36.3073096944444,137.384329972222,
5281,2017,6,15,,,,35.4297861388889,137.458268555556,
5282,2017,6,15,,,,36.2733303055556,137.2456445,
5283,2017,6,16,,,,36.2991695277778,137.375899583333,
5284,2017,6,16,,,,35.9732174444444,137.533820888889,
5285,2017,6,16,,,,36.1680106388889,137.439265555556,
5286,2017,6,16,,,,35.9763454444444,137.532608166667,
5287,2017,6,17,,,,36.0207366944444,137.299617361111,
5288,2017,6,17,,,,35.6447812777778,137.176857916667,
5289,2017,6,18,,,,35.4186347222222,137.461786472222,
5290,2017,6,18,,,,36.0200217777778,137.390340222222,
5291,2017,6,18,,,,36.3051193611111,137.109314972222,
5292,2017,6,18,,,,35.9093198888889,137.147503472222,
5293,2017,6,19,,,,35.3953444444444,137.465577305556,
5294,2017,6,19,,,,36.1715973888889,137.450400083333,
5295,2017,6,19,,,,36.2719383055556,137.102460861111,
5296,2017,6,20,,,,36.2190484166667,137.542623083333,
5297,2017,6,20,,,,35.5603125833333,137.457078388889,
5298,2017,6,20,,,,36.0883146944444,137.357753777778,
5299,2017,6,21,,,,36.1622412777778,136.906495555556,
5300,2017,6,21,,,,35.5632740555556,137.460473194444,
5301,2017,6,21,,,,35.9928138333333,137.275040916667,
5302,2017,6,22,,,,36.0734862222222,137.385096,
5303,2017,6,22,,,,36.2395043888889,137.170505805556,
5304,2017,6,22,,,,36.1800183055556,137.486175222222,
5305,2017,6,22,,,,35.98984025,137.285830944444,
5306,2017,6,22,,,,36.1747421111111,137.375259472222,
5307,2017,6,22,,,,36.04149075,137.289060861111,
5308,2017,6,22,,,,35.6481712777778,137.434476833333,
5309,2017,6,22,,,,36.1698363333333,137.443454083333,
5310,2017,6,23,,,,36.3191543888889,137.398682666667,
5311,2017,6,23,,,,36.0909930555556,137.364524777778,
5312,2017,6,23,,,,35.9914962777778,136.875577555556,
5313,2017,6,23,,,,36.0209372777778,136.993943694444,
5314,2017,6,23,,,,35.9346877777778,136.8294725,
5315,2017,6,23,,,,35.2793228611111,137.442918,
5316,2017,6,23,,,,36.1719747222222,136.908227972222,
5317,2017,6,23,,,,36.1437545277778,137.217686222222,
5318,2017,6,23,,,,36.2192706666667,137.191161194444,
5319,2017,6,23,,,,36.2016960277778,137.233240583333,
5320,2017,6,23,,,,36.19334875,137.257660222222,
5321,2017,6,23,,,,36.0913829166667,137.324316611111,
5322,2017,6,23,,,,36.1407941388889,137.428527694444,
5323,2017,6,24,,,,36.31353,137.392960222222,
5324,2017,6,24,,,,35.9687566666667,137.521290611111,
5325,2017,6,24,,,,35.77203975,136.987230166667,
5326,2017,6,24,,,,36.1345204166667,137.215628944444,
5327,2017,6,25,,,,36.1990847222222,137.345052527778,
5328,2017,6,26,,,,35.9574205,137.51044275,
5329,2017,6,26,,,,36.0041506666667,137.376059083333,
5330,2017,6,26,,,,36.2987615833333,137.375702694444,
5331,2017,6,26,,,,35.9920865277778,136.885084055556,
5332,2017,6,26,,,,36.0902610833333,137.335250916667,
5333,2017,6,26,,,,35.7609929444444,137.345297583333,
5334,2017,6,27,,,,36.0545498888889,137.251079305556,
5335,2017,6,27,,,,35.9397135,136.827997805556,
5336,2017,6,27,,,,36.0908684444444,137.362580583333,
5337,2017,6,27,,,,36.1363984444444,137.332430388889,
5338,2017,6,27,,,,36.0159690555556,136.984600388889,
5339,2017,6,27,,,,36.4097313888889,137.191671027778,
5340,2017,6,27,,,,35.68689925,137.389939222222,
5341,2017,6,28,,,,36.4063554722222,137.18549375,
5342,2017,6,28,,,,36.1786473333333,137.487344416667,
5343,2017,6,28,,,,36.0135905833333,137.374104,
5344,2017,6,28,,,,35.9983399444444,137.001876694444,
5345,2017,6,28,,,,36.2827655833333,137.579745027778,
5346,2017,6,29,,,,36.3947823611111,137.383497027778,
5347,2017,6,29,,,,35.83258725,137.235802277778,
5348,2017,6,29,,,,36.1714521944444,137.429827611111,
5349,2017,6,29,,,,36.0778934166667,137.419063416667,
5350,2017,6,29,,,,35.8652398611111,137.182440611111,
5351,2017,6,29,,,,36.0899588333333,137.349432194444,
5352,2017,6,29,,,,36.3940678888889,137.383871833333,
5353,2017,6,29,,,,35.94879025,136.937215416667,
5354,2017,6,29,,,,35.9719721111111,137.531648194444,
5355,2017,6,30,,,,35.96660275,137.530771583333,
5356,2017,6,30,,,,36.1699482222222,137.435524333333,
5357,2017,6,30,,,,35.7702528333333,137.27778525,
5358,2017,6,30,,,,36.2768,137.357585611111,
5359,2017,7,1,,,,36.3484866944444,137.190813222222,
5360,2017,7,2,,,,36.0882106388889,137.357847583333,
5361,2017,7,2,,,,36.2991485277778,137.247609472222,
5362,2017,7,3,,,,36.2633684166667,137.560190888889,
5363,2017,7,3,,,,36.2180301111111,137.254141166667,
5364,2017,7,3,,,,35.8593211944444,137.092424638889,
5365,2017,7,3,,,,35.9690005833333,137.531229666667,
5366,2017,7,3,,,,36.2719316388889,137.344947805556,
5367,2017,7,3,,,,36.1782012222222,137.492798027778,
5368,2017,7,3,,,,36.1776736388889,137.493794111111,
5369,2017,7,3,,,,36.3364164166667,137.159446888889,
5370,2017,7,3,,,,36.1126643611111,137.077460222222,
5371,2017,7,3,,,,35.9472635277778,137.487666611111,
5372,2017,7,3,,,,36.0206655,136.916924916667,
5373,2017,7,4,,,,36.2444208055556,137.507319861111,
5374,2017,7,4,,,,35.7996180833333,137.262996833333,
5375,2017,7,5,,,,36.0580097222222,137.402177944444,
5376,2017,7,5,,,,36.0439549722222,137.399501,
5377,2017,7,6,,,,36.05183325,137.229444305556,
5378,2017,7,6,,,,36.2968773055556,137.339062888889,
5379,2017,7,6,,,,36.2829498888889,137.581618194444,
5380,2017,7,6,,,,35.5068557222222,137.547778694444,
5381,2017,7,6,,,,35.6682395277778,136.910471611111,
5382,2017,7,7,,,,35.4442807777778,137.484269833333,
5383,2017,7,7,,,,36.17354025,137.505605583333,
5384,2017,7,7,,,,36.1794439444444,137.488796305556,
5385,2017,7,7,,,,36.2722399166667,137.577177916667,
5386,2017,7,7,,,,36.2596245277778,137.555123388889,
5387,2017,7,8,,,,35.7492386111111,137.217739194444,
5388,2017,7,8,,,,36.2480173888889,137.510858722222,
5389,2017,7,8,,,,36.17275325,137.292042416667,
5390,2017,7,9,,,,36.0208057222222,137.288984944444,
5391,2017,7,9,,,,36.1815232777778,137.51959325,
5392,2017,7,9,,,,35.9716481944444,136.881599361111,
5393,2017,7,9,,,,35.6872601944444,137.394491138889,
5394,2017,7,10,,,,36.1715277222222,137.430573944444,
5395,2017,7,10,,,,36.2040941388889,137.288717305556,
5396,2017,7,10,,,,36.0687531944444,137.395473861111,
5397,2017,7,10,,,,36.1412990833333,137.348729972222,
5398,2017,7,10,,,,36.2843445833333,137.046247055556,
5399,2017,7,10,,,,35.30050525,137.499564972222,
5400,2017,7,10,,,,36.2616526388889,137.103505416667,
5401,2017,7,10,,,,35.9556965833333,136.912814194444,
5402,2017,7,11,,,,36.1518935833333,137.284659611111,
5403,2017,7,11,,,,36.1685269444444,137.250884833333,
5404,2017,7,11,,,,36.2466146666667,137.509099361111,
5405,2017,7,12,,,,36.0601593611111,137.291359138889,
5406,2017,7,12,,,,35.9728971111111,137.539653416667,
5407,2017,7,13,,,,36.1623049444444,136.906268222222,
5408,2017,7,13,,,,35.5112847777778,136.533868277778,
5409,2017,7,14,,,,36.0381519444444,137.4986005,
5410,2017,7,14,,,,36.2482238333333,137.511837888889,
5411,2017,7,14,,,,35.946499,137.486977083333,
5412,2017,7,14,,,,36.0725245833333,137.384367388889,
5413,2017,7,15,,,,35.9482876111111,137.488402833333,
5414,2017,7,15,,,,35.9478781111111,137.48866225,
5415,2017,7,16,,,,36.0074930833333,137.391364055556,
5416,2017,7,16,,,,35.5029482222222,136.53360875,
5417,2017,7,16,,,,36.1711741666667,137.426665527778,
5418,2017,7,17,,,,36.1219790555556,137.178697,
5419,2017,7,17,,,,36.1417843888889,137.343328694444,
5420,2017,7,18,,,,36.1773853888889,137.4566815,
5421,2017,7,18,,,,36.1363505277778,137.332696805556,
5422,2017,7,18,,,,35.3492298888889,137.380107416667,
5423,2017,7,18,,,,36.1822336111111,137.256889444444,
5424,2017,7,19,,,,36.0264322222222,136.955725888889,
5425,2017,7,20,,,,35.73751325,136.966493333333,
5426,2017,7,20,,,,36.17364825,137.504846472222,
5427,2017,7,21,,,,36.161819,137.263319666667,
5428,2017,7,21,,,,36.1094061666667,137.172850305556,
5429,2017,7,22,,,,36.0923215,137.383359138889,
5430,2017,7,24,,,,36.0379202777778,137.498303861111,
5431,2017,7,24,,,,36.05975325,137.290200083333,
5432,2017,7,24,,,,36.3060198055556,137.278440861111,
5433,2017,7,24,,,,35.4391061666667,137.495097416667,
5434,2017,7,24,,,,36.0376051111111,137.285187916667,
5435,2017,7,25,,,,36.0531178611111,136.945703222222,
5436,2017,7,25,,,,36.0595176666667,137.290063972222,
5437,2017,7,26,,,,35.3005923611111,137.492838138889,
5438,2017,7,26,,,,35.5386799166667,137.584716055556,
5439,2017,7,26,,,,36.09238025,137.344297527778,
5440,2017,7,26,,,,36.1441124444444,137.343571944444,
5441,2017,7,27,,,,35.7612200833333,136.952153805556,
5442,2017,7,27,,,,35.2476379722222,137.469710083333,
5443,2017,7,27,,,,35.5588339722222,136.648644305556,
5444,2017,7,28,,,,35.9286058055556,136.911704472222,
5445,2017,7,28,,,,35.9254856388889,136.904958333333,
5446,2017,7,28,,,,36.3018629444444,137.346768444444,
5447,2017,7,30,,,,36.3215168055556,137.311001305556,
5448,2017,7,30,,,,36.4026352222222,137.408730555556,
5449,2017,7,31,,,,35.8728574166667,136.986430027778,
5450,2017,8,2,,,,36.1538286388889,137.288636833333,
5451,2017,8,2,,,,36.1926971111111,137.549051527778,
5452,2017,8,2,,,,36.2359146111111,137.344269416667,
5453,2017,8,3,,,,35.7935546388889,137.016998638889,
5454,2017,8,3,,,,35.7841457777778,137.013870916667,
5455,2017,8,3,,,,35.7778520555556,136.997204694444,
5456,2017,8,3,,,,36.3223581111111,137.283576277778,
5457,2017,8,4,,,,35.8330296666667,136.962163722222,
5458,2017,8,4,,,,35.9740518888889,136.764214333333,
5459,2017,8,4,,,,35.9814058333333,137.530351555556,
5460,2017,8,4,,,,36.1191734444444,137.240419722222,
5461,2017,8,4,,,,35.8253389166667,136.957383111111,
5462,2017,8,4,,,,36.13857275,137.266661055556,
5463,2017,8,5,,,,36.2476460555556,137.088654055556,
5464,2017,8,5,,,,36.29611225,137.341305222222,
5465,2017,8,7,,,,36.0529168611111,137.398957777778,
5466,2017,8,7,,,,36.2277116944444,137.016518027778,
5467,2017,8,7,,,,36.1803250555556,137.519496638889,
5468,2017,8,7,,,,36.1457664722222,137.136032861111,
5469,2017,8,7,,,,36.2468981111111,137.057313888889,
5470,2017,8,7,,,,36.0085611944444,137.390815861111,
5471,2017,8,7,,,,36.0445738055556,137.276393361111,
5472,2017,8,8,,,,36.0403193888889,137.318471833333,
5473,2017,8,8,,,,36.0820416111111,137.258003861111,
5474,2017,8,8,,,,36.1101410277778,137.266655861111,
5475,2017,8,8,,,,36.218848,137.542712333333,
5476,2017,8,9,,,,35.6205114444444,136.73770375,
5477,2017,8,9,,,,36.2220513333333,137.537362277778,
5478,2017,8,9,,,,36.0470254722222,137.441068694444,
5479,2017,8,10,,,,35.9810036388889,136.928020972222,
5480,2017,8,10,,,,36.1315732777778,137.346311916667,
5481,2017,8,10,,,,36.1774005833333,137.455487583333,
5482,2017,8,10,,,,36.2297910833333,137.532609194444,
5483,2017,8,12,,,,36.1714068333333,137.450855777778,
5484,2017,8,13,,,,36.1725491388889,137.503646333333,
5485,2017,8,13,,,,36.0765055555556,137.233454166667,
5486,2017,8,13,,,,36.0931961666667,137.303076527778,
5487,2017,8,14,,,,36.1408714444444,137.431192416667,
5488,2017,8,14,,,,36.1407850277778,137.430269305556,
5489,2017,8,14,,,,36.1742697222222,137.460685166667,
5490,2017,8,14,,,,36.00278075,137.382421277778,
5491,2017,8,14,,,,36.0564298055556,137.247295555556,
5492,2017,8,15,,,,36.3317644444444,137.139352027778,
5493,2017,8,15,,,,36.1791500555556,137.482068,
5494,2017,8,15,,,,36.312094,137.317525888889,
5495,2017,8,15,,,,36.0479662777778,137.263129305556,
5496,2017,8,15,,,,36.0370165,137.259913361111,
5497,2017,8,15,,,,36.0354966666667,137.261076972222,
5498,2017,8,15,,,,36.3318165555556,137.304415138889,
5499,2017,8,16,,,,36.1404976666667,137.430729388889,
5500,2017,8,16,,,,35.9543266944444,137.486286222222,
5501,2017,8,16,,,,36.0544453055556,136.95206,
5502,2017,8,16,,,,35.9470504722222,137.483176194444,
5503,2017,8,16,,,,36.04717025,136.997054833333,
5504,2017,8,17,,,,36.1405711111111,137.429934666667,
5505,2017,8,17,,,,36.2517125555556,136.903050583333,
5506,2017,8,17,,,,36.1794665555556,137.507654222222,
5507,2017,8,18,,,,36.2274979166667,137.531905222222,
5508,2017,8,18,,,,36.0474655277778,137.264008916667,
5509,2017,8,18,,,,36.2625944722222,136.908794027778,
5510,2017,8,18,,,,36.1901239444444,137.378325611111,
5511,2017,8,20,,,,35.8592489166667,137.04336775,
5512,2017,8,21,,,,35.3910267222222,137.368385555556,
5513,2017,8,22,,,,36.2332983055556,137.533802083333,
5514,2017,8,22,,,,36.0014822777778,137.292048,
5515,2017,8,23,,,,36.1415746666667,137.4309555,
5516,2017,8,23,,,,36.1411578333333,137.426919166667,
5517,2017,8,23,,,,36.0475585555556,137.440506805556,
5518,2017,8,23,,,,35.5167035833333,137.549868833333,
5519,2017,8,23,,,,36.1838608055556,137.551245555556,
5520,2017,8,24,,,,36.2303594166667,137.529963055556,
5521,2017,8,24,,,,36.3673181111111,137.281085916667,
5522,2017,8,24,,,,36.3327928888889,137.148481222222,
5523,2017,8,24,,,,36.3012160833333,137.344826833333,
5524,2017,8,25,,,,36.0011968055556,137.287540611111,
5525,2017,8,25,,,,36.2277761111111,137.531577194444,
5526,2017,8,25,,,,36.0267959166667,137.295464972222,
5527,2017,8,25,,,,36.1405064722222,137.427804694444,
5528,2017,8,28,,,,35.9537669722222,137.49029475,
5529,2017,8,28,,,,35.8013746388889,136.977562694444,
5530,2017,8,28,,,,36.1210115,137.32039025,
5531,2017,8,28,,,,35.5377136944444,137.542889027778,
5532,2017,8,28,,,,35.994998,137.531742388889,
5533,2017,8,29,,,,36.0612733333333,137.027176111111,
5534,2017,8,30,,,,36.0609836944444,137.042927305556,
5535,2017,8,31,,,,36.1997808611111,137.221960638889,
5536,2017,8,31,,,,36.04592025,137.441067638889,
5537,2017,8,31,,,,36.1789079722222,137.488199194444,
5538,2017,9,2,,,,36.3708759722222,137.237700722222,
5539,2017,9,2,,,,35.9997931111111,137.287690555556,
5540,2017,9,2,,,,36.0131966388889,137.372497027778,
5541,2017,9,4,,,,36.22685,137.003703194444,
5542,2017,9,4,,,,36.1728157222222,137.426267833333,
5543,2017,9,4,,,,36.1843026111111,137.544956472222,
5544,2017,9,5,,,,36.1993594722222,137.221783583333,
5545,2017,9,5,,,,36.2461175,137.118249972222,
5546,2017,9,6,,,,36.2492571388889,137.513007277778,
5547,2017,9,6,,,,36.0718969444444,137.102157416667,
5548,2017,9,6,,,,36.3341136388889,137.303845888889,
5549,2017,9,6,,,,36.3351528888889,137.301266944444,
5550,2017,9,6,,,,36.3350574166667,137.32604675,
5551,2017,9,7,,,,36.0327049722222,136.989847805556,
5552,2017,9,7,,,,36.1794609444444,137.324407611111,
5553,2017,9,7,,,,36.3152700555556,137.3041015,
5554,2017,9,7,,,,36.3044155,137.225225611111,
5555,2017,9,8,,,,36.3321596111111,137.303105555556,
5556,2017,9,8,,,,36.3322892777778,137.303629777778,
5557,2017,9,10,,,,35.5343001944444,136.657704277778,
5558,2017,9,10,,,,35.5371318888889,137.547851888889,
5559,2017,9,10,,,,35.737394,137.215299277778,
5560,2017,9,11,,,,35.4631634444444,137.414325444444,
5561,2017,9,11,,,,35.9599512777778,137.120280111111,
5562,2017,9,11,,,,36.1777734166667,137.221486194444,
5563,2017,9,12,,,,35.3013704722222,137.404905138889,
5564,2017,9,12,,,,35.9622435555556,137.121563305556,
5565,2017,9,12,,,,36.0768941111111,137.384530416667,
5566,2017,9,12,,,,36.0768941111111,137.384530416667,
5567,2017,9,12,,,,36.0778835555556,137.383692777778,
5568,2017,9,13,,,,35.9922858333333,136.884808583333,
5569,2017,9,13,,,,36.0467185555556,137.441240083333,
5570,2017,9,13,,,,36.0467185555556,137.441240083333,
5571,2017,9,13,,,,36.31628925,137.272133611111,
5572,2017,9,13,,,,35.9920201944444,136.979769166667,
5573,2017,9,13,,,,35.9920201944444,136.979769166667,
5574,2017,9,13,,,,35.6093935833333,137.491181194444,
5575,2017,9,14,,,,36.1583522222222,137.078082194444,
5576,2017,9,14,,,,36.1583522222222,137.078082194444,
5577,2017,9,14,,,,36.3374047222222,137.154856416667,
5578,2017,9,15,,,,36.3336854722222,137.149404611111,
5579,2017,9,16,,,,36.3185903055556,137.396508527778,
5580,2017,9,16,,,,36.3185903055556,137.396508527778,
5581,2017,9,17,,,,36.2436139166667,137.16328475,
5582,2017,9,19,,,,35.5748051388889,137.523394388889,
5583,2017,9,19,,,,36.3378111944444,137.147946138889,
5584,2017,9,21,,,,36.0804599166667,137.368765916667,
5585,2017,9,21,,,,36.0804599166667,137.368765916667,
5586,2017,9,21,,,,36.0790049722222,137.378822527778,
5587,2017,9,21,,,,36.0790049722222,137.378822527778,
5588,2017,9,22,,,,36.1371949722222,137.219513777778,
5589,2017,9,22,,,,36.1371949722222,137.219513777778,
5590,2017,9,25,,,,36.1342261666667,137.237986055556,
5591,2017,9,25,,,,36.1342261666667,137.237986055556,
5592,2017,9,26,,,,35.2567745277778,137.42685675,
5593,2017,9,27,,,,35.2762620833333,137.446834305556,
5594,2017,9,28,,,,35.8584171388889,137.089838805556,
5595,2017,9,29,,,,36.0325278888889,136.936065861111,
5596,2017,9,29,,,,36.0325278888889,136.936065861111,
5597,2017,9,29,,,,36.3317421666667,137.142804916667,
5598,2017,10,3,,,,35.7754560277778,137.254036972222,
5599,2017,10,4,,,,36.1788865833333,137.270861416667,
5600,2017,10,4,,,,36.1788865833333,137.270861416667,
5601,2017,10,6,,,,35.3567361666667,137.430865,
5602,2017,10,6,,,,35.3567361666667,137.430865,
5603,2017,10,8,,,,35.7436231666667,137.342962694444,
5604,2017,10,8,,,,36.0702918888889,136.952240833333,
5605,2017,10,8,,,,36.0702918888889,136.952240833333,
5606,2017,10,10,,,,35.7406836111111,136.984291194444,
5607,2017,10,11,,,,35.7781371666667,136.517744861111,
5608,2017,10,12,,,,36.2941651388889,137.181435388889,
5609,2017,10,13,,,,35.4659320833333,137.428853666667,
5610,2017,10,14,,,,36.2268845,137.003021583333,
5611,2017,10,15,,,,35.6978388055556,136.669098638889,
5612,2017,10,16,,,,36.22706175,137.002958166667,
5613,2017,10,17,,,,36.0787664166667,137.378572305556,
5614,2017,10,19,,,,36.2604060833333,136.883246777778,
5615,2017,10,19,,,,36.2271850277778,137.00292775,
5616,2017,10,20,,,,36.0062542777778,136.899115722222,
5617,2017,10,20,,,,36.2270232777778,137.003045833333,
5618,2017,10,26,,,,35.4824731388889,137.328444777778,
5619,2017,10,29,,,,35.8658378888889,137.183178583333,
5620,2017,11,1,,,,36.3079456944444,137.252196305556,
5621,2017,11,5,,,,35.7534939444444,136.525762444444,
5622,2017,11,5,,,,35.9501456111111,136.826782527778,
5623,2017,11,7,,,,35.9996499444444,136.927473916667,
5624,2017,11,7,,,,35.6983621666667,137.42644475,
5625,2017,11,8,,,,35.2958552777778,137.427399777778,
5626,2017,11,10,,,,35.9596060833333,136.818117833333,
5627,2017,11,11,,,,35.9541412777778,136.879457166667,
5628,2017,11,14,,,,36.2868069166667,137.167800416667,
5629,2017,11,15,,,,36.3325104444444,137.303204833333,
5630,2017,11,16,,,,36.2419779166667,137.167005333333,
5631,2017,11,21,,,,36.4480472222222,137.272687361111,
5632,2017,11,22,,,,36.2598328055556,136.908577027778,
5633,2017,11,29,,,,36.3303783055556,137.302472416667,
5634,2017,11,30,,,,35.3948111111111,137.486730972222,
5635,2017,12,15,,,,35.4294579722222,137.456701833333,
5636,2017,1,19,,,,35.5600508888889,137.546840333333,
5637,2017,2,1,,,,35.4899163055556,137.226639166667,
5638,2017,2,2,,,,35.2994923888889,137.388548027778,
5639,2017,2,9,,,,35.53274775,137.364407194444,
5640,2017,2,13,,,,35.6046411944444,137.171278138889,
5641,2017,2,14,,,,35.60623675,137.172469638889,
5642,2017,3,6,,,,35.2870940555556,137.432895138889,
5643,2017,3,7,,,,35.5487524444444,137.254822416667,
5644,2017,3,15,,,,35.6046834444444,137.17544275,
5645,2017,3,18,,,,35.6105236944444,137.201259055556,
5646,2017,3,21,,,,35.3124421111111,137.3875755,
5647,2017,3,24,,,,35.3283158611111,137.349605472222,
5648,2017,3,31,,,,35.3147884722222,137.372969694444,
5649,2016,4,6,,,,35.5260005833333,136.654099388889,
5650,2016,4,7,,,,35.5711183611111,136.918902944444,
5651,2016,4,7,,,,35.6350871944444,137.446302416667,
5652,2016,4,9,,,,36.2530290277778,136.894454444444,
5653,2016,4,11,,,,35.5244896944444,137.332051777778,
5654,2016,4,12,,,,36.1687905,136.911652583333,
5655,2016,4,12,,,,35.5264815833333,137.156565777778,
5656,2016,4,12,,,,35.6322510555556,137.452651,
5657,2016,4,13,,,,35.4807673611111,137.330434194444,
5658,2016,4,15,,,,35.3582686666667,137.380343388889,
5659,2016,4,19,,,,35.4844486388889,137.24378825,
5660,2016,4,21,,,,36.1846590833333,137.423534583333,
5661,2016,4,22,,,,35.50592075,137.259799972222,
5662,2016,4,24,,,,36.2517034166667,137.242575138889,
5663,2016,4,26,,,,36.2519398055556,137.242343833333,
5664,2016,4,29,,,,35.6177541111111,137.459704138889,
5665,2016,5,4,,,,36.2481111388889,137.066647361111,
5666,2016,5,6,,,,36.2227709166667,137.227646805556,
5667,2016,5,6,,,,36.2275165833333,137.205880527778,
5668,2016,5,8,,,,36.2514017222222,137.242478027778,
5669,2016,5,9,,,,36.27704425,137.151735444444,
5670,2016,5,11,,,,35.6189956111111,137.510628833333,
5671,2016,5,11,,,,35.2954526111111,137.464858972222,
5672,2016,5,13,,,,35.6780805,137.419101777778,
5673,2016,5,13,,,,35.6771190833333,137.416534472222,
5674,2016,5,15,,,,35.6764665,137.416884916667,
5675,2016,5,18,,,,35.7610571111111,136.6633095,
5676,2016,5,18,,,,35.7010193055556,137.426702305556,
5677,2016,5,19,,,,36.2482564166667,137.152451222222,
5678,2016,5,19,,,,35.5199502222222,137.551227416667,
5679,2016,5,19,,,,36.2862563055556,137.575698972222,
5680,2016,5,19,,,,35.6288551666667,137.388192194444,
5681,2016,5,20,,,,36.2616719444444,137.142146944444,
5682,2016,5,20,,,,36.021485,137.389460555556,
5683,2016,5,22,,,,36.2141399166667,137.223623083333,
5684,2016,5,23,,,,35.5839838055556,136.574695333333,
5685,2016,5,23,,,,36.1258889722222,137.227813194444,
5686,2016,5,23,,,,35.8623763611111,137.097370888889,
5687,2016,5,24,,,,36.3129000833333,137.392396416667,
5688,2016,5,24,,,,36.2183365555556,137.255306666667,
5689,2016,5,24,,,,35.5363592777778,137.556676944444,
5690,2016,5,24,,,,36.2259571111111,137.240454638889,
5691,2016,5,25,,,,36.0190143888889,137.39005125,
5692,2016,5,25,,,,36.2235006111111,137.227822472222,
5693,2016,5,25,,,,36.2327322222222,137.207906638889,
5694,2016,5,25,,,,35.9650051111111,137.262017388889,
5695,2016,5,26,,,,35.9927959166667,136.882985861111,
5696,2016,5,26,,,,35.5406468055556,137.539131444444,
5697,2016,5,27,,,,36.0868527222222,137.250256277778,
5698,2016,5,27,,,,36.1602186666667,137.080061833333,
5699,2016,5,27,,,,36.21333525,137.315264666667,
5700,2016,5,28,,,,36.1265099166667,137.555488277778,
5701,2016,5,29,,,,35.66809825,137.364920055556,
5702,2016,5,31,,,,36.0828893333333,137.357599305556,
5703,2016,6,1,,,,35.6440974722222,136.706844222222,
5704,2016,6,1,,,,35.3837075,136.454807166667,
5705,2016,6,1,,,,36.0379423888889,137.48918925,
5706,2016,6,2,,,,35.7375440555556,136.968259777778,
5707,2016,6,2,,,,36.14620125,137.545301611111,
5708,2016,6,2,,,,36.2130282222222,137.315204194444,
5709,2016,6,2,,,,35.9245618611111,137.234597972222,
5710,2016,6,2,,,,36.0882224444444,137.3537785,
5711,2016,6,3,,,,35.71586625,137.207105416667,
5712,2016,6,3,,,,36.0379030277778,137.489496833333,
5713,2016,6,4,,,,36.037639,137.489637055556,
5714,2016,6,4,,,,36.1494446111111,137.534896083333,
5715,2016,6,4,,,,36.2098616111111,137.350383083333,
5716,2016,6,5,,,,36.08778575,137.356025111111,
5717,2016,6,6,,,,36.4116062777778,137.319601583333,
5718,2016,6,6,,,,36.3228377777778,137.301177305556,
5719,2016,6,6,,,,36.2658536111111,137.564411583333,
5720,2016,6,6,,,,35.8736653611111,137.064229416667,
5721,2016,6,6,,,,35.6991404722222,137.228190138889,
5722,2016,6,6,,,,35.6763018888889,137.410038,
5723,2016,6,7,,,,36.0303175277778,137.431620527778,
5724,2016,6,8,,,,36.1410603055556,137.4277255,
5725,2016,6,8,,,,36.1316459444444,137.221950583333,
5726,2016,6,8,,,,36.0529458888889,137.273528833333,
5727,2016,6,8,,,,36.3003953333333,137.309748916667,
5728,2016,6,8,,,,35.6052608611111,137.464773555556,
5729,2016,6,9,,,,35.7913350555556,137.266023388889,
5730,2016,6,9,,,,36.0505609722222,137.277134666667,
5731,2016,6,10,,,,35.5361936388889,137.538035361111,
5732,2016,6,11,,,,35.7858864166667,137.308258055556,
5733,2016,6,11,,,,35.9611201388889,137.132995027778,
5734,2016,6,11,,,,35.9520986111111,136.877100527778,
5735,2016,6,11,,,,35.9126887777778,136.840771861111,
5736,2016,6,11,,,,35.9552035555556,137.133929944444,
5737,2016,6,12,,,,36.0521398888889,137.291151833333,
5738,2016,6,12,,,,36.1307790555556,137.546775388889,
5739,2016,6,12,,,,36.0806542222222,137.359111305556,
5740,2016,6,12,,,,35.6653505833333,137.36912725,
5741,2016,6,12,,,,35.6201561944444,137.509490194444,
5742,2016,6,12,,,,36.0794672777778,137.368559861111,
5743,2016,6,12,,,,35.7922553611111,137.255778666667,
5744,2016,6,13,,,,35.9711884722222,137.533010722222,
5745,2016,6,13,,,,36.0951049444444,137.213121888889,
5746,2016,6,13,,,,36.3061066944444,137.266848444444,
5747,2016,6,13,,,,35.6172822777778,136.940948,
5748,2016,6,13,,,,35.6023904444444,137.477991583333,
5749,2016,6,14,,,,36.1776876388889,136.906383194444,
5750,2016,6,14,,,,35.9691596388889,137.531357166667,
5751,2016,6,14,,,,35.9397168055556,136.933661611111,
5752,2016,6,14,,,,36.1348668611111,137.542495277778,
5753,2016,6,14,,,,36.3033565,137.223746055556,
5754,2016,6,14,,,,35.3223377777778,137.470861666667,
5755,2016,6,15,,,,36.1252421944444,137.548067138889,
5756,2016,6,15,,,,36.1192477222222,137.240800083333,
5757,2016,6,15,,,,36.0808494166667,137.263698416667,
5758,2016,6,15,,,,36.1982916666667,136.899146416667,
5759,2016,6,15,,,,36.2643206111111,137.222783361111,
5760,2016,6,15,,,,35.9125833888889,136.840806416667,
5761,2016,6,15,,,,36.1331142222222,137.321075472222,
5762,2016,6,15,,,,35.7808183888889,137.280950166667,
5763,2016,6,15,,,,36.3978384444444,137.284832888889,
5764,2016,6,16,,,,35.6058624166667,137.470677444444,
5765,2016,6,17,,,,36.1527492777778,137.137937888889,
5766,2016,6,17,,,,35.3200102222222,137.507544138889,
5767,2016,6,17,,,,35.3286948611111,137.524193833333,
5768,2016,6,17,,,,36.1276590555556,137.232746527778,
5769,2016,6,18,,,,36.1427391388889,137.548321527778,
5770,2016,6,18,,,,36.3686010555556,137.282489694444,
5771,2016,6,18,,,,35.35064625,136.45105875,
5772,2016,6,18,,,,35.3449559722222,137.396845222222,
5773,2016,6,18,,,,35.6166041944444,137.459011583333,
5774,2016,6,19,,,,36.2821977222222,137.579750166667,
5775,2016,6,19,,,,36.0888269722222,137.331601388889,
5776,2016,6,19,,,,35.91865875,137.149545333333,
5777,2016,6,20,,,,36.3939496388889,137.373743,
5778,2016,6,20,,,,36.1755447777778,137.400472694444,
5779,2016,6,20,,,,36.3877694166667,137.377001694444,
5780,2016,6,20,,,,35.9382458888889,137.134928972222,
5781,2016,6,20,,,,35.9719046111111,137.532556138889,
5782,2016,6,20,,,,36.1146628888889,136.920652111111,
5783,2016,6,20,,,,36.30545325,137.383097111111,
5784,2016,6,20,,,,36.2133101666667,136.887997916667,
5785,2016,6,21,,,,36.28284725,137.251249138889,
5786,2016,6,21,,,,36.0623736388889,137.041478444444,
5787,2016,6,21,,,,36.2816295555556,137.249496805556,
5788,2016,6,21,,,,35.50716225,137.242581,
5789,2016,6,21,,,,36.3976948888889,137.2847795,
5790,2016,6,22,,,,35.9703414722222,137.525763305556,
5791,2016,6,22,,,,35.9187013055556,137.149776916667,
5792,2016,6,22,,,,36.1418332222222,137.549386222222,
5793,2016,6,22,,,,36.1519,137.542679555556,
5794,2016,6,22,,,,36.3829339444444,137.378659694444,
5795,2016,6,22,,,,35.5296338055556,137.321933194444,
5796,2016,6,22,,,,36.0616043333333,137.029150611111,
5797,2016,6,23,,,,35.9382980277778,136.835827888889,
5798,2016,6,23,,,,36.1151575,137.218499194444,
5799,2016,6,23,,,,35.5701435833333,137.430172444444,
5800,2016,6,23,,,,36.0882164166667,137.343966166667,
5801,2016,6,23,,,,35.5942263055556,137.451827416667,
5802,2016,6,23,,,,36.0634937777778,137.027651916667,
5803,2016,6,23,,,,36.1358457222222,137.329613944444,
5804,2016,6,24,,,,36.0548272777778,137.272112777778,
5805,2016,6,24,,,,36.0880922777778,137.344705444444,
5806,2016,6,24,,,,36.2988243888889,137.24703225,
5807,2016,6,24,,,,35.66833975,137.425095527778,
5808,2016,6,25,,,,35.5877848888889,136.761335361111,
5809,2016,6,25,,,,36.2010874722222,137.137444972222,
5810,2016,6,26,,,,35.5063016111111,137.495341055556,
5811,2016,6,26,,,,36.0141770277778,136.987172666667,
5812,2016,6,26,,,,36.0168303611111,136.986666805556,
5813,2016,6,27,,,,36.171822,137.52946875,
5814,2016,6,27,,,,36.14671875,137.550441694444,
5815,2016,6,27,,,,36.2817934444444,137.579836527778,
5816,2016,6,27,,,,36.1440855555556,137.340235083333,
5817,2016,6,27,,,,35.57675625,136.889510083333,
5818,2016,6,27,,,,35.7582325277778,137.315354361111,
5819,2016,6,28,,,,36.1644246666667,137.526294,
5820,2016,6,28,,,,36.1752334166667,137.366724472222,
5821,2016,6,28,,,,35.3495796666667,137.38560375,
5822,2016,6,28,,,,35.2746747222222,137.401793555556,
5823,2016,6,29,,,,36.1642185,137.536350138889,
5824,2016,6,29,,,,36.2166318888889,137.365778388889,
5825,2016,6,29,,,,36.1652478055556,137.529831361111,
5826,2016,6,30,,,,35.9348497777778,136.894105277778,
5827,2016,6,30,,,,36.1497163055556,137.542804361111,
5828,2016,7,1,,,,35.6936694444444,137.094933055556,
5829,2016,7,1,,,,35.6138288888889,137.499292972222,
5830,2016,7,1,,,,35.5865329444444,137.5483725,
5831,2016,7,2,,,,35.5939082777778,137.509767666667,
5832,2016,7,3,,,,36.1662835277778,137.521029166667,
5833,2016,7,3,,,,35.5194406111111,137.185630527778,
5834,2016,7,4,,,,35.9490352777778,137.132153111111,
5835,2016,7,4,,,,35.7222524722222,136.935239972222,
5836,2016,7,4,,,,36.1823983888889,137.30479725,
5837,2016,7,5,,,,36.0485112222222,137.032994388889,
5838,2016,7,5,,,,35.5579370833333,137.456736888889,
5839,2016,7,5,,,,35.89553625,137.161405194444,
5840,2016,7,5,,,,36.1685150277778,137.523268222222,
5841,2016,7,6,,,,36.3082218611111,137.327052527778,
5842,2016,7,6,,,,35.5835356944444,136.768188444444,
5843,2016,7,7,,,,36.0146852222222,137.008087527778,
5844,2016,7,7,,,,36.1815866666667,137.532809166667,
5845,2016,7,7,,,,36.3029414722222,137.340548972222,
5846,2016,7,8,,,,35.6012744722222,137.242753694444,
5847,2016,7,8,,,,35.28435975,137.421324777778,
5848,2016,7,8,,,,36.1828588333333,137.541158972222,
5849,2016,7,8,,,,35.7507554166667,137.209617861111,
5850,2016,7,8,,,,36.1287026111111,137.552721916667,
5851,2016,7,8,,,,36.0660669166667,137.024621527778,
5852,2016,7,10,,,,36.1789003611111,137.531202472222,
5853,2016,7,10,,,,36.1237014444444,137.549569972222,
5854,2016,7,10,,,,35.7779951944444,137.236108222222,
5855,2016,7,10,,,,36.1666710277778,137.520240277778,
5856,2016,7,10,,,,35.9410976666667,136.882751583333,
5857,2016,7,11,,,,36.1645735833333,137.533031972222,
5858,2016,7,11,,,,36.3721055277778,137.371489861111,
5859,2016,7,11,,,,35.7905266666667,137.27154675,
5860,2016,7,11,,,,36.1632326111111,137.537292138889,
5861,2016,7,11,,,,36.1435195277778,137.55122875,
5862,2016,7,11,,,,35.7406849444444,137.019308694444,
5863,2016,7,11,,,,35.7335884722222,137.242739055556,
5864,2016,7,11,,,,36.1963346944444,137.344535388889,
5865,2016,7,11,,,,36.2888263333333,137.572957888889,
5866,2016,7,11,,,,36.3994191944444,137.394564972222,
5867,2016,7,12,,,,36.3943546111111,137.404541111111,
5868,2016,7,12,,,,36.1289341944444,137.553682777778,
5869,2016,7,12,,,,36.1962823888889,137.344252111111,
5870,2016,7,15,,,,35.5939597222222,136.886449972222,
5871,2016,7,15,,,,35.6005013333333,136.910299166667,
5872,2016,7,16,,,,35.5766936666667,136.889608027778,
5873,2016,7,16,,,,36.1630922222222,137.533037527778,
5874,2016,7,18,,,,36.4144285,137.428353666667,
5875,2016,7,19,,,,35.3018249166667,137.410735777778,
5876,2016,7,20,,,,36.1212430277778,137.557043333333,
5877,2016,7,20,,,,35.7245551944444,136.593359944444,
5878,2016,7,20,,,,35.5093413888889,137.539904194444,
5879,2016,7,21,,,,35.4843600833333,137.204522555556,
5880,2016,7,21,,,,36.1281498611111,137.554230666667,
5881,2016,7,22,,,,35.3729414444444,137.435010444444,
5882,2016,7,22,,,,35.621176,137.511552222222,
5883,2016,7,22,,,,36.1307553333333,137.548371638889,
5884,2016,7,22,,,,36.1307416388889,137.552642,
5885,2016,7,23,,,,35.7484593611111,137.104782944444,
5886,2016,7,23,,,,36.1306373055556,137.551573888889,
5887,2016,7,24,,,,36.1307751388889,137.553398388889,
5888,2016,7,25,,,,35.9385414444444,136.88420675,
5889,2016,7,25,,,,36.1312723055556,137.555093444444,
5890,2016,7,25,,,,36.1201107777778,137.246007416667,
5891,2016,7,25,,,,36.1668706666667,137.528157805556,
5892,2016,7,25,,,,36.1700012777778,137.522432333333,
5893,2016,7,25,,,,36.1310428888889,137.554930277778,
5894,2016,7,26,,,,36.1302634722222,137.552331388889,
5895,2016,7,26,,,,36.1366086666667,137.553359444444,
5896,2016,7,26,,,,36.2603784166667,136.901849333333,
5897,2016,7,27,,,,36.1307153055556,137.554068277778,
5898,2016,7,27,,,,36.1945320555556,137.553958055556,
5899,2016,7,27,,,,35.5227411388889,137.227742027778,
5900,2016,7,28,,,,36.1292610833333,137.553188444444,
5901,2016,7,28,,,,36.0935837222222,137.397769833333,
5902,2016,7,29,,,,36.2289486944444,136.878718638889,
5903,2016,7,30,,,,36.2222758055556,137.228082083333,
5904,2016,8,1,,,,36.1769918611111,137.507576,
5905,2016,8,1,,,,36.1814906111111,137.533123972222,
5906,2016,8,1,,,,35.3571358333333,137.432607583333,
5907,2016,8,1,,,,36.1291203611111,137.5521665,
5908,2016,8,1,,,,36.1223533333333,137.553814805556,
5909,2016,8,1,,,,36.1302038333333,137.552838861111,
5910,2016,8,2,,,,35.9692081944444,137.522111722222,
5911,2016,8,2,,,,36.1262254444444,137.559371777778,
5912,2016,8,2,,,,36.1814242222222,137.258564972222,
5913,2016,8,2,,,,35.5811453055556,137.510989916667,
5914,2016,8,3,,,,36.1293453888889,137.560243305556,
5915,2016,8,3,,,,35.6991670555556,137.228653694444,
5916,2016,8,3,,,,36.1301780833333,137.553429083333,
5917,2016,8,4,,,,35.9650542777778,136.878374194444,
5918,2016,8,5,,,,35.5357848333333,137.567241444444,
5919,2016,8,5,,,,35.9683860555556,137.529405027778,
5920,2016,8,6,,,,36.2400713611111,137.525680388889,
5921,2016,8,6,,,,36.1280840277778,137.559617166667,
5922,2016,8,6,,,,36.0811095833333,137.358836861111,
5923,2016,8,7,,,,36.1779128888889,137.48589075,
5924,2016,8,10,,,,36.0129055277778,137.390740888889,
5925,2016,8,11,,,,36.1287275833333,137.552300333333,
5926,2016,8,11,,,,36.1498635277778,137.545735416667,
5927,2016,8,12,,,,35.7383655833333,137.218136027778,
5928,2016,8,12,,,,36.26420025,136.911363611111,
5929,2016,8,12,,,,36.2640545,136.867712333333,
5930,2016,8,13,,,,35.6199206388889,137.509317138889,
5931,2016,8,15,,,,36.1850616388889,137.543516083333,
5932,2016,8,15,,,,36.0747687777778,137.383952916667,
5933,2016,8,15,,,,35.9606957222222,136.886164583333,
5934,2016,8,15,,,,35.5999759722222,137.472662361111,
5935,2016,8,16,,,,35.5471415,137.555138472222,
5936,2016,8,16,,,,35.6784977777778,137.143329666667,
5937,2016,8,17,,,,35.6146746666667,137.500337583333,
5938,2016,8,17,,,,35.6138161944444,137.499575416667,
5939,2016,8,17,,,,36.2645841388889,137.56578225,
5940,2016,8,17,,,,36.2734676666667,137.356279694444,
5941,2016,8,18,,,,36.0740298055556,137.384364083333,
5942,2016,8,18,,,,35.6210547777778,137.511500611111,
5943,2016,8,18,,,,35.6255112777778,137.493981416667,
5944,2016,8,19,,,,35.59973725,137.500991277778,
5945,2016,8,21,,,,36.1069827777778,137.411783222222,
5946,2016,8,21,,,,36.0877183888889,137.35644975,
5947,2016,8,21,,,,35.5250486388889,137.568111027778,
5948,2016,8,22,,,,36.24550775,137.529475888889,
5949,2016,8,22,,,,36.1826806666667,137.407046416667,
5950,2016,8,22,,,,35.6903413611111,137.140672388889,
5951,2016,8,22,,,,36.0289341388889,136.996002277778,
5952,2016,8,23,,,,36.1747120555556,137.501901222222,
5953,2016,8,24,,,,35.7360865,137.320392194444,
5954,2016,8,26,,,,35.8774074444444,136.831414277778,
5955,2016,8,26,,,,35.6345494444444,137.505521611111,
5956,2016,8,26,,,,36.1652073333333,137.530464222222,
5957,2016,8,28,,,,36.1302314444444,137.555057444444,
5958,2016,8,29,,,,35.7930406111111,136.965204805556,
5959,2016,8,29,,,,36.1720794722222,137.450022833333,
5960,2016,8,30,,,,35.7634974722222,137.105451,
5961,2016,9,3,,,,35.7886285555556,137.272352777778,
5962,2016,9,4,,,,35.7762860277778,137.11131125,
5963,2016,9,5,,,,36.12815925,137.355268638889,
5964,2016,9,5,,,,36.2461626666667,137.497373638889,
5965,2016,9,6,,,,35.3652366111111,136.419344277778,
5966,2016,9,7,,,,35.41903975,137.461544527778,
5967,2016,9,7,,,,35.2633000833333,137.425150361111,
5968,2016,9,7,,,,35.5908034722222,136.730478777778,
5969,2016,9,7,,,,35.28328425,137.444073194444,
5970,2016,9,7,,,,36.1803919166667,137.478932138889,
5971,2016,9,7,,,,36.2741186111111,137.24569575,
5972,2016,9,8,,,,35.4729144444444,137.477925972222,
5973,2016,9,8,,,,35.26154225,137.423089527778,
5974,2016,9,11,,,,35.5854835833333,137.471242861111,
5975,2016,9,12,,,,36.2196577777778,136.880726388889,
5976,2016,9,12,,,,35.3273237222222,137.522010472222,
5977,2016,9,13,,,,36.4007542777778,137.422011333333,
5978,2016,9,13,,,,35.8130900833333,137.251203333333,
5979,2016,9,14,,,,35.6184980555556,137.505167,
5980,2016,9,15,,,,35.4845348888889,137.415587555556,
5981,2016,9,21,,,,35.8024213333333,137.250396666667,
5982,2016,9,22,,,,35.9764194722222,136.814246083333,
5983,2016,9,27,,,,35.8995736944444,136.874527472222,
5984,2016,10,1,,,,35.4245279166667,137.465179194444,
5985,2016,10,1,,,,35.802821,137.263005694444,
5986,2016,10,7,,,,35.4636778055556,137.422179,
5987,2016,10,7,,,,35.5456248888889,137.262725777778,
5988,2016,10,10,,,,35.8930808611111,136.880691916667,
5989,2016,10,11,,,,35.4841640555556,137.411738861111,
5990,2016,10,12,,,,35.6151671944444,137.498795861111,
5991,2016,10,12,,,,35.2984346111111,137.360802472222,
5992,2016,10,13,,,,35.3184751388889,137.478039361111,
5993,2016,10,16,,,,35.6824329166667,137.408892416667,
5994,2016,10,19,,,,35.3389748611111,137.381689583333,
5995,2016,10,19,,,,35.3123949166667,137.504802388889,
5996,2016,10,20,,,,35.3583753611111,137.447278916667,
5997,2016,10,20,,,,35.3771355277778,137.450736722222,
5998,2016,10,20,,,,35.3257545277778,137.469337666667,
5999,2016,10,20,,,,36.3711359722222,137.370623861111,
6000,2016,10,25,,,,35.3732375277778,137.414300277778,
6001,2016,10,31,,,,36.2679606944444,136.878242583333,
6002,2016,11,1,,,,35.3131438888889,137.362161166667,
6003,2016,11,2,,,,35.4980628055556,137.311989972222,
6004,2016,11,8,,,,35.6138548611111,137.499130277778,
6005,2016,11,8,,,,35.3747987777778,137.407141444444,
6006,2016,11,8,,,,35.3433178888889,137.4587585,
6007,2016,11,10,,,,36.1885740277778,136.904683083333,
6008,2016,11,15,,,,35.94732525,136.867214472222,
6009,2016,11,17,,,,35.8418173055556,136.875786611111,
6010,2016,11,18,,,,35.5912705277778,136.7546275,
6011,2016,11,20,,,,36.3239369166667,136.890909222222,
6012,2016,11,29,,,,35.2979388888889,137.518636,
6013,2016,12,2,,,,35.5840938611111,137.553120694444,
6014,2016,12,9,,,,35.5388221666667,137.447839138889,
6015,2016,12,26,,,,35.2971288333333,137.519152472222,
6016,2016,12,27,,,,35.2969667777778,137.519308083333,
6017,2016,12,28,,,,35.9407043333333,136.837330583333,
6018,2016,3,4,,,,35.4857163642185,136.600722294825,
6019,2016,3,28,,,,36.2710745732387,136.908885357064,
6020,2016,3,29,,,,36.0595587336341,137.275383299355,
6021,2015,4,15,,,,35.6408342089606,137.504997991408,
6022,2015,5,7,,,,35.6277285361853,137.50096355422,
6023,2015,7,17,,,,35.6283385846873,137.497880407538,
6024,2015,8,9,,,,35.6264203356699,137.492264538488,
6025,2015,4,3,,,,36.2693515947143,137.421965022948,
6026,2015,4,27,,,,36.1424474292485,136.911161953052,
6027,2015,6,22,,,,36.3084538251136,137.324920821498,
6028,2015,6,22,,,,36.2850368936796,137.045330216068,
6029,2015,6,21,,,,36.0680158073668,137.293763179517,
6030,2015,6,22,,,,36.1420512608482,137.350558682347,
6031,2015,6,20,,,,36.1770906855569,137.410364469812,
6032,2015,6,16,,,,36.1448230822872,137.427146756862,
6033,2015,6,23,,,,36.1147056083617,136.920843825795,
6034,2015,6,23,,,,36.2714665905267,137.02471372701,
6035,2015,6,24,,,,36.1387410720112,137.349249131251,
6036,2015,6,24,,,,36.1387464677208,137.350259403827,
6037,2015,4,27,,,,36.1450981445091,136.912939454224,
6038,2015,6,24,,,,36.1386800122268,137.35348436701,
6039,2015,6,25,,,,36.1387404977105,137.35748132612,
6040,2015,6,25,,,,36.3010394485609,137.047283814657,
6041,2015,6,25,,,,36.2736131922365,137.031338233582,
6042,2015,6,23,,,,36.4119650361943,137.320662704333,
6043,2015,6,22,,,,36.3773104301215,137.373137623168,
6044,2015,6,25,,,,36.0293633120186,137.431537233858,
6045,2015,6,26,,,,36.0131760841238,136.959346328682,
6046,2015,5,3,,,,35.9082001110288,137.333042280142,
6047,2015,4,26,,,,36.1748789263415,137.375388521774,
6048,2015,6,10,,,,35.926242667509,137.444790927264,
6049,2015,6,10,,,,35.9241167896967,137.446264069264,
6050,2015,6,14,,,,35.9478400031079,137.324869872271,
6051,2015,6,17,,,,35.9298342297696,137.445012626353,
6052,2015,6,17,,,,35.9140648847164,137.31128806711,
6053,2015,6,27,,,,36.2124272865621,137.150638820556,
6054,2015,6,28,,,,35.9554146872175,137.134152867565,
6055,2015,6,29,,,,35.9137504634722,137.329945411846,
6056,2015,6,29,,,,35.9282512386909,137.437917160429,
6057,2015,6,29,,,,35.9233054856559,137.448429599761,
6058,2015,4,27,,,,36.1747586136739,137.37257181086,
6059,2015,6,29,,,,35.9321862684206,137.294396667408,
6060,2015,6,27,,,,35.8008614066302,136.976229945934,
6061,2015,6,24,,,,35.9947678141958,136.882349573723,
6062,2015,6,25,,,,35.9469073192828,136.894574951087,
6063,2015,6,25,,,,35.9519050812138,136.85595987896,
6064,2015,6,30,,,,36.0288848897991,137.293948291904,
6065,2015,6,30,,,,36.003338214323,137.391426598526,
6066,2015,6,30,,,,36.0309695982055,136.951439380457,
6067,2015,6,30,,,,36.2318530632447,137.17319675616,
6068,2015,6,30,,,,36.0179977388001,136.912561885485,
6069,2015,4,28,,,,35.5656169711573,137.44307054046,
6070,2015,6,30,,,,36.1352534218338,137.262195926094,
6071,2015,6,30,,,,36.1435356614507,137.338384171484,
6072,2015,6,30,,,,36.419223379498,137.196481185595,
6073,2015,7,1,,,,36.1100129429972,137.248915780084,
6074,2015,7,1,,,,36.2695291132572,137.021492751643,
6075,2015,7,1,,,,36.1770391411882,137.492973600456,
6076,2015,7,1,,,,36.1753695898251,137.495246148574,
6077,2015,7,1,,,,36.2638139619252,137.43230372073,
6078,2015,7,1,,,,36.249159841035,137.242995721048,
6079,2015,7,1,,,,36.2454096127692,137.248151377074,
6080,2015,5,3,,,,36.0871302699788,137.305317283692,
6081,2015,7,2,,,,36.3033387796037,137.080511911018,
6082,2015,6,5,,,,35.9522459826555,136.924848097233,
6083,2015,6,11,,,,35.8691421951403,137.102508715728,
6084,2015,6,30,,,,35.9652658084387,136.90990693531,
6085,2015,7,2,,,,35.7448154417384,137.050807771756,
6086,2015,7,2,,,,35.7644970342327,137.072989319929,
6087,2015,7,1,,,,36.2964253566613,137.119952869867,
6088,2015,7,1,,,,36.2972949973086,137.117912270949,
6089,2015,7,3,,,,35.9532090720586,136.923964864678,
6090,2015,7,3,,,,35.467466565783,137.305720867073,
6091,2015,5,4,,,,36.0869395309873,137.305258207316,
6092,2015,7,3,,,,36.2635608697504,136.913533639692,
6093,2015,7,3,,,,36.3081261892281,136.966761239757,
6094,2015,6,30,,,,36.2846424227116,136.907177131953,
6095,2015,7,2,,,,36.2503269694756,137.243053605451,
6096,2015,7,2,,,,35.9983041288351,137.392063845349,
6097,2015,7,3,,,,35.931479168721,137.078779369593,
6098,2015,7,3,,,,36.0636109422999,137.099758125193,
6099,2015,7,3,,,,36.1828507711664,137.410008086929,
6100,2015,7,4,,,,36.133687998145,137.362826394143,
6101,2015,5,6,,,,36.0868468067562,137.305551862386,
6102,2015,6,29,,,,35.831798575556,136.904703156206,
6103,2015,7,6,,,,35.9414158050534,136.890554833005,
6104,2015,7,6,,,,35.4665510245401,137.395833371369,
6105,2015,7,6,,,,36.1602236254363,136.904645625957,
6106,2015,5,18,,,,36.1706986264597,137.527644438635,
6107,2015,6,13,,,,36.1672328169377,137.526349151888,
6108,2015,6,24,,,,36.1306143708392,137.549963424837,
6109,2015,7,7,,,,36.2308069634172,137.179540891604,
6110,2015,7,7,,,,36.0685400945986,137.46563636172,
6111,2015,7,7,,,,36.0418386902817,137.442686428653,
6112,2015,5,7,,,,36.0867426871657,137.30533414773,
6113,2015,7,5,,,,36.0073125278606,137.556877985974,
6114,2015,7,7,,,,36.2610642403815,137.432912726422,
6115,2015,7,7,,,,36.1205068240847,137.243247151309,
6116,2015,7,7,,,,36.0219979608386,137.389789682629,
6117,2015,7,7,,,,36.0419318629037,136.942633442,
6118,2015,7,5,,,,36.0215927796288,137.3898103976,
6119,2015,7,4,,,,36.0130377243155,136.99046062927,
6120,2015,7,7,,,,36.2441490363936,137.243577879682,
6121,2015,7,5,,,,36.1290323318227,137.219623204857,
6122,2015,7,5,,,,36.0186745969756,137.390864482274,
6123,2015,5,7,,,,36.2586026572683,137.249427270168,
6124,2015,7,5,,,,36.1181972818511,137.239549062077,
6125,2015,7,2,,,,36.0710880490615,137.47148830627,
6126,2015,7,8,,,,36.3788379803116,137.371884662454,
6127,2015,7,9,,,,36.3788524418726,137.371808130312,
6128,2015,7,9,,,,35.869471183931,137.182843315693,
6129,2015,7,5,,,,35.6033518742164,136.907982132241,
6130,2015,7,10,,,,36.035382059198,137.481078583759,
6131,2015,7,10,,,,36.2860799422144,137.575518843743,
6132,2015,7,11,,,,36.031549538275,136.948911253127,
6133,2015,7,14,,,,36.280368429935,136.908950843506,
6134,2015,4,3,,,,36.2033407396589,137.038468759789,
6135,2015,5,4,,,,36.2736292658276,137.24562131558,
6136,2015,7,11,,,,36.2577178048759,137.574587346695,
6137,2015,7,11,,,,36.0341703651255,136.93833554684,
6138,2015,7,12,,,,36.0348585484646,137.397290840167,
6139,2015,7,12,,,,36.046832467284,136.942571279157,
6140,2015,7,13,,,,36.0139595926423,137.387377826249,
6141,2015,7,13,,,,36.0440567576131,137.526409564998,
6142,2015,7,13,,,,36.0417714313291,136.94224924402,
6143,2015,7,13,,,,36.1156561236381,137.290419108412,
6144,2015,7,14,,,,36.1749489235795,137.385650468825,
6145,2015,7,14,,,,36.0210454792274,136.916992971187,
6146,2015,5,7,,,,35.6791593301253,137.143973498315,
6147,2015,7,15,,,,35.9620303802313,137.085085811583,
6148,2015,7,15,,,,36.1571309504525,137.27474497314,
6149,2015,7,16,,,,36.2800312119752,137.382280908955,
6150,2015,7,16,,,,36.1390191175383,137.35455632578,
6151,2015,7,16,,,,36.1697553085699,137.443535125323,
6152,2015,7,11,,,,35.9646985843837,136.908804942501,
6153,2015,7,13,,,,35.7262225324062,137.014437773595,
6154,2015,7,15,,,,35.5030515386087,136.69718590327,
6155,2015,4,21,,,,35.66245016034,136.948956006787,
6156,2015,4,28,,,,35.9983928214961,136.890992922739,
6157,2015,5,8,,,,36.2635297024343,137.254858170625,
6158,2015,7,13,,,,35.8317983200146,136.904585941045,
6159,2015,7,25,,,,35.9554954293512,137.130923090909,
6160,2015,7,25,,,,36.1755974254365,136.907770493476,
6161,2015,7,27,,,,36.2440791903539,136.890514648069,
6162,2015,7,25,,,,35.9750658789896,136.91263956971,
6163,2015,7,25,,,,35.9468191681253,136.904620647971,
6164,2015,7,28,,,,35.4486252322032,137.404432076859,
6165,2015,7,29,,,,35.3688356148895,137.391551683222,
6166,2015,7,25,,,,36.3347489108682,136.888873629674,
6167,2015,7,30,,,,36.3360228238303,137.145197960036,
6168,2015,5,10,,,,36.2860719458106,137.358135935615,
6169,2015,7,24,,,,36.2978650256659,137.156679740779,
6170,2015,7,11,,,,36.1241284886541,137.552309194716,
6171,2015,7,13,,,,36.1298613897366,137.554872589504,
6172,2015,7,14,,,,36.1299191009004,137.553638305805,
6173,2015,7,15,,,,36.1300020818703,137.55562288982,
6174,2015,7,16,,,,36.1736643120765,137.522441111124,
6175,2015,7,19,,,,36.1640010546827,137.536028368392,
6176,2015,7,19,,,,36.1646021158602,137.52659100241,
6177,2015,7,20,,,,36.1633476235939,137.527423445743,
6178,2015,7,20,,,,36.1242881576794,137.55181771684,
6179,2015,5,12,,,,36.26319580419,137.254820957784,
6180,2015,7,20,,,,36.1295884971511,137.557223047469,
6181,2015,7,21,,,,36.1299796535265,137.554256109693,
6182,2015,7,21,,,,36.1300742484177,137.554491667563,
6183,2015,7,21,,,,36.1674058279913,137.522045345173,
6184,2015,7,21,,,,36.1648128930606,137.531812087141,
6185,2015,7,22,,,,36.1307743174757,137.554593438357,
6186,2015,7,24,,,,36.1277666753412,137.549948912432,
6187,2015,7,24,,,,36.163618559502,137.536286775718,
6188,2015,7,25,,,,36.1639750055818,137.536729493642,
6189,2015,7,31,,,,36.3216573692582,136.896765179606,
6190,2015,5,14,,,,36.1769217993985,137.408444835995,
6191,2015,7,31,,,,36.1531093255928,136.912296181479,
6192,2015,7,26,,,,36.232928054857,136.839835195802,
6193,2015,7,17,,,,36.1068296699669,137.075999066611,
6194,2015,7,22,,,,35.9873830377397,137.528315033674,
6195,2015,7,19,,,,36.037792808638,137.48323504858,
6196,2015,7,22,,,,36.1321179374138,137.262233790761,
6197,2015,7,24,,,,36.0306027434251,137.433028731191,
6198,2015,7,24,,,,36.0638919624468,137.215703489008,
6199,2015,7,25,,,,36.2867709957149,137.576268876477,
6200,2015,7,25,,,,36.0147149309421,137.376873500242,
6201,2015,5,15,,,,36.1769243882802,137.408680188779,
6202,2015,7,27,,,,35.9870640833367,137.528934849317,
6203,2015,7,26,,,,36.0045366472666,137.544206091171,
6204,2015,7,26,,,,36.179652353022,137.290087771496,
6205,2015,7,26,,,,36.0254600121561,136.995017675107,
6206,2015,7,27,,,,36.0623869583263,137.048227611084,
6207,2015,7,29,,,,36.1235862764664,137.21964909798,
6208,2015,7,29,,,,36.1413990053883,137.427082322621,
6209,2015,7,28,,,,35.9488508398198,137.485112793558,
6210,2015,7,29,,,,35.9515273419638,137.485278284186,
6211,2015,7,29,,,,36.1827185567794,137.325492025427,
6212,2015,5,16,,,,36.176834569441,137.408571078202,
6213,2015,7,29,,,,36.07411169436,137.22783803156,
6214,2015,7,30,,,,36.0068422218864,137.392704582076,
6215,2015,7,30,,,,36.0173538922046,136.937461005521,
6216,2015,7,31,,,,36.0360457905157,137.493548421085,
6217,2015,7,31,,,,35.9730535975954,137.46754210291,
6218,2015,7,31,,,,36.0732556113477,137.471734702969,
6219,2015,7,31,,,,36.0133462097087,136.936819400572,
6220,2015,7,31,,,,36.0127733260639,136.936534843463,
6221,2015,7,31,,,,36.0749775884323,137.108395842684,
6222,2015,7,31,,,,36.1737559043921,137.453632368982,
6223,2015,5,14,,,,36.2527496869898,137.244218804244,
6224,2015,7,31,,,,36.1773963652016,137.48117088556,
6225,2015,7,28,,,,36.1880915476387,137.371632280912,
6226,2015,7,25,,,,36.1201681986886,137.246024386582,
6227,2015,7,25,,,,36.1227587774865,137.551835130984,
6228,2015,7,26,,,,36.1305849141889,137.554188312966,
6229,2015,7,27,,,,36.1307272531228,137.554431551353,
6230,2015,7,27,,,,36.1655339236802,137.527950879148,
6231,2015,7,28,,,,36.130071669442,137.554369553297,
6232,2015,7,31,,,,36.1300885151368,137.554678389887,
6233,2015,8,1,,,,36.1310583233636,137.55344857781,
6234,2015,5,19,,,,36.2830098127424,137.044876053265,
6235,2015,8,1,,,,36.1298023126453,137.560188753642,
6236,2015,8,2,,,,36.1239300304193,137.550988651973,
6237,2015,8,2,,,,36.1308752301234,137.554770478543,
6238,2015,8,2,,,,36.1305344987362,137.555033337424,
6239,2015,8,2,,,,36.1702516424492,137.527296461236,
6240,2015,8,3,,,,36.0917618814866,137.327223757259,
6241,2015,8,2,,,,36.0039102793432,137.543302170578,
6242,2015,8,1,,,,36.183321968989,137.424433783776,
6243,2015,8,1,,,,36.1003302288077,137.261436066601,
6244,2015,8,2,,,,36.2868394595385,137.25905128578,
6245,2015,4,12,,,,36.2817581402165,137.368501424666,
6246,2015,5,22,,,,36.2087076663689,136.89005031552,
6247,2015,8,2,,,,36.1799285272031,137.420671792943,
6248,2015,8,3,,,,36.0567500537353,137.555688789122,
6249,2015,8,3,,,,36.0330147387367,137.442915743936,
6250,2015,8,4,,,,36.0915096355838,137.192545729453,
6251,2015,8,4,,,,36.1192144919997,137.553713632647,
6252,2015,8,4,,,,36.1304667635387,137.554797798675,
6253,2015,8,5,,,,36.1379754803227,137.315088624363,
6254,2015,8,5,,,,36.1526653786093,137.285576620784,
6255,2015,8,1,,,,36.1435450847516,137.316456027269,
6256,2015,7,30,,,,35.8445247539593,137.004570981485,
6257,2015,5,19,,,,35.4716395973249,137.294479958598,
6258,2015,8,2,,,,35.805371307801,136.888995944485,
6259,2015,8,1,,,,35.9300951882542,136.829923775336,
6260,2015,8,1,,,,35.9402146574093,136.884224595514,
6261,2015,8,2,,,,36.0082541910143,136.906208815425,
6262,2015,8,6,,,,35.9523771530398,136.880595642939,
6263,2015,8,6,,,,35.3839890270184,137.456963488014,
6264,2015,8,6,,,,36.241198399541,137.337568041997,
6265,2015,8,5,,,,36.1186987088168,137.553927275393,
6266,2015,8,5,,,,36.1308203956304,137.555309616012,
6267,2015,8,6,,,,36.1195935532886,137.553777257834,
6268,2015,5,24,,,,36.1748776711965,137.375694670196,
6269,2015,8,3,,,,35.9391738263793,136.909037172749,
6270,2015,8,4,,,,35.944508084483,136.898909358942,
6271,2015,8,7,,,,36.0080361910971,137.3931877689,
6272,2015,8,7,,,,35.997670830671,136.919692512039,
6273,2015,8,7,,,,36.1731488852087,137.500462447747,
6274,2015,8,7,,,,36.1695810502331,137.441556668069,
6275,2015,8,7,,,,36.1826182183446,137.408950963154,
6276,2015,8,7,,,,36.1752460442807,137.397192622126,
6277,2015,8,8,,,,36.1836197772861,137.549361537103,
6278,2015,8,8,,,,36.1818036386152,137.422168603739,
6279,2015,5,24,,,,36.0807870818144,137.295495093195,
6280,2015,8,10,,,,36.0991580741373,137.072924754297,
6281,2015,8,7,,,,36.1305027624107,137.555258942448,
6282,2015,8,8,,,,36.1309898114656,137.553982650603,
6283,2015,8,9,,,,36.1306621570218,137.555744805062,
6284,2015,8,10,,,,36.1309662500283,137.555746306017,
6285,2015,8,10,,,,36.1642759122242,137.536390786691,
6286,2015,8,11,,,,36.2650885386986,137.563687433564,
6287,2015,8,9,,,,36.3102008468049,137.31732649978,
6288,2015,8,11,,,,35.9630702775191,137.136071307914,
6289,2015,8,11,,,,36.2446332720741,137.195884558341,
6290,2015,5,24,,,,36.0962227998961,137.25793310818,
6291,2015,8,11,,,,36.1309288784293,137.555319927988,
6292,2015,8,12,,,,36.164940834135,137.52655698237,
6293,2015,8,11,,,,36.1704443213308,137.528258540222,
6294,2015,8,12,,,,36.1317438862748,137.213155349476,
6295,2015,8,12,,,,36.1312721605382,137.555160075142,
6296,2015,8,8,,,,35.9459668773326,136.866556245371,
6297,2015,8,8,,,,35.9996680690841,136.912656860318,
6298,2015,8,8,,,,35.9848872311334,136.919230426842,
6299,2015,8,12,,,,35.9411950606649,136.882784205504,
6300,2015,8,13,,,,35.7485962589301,137.050586127406,
6301,2015,5,24,,,,36.2533766438254,137.245013945211,
6302,2015,8,17,,,,36.2735357628104,136.896265631738,
6303,2015,8,18,,,,36.1394165950396,137.360715666852,
6304,2015,8,17,,,,36.0304429175442,137.009385562858,
6305,2015,8,17,,,,35.5128475827642,136.643225537628,
6306,2015,8,11,,,,35.5323657034083,136.576754089751,
6307,2015,4,19,,,,35.4837213576175,136.540823122725,
6308,2015,6,19,,,,35.4409095698836,136.542030654168,
6309,2015,8,19,,,,36.1610116287448,137.536471266596,
6310,2015,8,20,,,,36.0359993102466,137.492644375238,
6311,2015,8,20,,,,36.0529159739873,137.60305239299,
6312,2015,5,22,,,,36.2838904360676,136.906987927471,
6313,2015,8,24,,,,36.2132617281747,137.315194976934,
6314,2015,8,24,,,,36.1720818400939,137.332653759132,
6315,2015,8,25,,,,36.2270740040929,137.534082031357,
6316,2015,8,27,,,,35.9849496186328,137.52420655334,
6317,2015,8,14,,,,35.9475997419954,136.915638243083,
6318,2015,8,15,,,,35.9409386948908,136.859383238421,
6319,2015,8,24,,,,35.8057757452316,136.888723667107,
6320,2015,8,28,,,,36.1342702350848,137.287315607871,
6321,2015,8,27,,,,36.1227421504702,137.24948063172,
6322,2015,8,31,,,,36.0379567888609,137.496727930246,
6323,2015,5,26,,,,36.3093091866799,137.320952122075,
6324,2015,9,1,,,,36.1706443523329,136.904125171803,
6325,2015,9,2,,,,36.1817344988779,137.542808028217,
6326,2015,9,1,,,,36.181804680299,137.333094847449,
6327,2015,9,2,,,,35.2749053450471,137.447792906266,
6328,2015,8,31,,,,35.9430155452929,136.901495313145,
6329,2015,9,4,,,,35.9901731841694,137.283427138072,
6330,2015,9,4,,,,36.1807474286205,137.322885226749,
6331,2015,9,5,,,,36.0888841913364,137.344334060347,
6332,2015,9,10,,,,35.3277417870021,137.522482227134,
6333,2015,9,7,,,,36.2173753537449,137.268228596994,
6334,2015,5,29,,,,36.1751381490435,137.379123405761,
6335,2015,7,26,,,,35.6215083555544,137.471594938192,
6336,2015,9,10,,,,35.4401532253514,137.279494435812,
6337,2015,9,11,,,,35.4282605462095,137.230159748636,
6338,2015,9,14,,,,35.3075093673851,137.502834864105,
6339,2015,9,16,,,,35.6983175436351,137.434932111558,
6340,2015,9,16,,,,35.701127765298,137.435644223718,
6341,2015,9,10,,,,35.6996404170504,137.431540908162,
6342,2015,9,13,,,,35.7030448838383,137.419035556931,
6343,2015,6,30,,,,35.6299382922702,137.437697366028,
6344,2015,6,30,,,,35.6931185486765,137.419310902157,
6345,2016,1,4,,,,35.6350954894227,136.61384937916,
6346,2015,9,15,,,,36.2769068359393,137.272393991438,
6347,2015,9,15,,,,36.2183253593002,137.192387890225,
6348,2015,6,22,,,,35.6891642324892,137.422052902936,
6349,2015,5,18,,,,35.6575688962644,137.425249154602,
6350,2015,4,23,,,,35.6881016691418,137.421173687928,
6351,2015,9,17,,,,35.7108191789184,137.020609675004,
6352,2015,9,18,,,,36.0717117816978,137.385633279796,
6353,2015,9,15,,,,35.3243498027567,137.332422669303,
6354,2015,9,23,,,,35.6561343224388,137.422736487857,
6355,2015,9,19,,,,36.1803299803607,137.391408575432,
6356,2015,4,1,,,,36.4306297086964,137.201832182662,
6357,2015,5,25,,,,36.2483040664129,137.07102236455,
6358,2015,9,24,,,,35.3622608115306,137.378970388806,
6359,2015,9,25,,,,36.2357517126084,137.238998844098,
6360,2015,5,17,,,,35.7733334053572,137.255234590251,
6361,2015,5,20,,,,35.7523128047333,137.257054811739,
6362,2015,5,20,,,,35.7516775322611,137.257405168483,
6363,2015,6,3,,,,35.8110357944848,137.249838526423,
6364,2015,6,28,,,,35.8135053073677,137.252546086654,
6365,2015,7,12,,,,35.7220968051657,137.204282154184,
6366,2015,9,21,,,,35.7861189820248,137.25030825997,
6367,2015,10,6,,,,36.0356731774859,137.483409777157,
6368,2016,1,22,,,,35.6155789585221,136.620399318638,
6369,2015,10,6,,,,36.0236618120237,136.918768180861,
6370,2015,10,8,,,,36.057598215754,136.942525442008,
6371,2015,10,8,,,,36.2344138330863,136.885338902724,
6372,2015,10,12,,,,35.7434678838088,137.009207253628,
6373,2015,10,12,,,,36.2551640930376,137.133037162237,
6374,2015,10,20,,,,35.9560169554623,136.879564948719,
6375,2015,10,28,,,,35.4524784013969,137.385592960619,
6376,2015,10,23,,,,35.6319483517009,136.715941375326,
6377,2015,10,26,,,,35.4463784834452,137.386548783132,
6378,2015,11,3,,,,36.1969547802448,137.166504318111,
6379,2015,6,1,,,,36.2978662033321,137.143659003572,
6380,2015,11,4,,,,35.380913553439,137.314778823982,
6381,2015,11,13,,,,35.4465732298755,137.387217076828,
6382,2015,11,16,,,,35.4467158929337,137.427933498306,
6383,2015,11,17,,,,35.443446324974,137.425419743,
6384,2015,10,22,,,,36.3075339025932,136.897818051452,
6385,2015,12,4,,,,35.344400666662,137.381150394975,
6386,2015,11,4,,,,36.1379950506894,137.265363452409,
6387,2015,11,4,,,,36.1004499442121,137.324585398821,
6388,2015,11,13,,,,36.1386279035396,137.203146146212,
6389,2015,10,20,,,,35.5326558770224,136.579751133497,
6390,2015,5,17,,,,35.6051731277828,136.627872551744,
6391,2015,12,9,,,,35.472725431051,137.375157497702,
6392,2015,12,14,,,,35.3767163420743,137.386748375237,
6393,2015,12,28,,,,35.4322152673904,137.409759464143,
6394,2016,1,11,,,,35.5372916091393,136.791483800651,
6395,2016,1,28,,,,35.445378296978,137.383386215301,
6396,2016,2,25,,,,35.4249398190364,137.352296341844,
6397,2016,3,13,,,,35.4376558766046,137.410879807756,
6398,2016,3,13,,,,35.4427815421066,137.410047041237,
6399,2016,3,28,,,,35.4143563063864,137.372568049659,
6400,2015,6,2,,,,36.2759145547713,137.246978253071,
6401,2016,3,30,,,,35.4379382924329,137.414504736266,
6402,2015,6,1,,,,35.5656411489552,136.636492406237,
6403,2015,6,2,,,,36.2625066829953,137.141479181701,
6404,2015,6,2,,,,36.1264085333414,137.231054430598,
6405,2015,6,2,,,,36.0803414758319,137.359558121566,
6406,2015,4,9,,,,36.361385083404,137.195279499179,
6407,2015,4,14,,,,36.3980263444936,137.397035193258,
6408,2015,4,26,,,,36.348867227258,137.189526662582,
6409,2015,4,22,,,,36.2979989679451,137.143691364779,
6410,2015,4,23,,,,36.4125323561893,137.193306894083,
6411,2015,4,9,,,,36.3514363826643,137.191377491631,
6412,2015,4,26,,,,36.3080531440492,137.11867927024,
6413,2015,6,4,,,,36.3153755328362,137.30446884353,
6414,2015,6,4,,,,36.0871042540737,137.301257075326,
6415,2015,6,4,,,,36.0781265195011,137.479751533549,
6416,2015,6,1,,,,36.0765740593637,137.11061411272,
6417,2015,6,3,,,,35.3909511837142,136.541406144233,
6418,2015,4,16,,,,36.3293636563658,136.892001171637,
6419,2015,6,8,,,,35.56235521609,137.454057623393,
6420,2015,6,7,,,,36.2025838944261,137.157293591348,
6421,2015,6,5,,,,35.4786199270498,136.732741629958,
6422,2015,6,6,,,,36.1544253709466,137.310077978356,
6423,2015,6,7,,,,36.1543318320704,137.310064582693,
6424,2015,6,6,,,,35.9507348618238,136.928159839299,
6425,2015,6,6,,,,36.4072555636977,137.301369204197,
6426,2015,6,9,,,,36.2202116618192,137.253652057982,
6427,2015,6,9,,,,36.4117487775105,137.320488779011,
6428,2015,4,22,,,,36.3226568249815,137.304641151262,
6429,2015,6,9,,,,35.9562911951757,137.134020364024,
6430,2015,6,10,,,,35.856055764579,137.183408470903,
6431,2015,6,10,,,,36.2317791474478,137.17337930622,
6432,2015,6,10,,,,36.0344909049255,137.438343228922,
6433,2015,6,10,,,,36.1703515787862,137.429058675662,
6434,2015,6,14,,,,35.5671975521539,137.463798330862,
6435,2015,6,15,,,,36.3093133560858,137.31378364453,
6436,2015,6,15,,,,36.3315659036532,137.304495902248,
6437,2015,6,2,,,,35.4299405508131,137.457324554219,
6438,2015,6,16,,,,36.3097151851565,137.320972632205,
6439,2015,4,22,,,,36.3224895877205,137.304841221197,
6440,2015,6,14,,,,35.7280533196331,137.131204504592,
6441,2015,6,15,,,,36.0852996532588,137.300126609181,
6442,2015,6,15,,,,36.0426759201932,137.320853552471,
6443,2015,6,16,,,,36.2972388115835,137.339419640537,
6444,2015,6,15,,,,36.1761295174972,137.310615330678,
6445,2015,6,15,,,,36.1756709565546,137.400840042407,
6446,2015,6,10,,,,36.0036072169805,137.380352803344,
6447,2015,6,17,,,,36.2133028996703,137.315136441461,
6448,2015,6,17,,,,36.1935648248688,137.323372132238,
6449,2015,6,16,,,,36.3972200370499,137.386878477809,
6450,2015,4,23,,,,36.2326069524688,137.014795042986,
6451,2015,6,18,,,,36.3084393443046,137.325034486297,
6452,2015,6,15,,,,35.7527765139233,137.097407812271,
6453,2015,6,19,,,,36.0042488850285,137.392973497127,
6454,2015,6,17,,,,36.0072183184233,137.392813258046,
6455,2015,6,15,,,,35.3992238963843,136.545434631188,
6456,2015,6,18,,,,35.3619976402108,137.420716167369,
6457,2015,6,16,,,,36.316780586287,136.902007119992,
6458,2015,6,15,,,,36.3298094038132,136.890115851542,
6459,2015,6,19,,,,36.3494097454319,136.874577771071,
6460,2015,6,2,,,,36.2623922896782,136.872347780501,
6461,2015,1,4,,,,35.6350820020553,136.613778035222,
6462,2015,1,13,,,,35.6359060114506,137.464904713755,
6463,2015,1,14,,,,35.5250723984325,137.401524234657,
6464,2015,1,21,,,,35.4673062290694,137.379431211068,
6465,2015,1,31,,,,35.5271611633719,137.397431302654,
6466,2015,2,7,,,,35.4778794104411,136.802168021277,
6467,2015,2,23,,,,35.5708594793583,137.45236658398,
6468,2015,3,12,,,,35.4599179391956,137.366312623479,
6469,2015,3,14,,,,35.4874772592149,136.822478912466,
6470,2015,3,18,,,,35.3372569099236,137.372912549299,
6471,2015,3,26,,,,36.243597739338,136.912521776741,
6472,2015,3,27,,,,36.1618979615201,136.91212385558,
6473,2015,3,30,,,,36.1380908465663,136.902984074958,
6474,2015,3,31,,,,36.2909581979532,136.930749281652,
6475,2014,4,2,,,,36.222286368139,136.996369392308,
6476,2014,4,3,,,,36.3845237849883,137.18519088675,
6477,2014,4,3,,,,36.2688286649675,137.022186107533,
6478,2014,4,4,,,,35.6161194257602,137.457504271143,
6479,2014,4,6,,,,36.1977511269857,136.884908242518,
6480,2014,4,7,,,,36.3152871197774,136.908534822926,
6481,2014,4,8,,,,36.3612957903324,137.195559603954,
6482,2014,4,10,,,,36.3544034052133,137.199124093249,
6483,2014,4,10,,,,36.0924966145745,137.159304142092,
6484,2014,4,10,,,,35.47039764575,137.308289004524,
6485,2014,4,12,,,,36.4386500374714,137.219581711415,
6486,2014,4,14,,,,36.2141127239977,137.202241439793,
6487,2014,4,14,,,,36.3116248106195,137.303188171263,
6488,2014,4,14,,,,36.4287285502339,137.19911842455,
6489,2014,4,15,,,,36.0921299504714,137.159124164571,
6490,2014,4,16,,,,36.2492641568406,137.175680008568,
6491,2014,4,16,,,,36.0918983997509,137.15905822331,
6492,2014,4,17,,,,36.4269425287473,137.20008393131,
6493,2014,4,17,,,,36.2979023276611,137.144042450474,
6494,2014,4,20,,,,36.4385813206279,137.219470792661,
6495,2014,4,20,,,,36.247935515198,136.901470133941,
6496,2014,4,22,,,,35.5834218224877,136.764315224881,
6497,2014,4,23,,,,36.147285650372,136.905831717768,
6498,2014,4,24,,,,35.4294235019449,137.350222758782,
6499,2014,4,28,,,,36.4386349068271,137.21955805436,
6500,2014,4,28,,,,35.4387892593205,137.418103987543,
6501,2014,4,29,,,,36.4386337273341,137.219575788646,
6502,2014,4,29,,,,35.7418577857584,137.15725524727,
6503,2014,4,30,,,,36.3701921929739,136.869704032805,
6504,2014,4,30,,,,36.2916757736436,137.066073861028,
6505,2014,5,6,,,,36.0001527333132,137.354033254656,
6506,2014,5,6,,,,36.26288845338,137.159214842094,
6507,2014,5,7,,,,35.4275519386114,137.262548661851,
6508,2014,5,7,,,,36.1736804717166,137.058254377455,
6509,2014,5,8,,,,35.5404534371409,137.537182724503,
6510,2014,5,8,,,,35.9478226277632,136.870587163873,
6511,2014,5,12,,,,36.2729823707947,137.147156842336,
6512,2014,5,12,,,,35.5012330559367,137.526223695669,
6513,2014,5,12,,,,35.4728296716279,137.373668748284,
6514,2014,5,13,,,,36.2854348952319,137.247222786869,
6515,2014,5,15,,,,36.3164779307646,136.9179098768,
6516,2014,5,15,,,,35.3631900342516,137.426188782377,
6517,2014,5,16,,,,35.3967547005057,137.250505865466,
6518,2014,5,17,,,,36.313583157811,137.302824087947,
6519,2014,5,18,,,,36.1412253705806,137.551304338073,
6520,2014,5,19,,,,36.2704162529724,136.892661988593,
6521,2014,5,20,,,,36.1276329318811,137.557532768949,
6522,2014,5,23,,,,35.6443972068572,136.625860532217,
6523,2014,5,25,,,,36.1194641161563,137.54306100972,
6524,2014,5,25,,,,36.1447724717848,137.548415338553,
6525,2014,5,28,,,,36.2710284939128,137.329143431827,
6526,2014,5,28,,,,36.2828993177866,137.165276509626,
6527,2014,5,29,,,,36.2759893098553,137.152920819259,
6528,2014,5,29,,,,36.3485542903992,137.190072159655,
6529,2014,5,29,,,,35.3433603114143,137.395566159504,
6530,2014,5,29,,,,35.6038746556825,136.79368925035,
6531,2014,5,30,,,,36.2637634320805,136.861884990141,
6532,2014,5,30,,,,36.1652435758115,137.529692857107,
6533,2014,6,1,,,,35.5497683513059,137.534063161466,
6534,2014,6,1,,,,36.3420970437647,137.173814657055,
6535,2014,6,2,,,,36.3301363033616,137.143576338382,
6536,2014,6,2,,,,35.4300161177661,137.400533390772,
6537,2014,6,2,,,,35.5523632759061,137.535563385325,
6538,2014,6,3,,,,36.2399470964187,137.172950435424,
6539,2014,6,3,,,,35.7320285358688,136.977666570832,
6540,2014,6,3,,,,36.2330459591993,136.884882233715,
6541,2014,6,3,,,,36.1771276064734,137.27394021452,
6542,2014,6,4,,,,35.9407622486194,137.219947100239,
6543,2014,6,4,,,,36.0415284646885,136.953172543394,
6544,2014,6,4,,,,36.1368801761608,137.327277624055,
6545,2014,6,4,,,,36.3518314642611,137.182570844281,
6546,2014,6,5,,,,35.5377246189517,136.754074605427,
6547,2014,6,5,,,,36.2985348947187,137.181493476419,
6548,2014,6,6,,,,36.1340936326194,137.323595912399,
6549,2014,6,6,,,,36.2699531396082,137.269328958804,
6550,2014,6,7,,,,35.7827046899805,137.278432459708,
6551,2014,6,7,,,,36.0623162431517,137.27213268737,
6552,2014,6,7,,,,36.0490011285053,136.944951172662,
6553,2014,6,8,,,,36.1757293428339,137.367726227951,
6554,2014,6,9,,,,36.0480860701553,136.949606562937,
6555,2014,6,9,,,,35.9662785654482,137.194649646795,
6556,2014,6,10,,,,36.0943155487277,137.140998350741,
6557,2014,6,10,,,,35.4388594450111,137.442438342847,
6558,2014,6,10,,,,36.1742036927973,137.291269029742,
6559,2014,6,10,,,,36.1760431840057,137.371284624016,
6560,2014,6,10,,,,36.0463599729609,136.952873157395,
6561,2014,6,10,,,,36.1944053406682,137.338437132928,
6562,2014,6,11,,,,36.1731104090435,137.344753438873,
6563,2014,6,13,,,,35.5166879773703,136.535313185507,
6564,2014,6,13,,,,36.2549374190068,137.475923316827,
6565,2014,6,13,,,,36.1730624012753,137.291508448332,
6566,2014,6,14,,,,36.2410036213184,137.113628917547,
6567,2014,6,14,,,,36.1557394867512,137.293270993035,
6568,2014,6,14,,,,35.9117807073131,137.313008577731,
6569,2014,6,15,,,,35.8130382837562,137.242118217288,
6570,2014,6,15,,,,35.3430701969886,137.392904627565,
6571,2014,6,16,,,,36.3480731311537,137.178133537454,
6572,2014,6,16,,,,35.9902916759671,137.285752585088,
6573,2014,6,16,,,,36.1379863648917,137.295145965503,
6574,2014,6,16,,,,35.9279945661976,137.306261268255,
6575,2014,6,16,,,,36.2542232495746,137.028107766475,
6576,2014,6,17,,,,35.7930555032966,137.306430562981,
6577,2014,6,17,,,,36.2763906568807,137.152207695837,
6578,2014,6,17,,,,35.5603270065921,136.656553625665,
6579,2014,6,17,,,,36.1385260884553,137.292148072338,
6580,2014,6,17,,,,35.9836416194391,137.524992900092,
6581,2014,6,17,,,,36.1418072348446,137.292961692963,
6582,2014,6,17,,,,35.8175954760825,137.238506401092,
6583,2014,6,17,,,,35.9834049806101,137.529445880087,
6584,2014,6,18,,,,36.2888894538024,137.049895262575,
6585,2014,6,18,,,,36.3014343331729,137.103707656147,
6586,2014,6,18,,,,36.1431725016099,137.29004582783,
6587,2014,6,19,,,,36.2591148738667,137.184334936598,
6588,2014,6,19,,,,35.9442306075964,137.272214198684,
6589,2014,6,19,,,,35.4672931453579,136.459451607113,
6590,2014,6,20,,,,36.2866848268439,137.048057570063,
6591,2014,6,20,,,,35.4827364732285,136.427840772483,
6592,2014,6,20,,,,36.1833258154051,137.256902359631,
6593,2014,6,20,,,,35.370236357547,136.446272308269,
6594,2014,6,21,,,,36.1598004639222,137.268630988771,
6595,2014,6,21,,,,36.3081369999457,137.325212934013,
6596,2014,6,23,,,,36.1320265437122,137.317739074048,
6597,2014,6,23,,,,36.1365965201094,137.326751151547,
6598,2014,6,23,,,,36.2508515874306,137.095659422942,
6599,2014,6,24,,,,36.277394664181,137.156356428443,
6600,2014,6,24,,,,36.3510475872575,137.179961536329,
6601,2014,6,24,,,,36.1742966677778,137.496107200209,
6602,2014,6,24,,,,36.3003133513271,137.102237923537,
6603,2014,6,24,,,,35.8146615308957,137.26851509584,
6604,2014,6,24,,,,36.2833325357223,137.102602318684,
6605,2014,6,24,,,,35.4957619610207,136.537361290687,
6606,2014,6,24,,,,36.3065324061683,137.110960989571,
6607,2014,6,25,,,,35.4920135924794,137.298922915131,
6608,2014,6,25,,,,36.2828041175422,137.044323784246,
6609,2014,6,25,,,,36.2661125258074,137.099767330586,
6610,2014,6,25,,,,36.25355664239,136.908100299674,
6611,2014,6,25,,,,36.3309501931227,137.307171351551,
6612,2014,6,25,,,,36.3337526832872,137.1495874173,
6613,2014,6,26,,,,35.9406973601591,137.24963367205,
6614,2014,6,26,,,,36.2770976240862,137.154665093948,
6615,2014,6,27,,,,35.9201058091516,137.32211277451,
6616,2014,6,28,,,,36.3531760797217,137.177684597094,
6617,2014,6,28,,,,36.3001492789178,137.102164237459,
6618,2014,6,28,,,,36.2947896346743,137.191293369762,
6619,2014,6,28,,,,35.553742205348,137.52875669887,
6620,2014,6,28,,,,36.0087325107202,136.902904231189,
6621,2014,6,28,,,,36.346467935276,137.188162861825,
6622,2014,6,29,,,,35.9111108376319,137.332947438576,
6623,2014,6,30,,,,35.644263843678,136.340724088954,
6624,2014,6,30,,,,36.1803840874838,137.481469321827,
6625,2014,6,30,,,,36.2665146149112,136.857575058965,
6626,2014,6,30,,,,36.2993701931154,137.246844407587,
6627,2014,6,30,,,,36.1300110148195,137.293529860017,
6628,2014,6,30,,,,36.3822312353874,137.376094862952,
6629,2014,6,30,,,,35.5111240682785,136.535181681465,
6630,2014,6,30,,,,35.4905261020524,137.549467437052,
6631,2014,6,30,,,,35.5533291489386,137.44849577629,
6632,2014,6,30,,,,35.5456476864792,137.44811585586,
6633,2014,6,30,,,,36.261361003323,137.446083389412,
6634,2014,6,30,,,,36.3811262287356,137.366876243171,
6635,2014,6,30,,,,35.5474637431986,137.442603892968,
6636,2014,7,1,,,,35.394076961294,136.531403051221,
6637,2014,7,1,,,,35.7802150040644,137.316731492992,
6638,2014,7,1,,,,35.3621139218351,136.445100048551,
6639,2014,7,1,,,,36.3078209944822,137.384634815463,
6640,2014,7,1,,,,35.5119712575043,137.376905194988,
6641,2014,7,1,,,,35.7497190756286,137.215379894639,
6642,2014,7,2,,,,35.8118009584817,137.241605031603,
6643,2014,7,2,,,,35.9444847545509,137.271938870622,
6644,2014,7,2,,,,36.248538114513,137.065523975183,
6645,2014,7,2,,,,36.1361076655936,137.543552147131,
6646,2014,7,2,,,,35.7497905891448,137.215514504643,
6647,2014,7,3,,,,36.2696653242215,137.022334376756,
6648,2014,7,3,,,,36.3005372356553,137.084464379896,
6649,2014,7,3,,,,35.4396356699275,137.532651530815,
6650,2014,7,3,,,,36.1381249559158,137.554086605937,
6651,2014,7,4,,,,35.9240716885732,137.4468201965,
6652,2014,7,4,,,,36.2707707524434,137.337911163501,
6653,2014,7,4,,,,36.0160969243031,136.982617703527,
6654,2014,7,5,,,,36.1490758296903,137.54502563479,
6655,2014,7,5,,,,36.1579138795989,137.54030422484,
6656,2014,7,6,,,,36.1478346408346,137.545372503338,
6657,2014,7,7,,,,36.2767457137301,137.153343444659,
6658,2014,7,7,,,,36.2798970644676,137.375496228624,
6659,2014,7,7,,,,36.2503113500264,136.900681527231,
6660,2014,7,7,,,,36.2976872767393,137.143541257936,
6661,2014,7,8,,,,36.2333954432678,137.531455101129,
6662,2014,7,8,,,,36.245171061713,137.121006257147,
6663,2014,7,9,,,,35.9898797000079,137.286095553472,
6664,2014,7,9,,,,35.9692767394751,136.919625193715,
6665,2014,7,9,,,,35.6156938693358,136.676166062083,
6666,2014,7,9,,,,36.1179836214482,137.254904637002,
6667,2014,7,9,,,,35.9953788217266,136.877373904968,
6668,2014,7,10,,,,36.2948910967845,137.190512376375,
6669,2014,7,10,,,,35.5013954933434,137.527610232165,
6670,2014,7,10,,,,36.1751044839212,137.419884616172,
6671,2014,7,11,,,,36.1019692930842,137.073435639324,
6672,2014,7,11,,,,36.174347754258,137.505096558566,
6673,2014,7,12,,,,36.1364271974098,137.544317788533,
6674,2014,7,12,,,,36.1757323361197,137.349735783995,
6675,2014,7,12,,,,36.2702667092057,137.269627991047,
6676,2014,7,13,,,,36.1739046265475,137.423085857168,
6677,2014,7,13,,,,35.310336649124,137.205103505447,
6678,2014,7,13,,,,36.1731030930285,137.500400113223,
6679,2014,7,14,,,,35.5540494077976,137.239553777189,
6680,2014,7,15,,,,35.5520071523174,136.460018600376,
6681,2014,7,15,,,,36.1980495231468,137.344799339259,
6682,2014,7,15,,,,35.9222044447259,136.918269289001,
6683,2014,7,16,,,,36.1692768168053,137.225726634974,
6684,2014,7,16,,,,35.7436444446454,137.263275498414,
6685,2014,7,16,,,,36.2701622895836,137.021291126048,
6686,2014,7,16,,,,36.176500154772,137.319609549739,
6687,2014,7,17,,,,35.5928902131098,137.455492864456,
6688,2014,7,17,,,,35.9875457901034,137.527425563162,
6689,2014,7,17,,,,36.2845086276799,137.129732014747,
6690,2014,7,18,,,,35.9459816363649,137.261624411389,
6691,2014,7,18,,,,35.5702992621525,137.45913543887,
6692,2014,7,18,,,,35.4905658592803,137.454561272659,
6693,2014,7,18,,,,36.2511661583644,137.06809681213,
6694,2014,7,18,,,,35.5762342633006,137.205921244844,
6695,2014,7,20,,,,35.5257840342435,136.561636802846,
6696,2014,7,20,,,,35.4743898398357,137.350553885826,
6697,2014,7,20,,,,35.9494119405433,137.264077517996,
6698,2014,7,22,,,,35.7639863313926,137.25715571493,
6699,2014,7,22,,,,35.3563272947594,137.416861227716,
6700,2014,7,22,,,,36.1301026530365,137.553400225412,
6701,2014,7,22,,,,36.1351015999603,137.556129381172,
6702,2014,7,22,,,,35.791744022938,137.270593130924,
6703,2014,7,23,,,,35.9630070924375,137.136063904083,
6704,2014,7,23,,,,36.2416591010968,137.194426378402,
6705,2014,7,23,,,,36.2451952944797,137.192442978423,
6706,2014,7,23,,,,36.131211122359,137.553523322854,
6707,2014,7,24,,,,36.1777231867074,136.906591433458,
6708,2014,7,24,,,,36.0526148985696,137.605137959246,
6709,2014,7,25,,,,35.4140029967082,137.372167017017,
6710,2014,7,25,,,,36.1981631201241,136.902787337323,
6711,2014,7,25,,,,36.1620558070756,137.269448515064,
6712,2014,7,25,,,,35.495248617665,137.443386591016,
6713,2014,7,25,,,,35.9606890381907,137.261128707426,
6714,2014,7,25,,,,35.5410852942666,136.432222721402,
6715,2014,7,25,,,,35.4708619326498,136.496972355891,
6716,2014,7,26,,,,36.1159862346865,137.560428838695,
6717,2014,7,27,,,,35.4655644394354,136.539320597408,
6718,2014,7,27,,,,36.1669037167064,137.275064954194,
6719,2014,7,27,,,,36.2986427845835,137.155177418136,
6720,2014,7,28,,,,35.7883794797111,137.272516623376,
6721,2014,7,28,,,,36.1126816179114,137.549979013434,
6722,2014,7,28,,,,36.1297207604283,137.553515786638,
6723,2014,7,29,,,,36.097012237984,137.302233275697,
6724,2014,7,29,,,,36.0460984414286,137.469902752883,
6725,2014,7,29,,,,36.1290649863243,137.553512568572,
6726,2014,7,29,,,,36.1721278130396,137.528209692805,
6727,2014,7,29,,,,35.475296666192,137.519755581324,
6728,2014,7,29,,,,36.1327153716598,137.224410721334,
6729,2014,7,31,,,,36.1362516533388,137.550799173405,
6730,2014,7,31,,,,36.1219206857142,137.561516500956,
6731,2014,7,31,,,,35.5376447738535,136.430095295776,
6732,2014,8,1,,,,36.1295879609255,137.554029647188,
6733,2014,8,3,,,,36.0051899302177,137.549831540228,
6734,2014,8,3,,,,36.1295593824412,137.553669426091,
6735,2014,8,4,,,,36.1932133271588,137.341770517701,
6736,2014,8,4,,,,36.1573206025426,137.298808718136,
6737,2014,8,4,,,,36.1324711527296,137.232716314965,
6738,2014,8,4,,,,35.5543827616824,136.508886565364,
6739,2014,8,4,,,,35.9273426456692,137.439926854156,
6740,2014,8,5,,,,36.2405577464285,137.112604297629,
6741,2014,8,5,,,,36.1731585239634,137.35965205806,
6742,2014,8,5,,,,36.1740675704038,137.355412337799,
6743,2014,8,5,,,,35.9629958502374,137.136159809854,
6744,2014,8,5,,,,36.0064858428833,136.877619975264,
6745,2014,8,6,,,,36.2603343584019,137.192084709415,
6746,2014,8,6,,,,36.1532542966488,136.908943642174,
6747,2014,8,7,,,,36.1283564331475,137.554890842582,
6748,2014,8,7,,,,35.9118486355245,137.332712762829,
6749,2014,8,7,,,,36.1254531057808,137.549365076543,
6750,2014,8,7,,,,36.118244275907,137.290018037165,
6751,2014,8,7,,,,36.1427236328834,137.555035181395,
6752,2014,8,8,,,,36.1205659960133,137.54882712639,
6753,2014,8,8,,,,35.9488358031163,136.901094768928,
6754,2014,8,8,,,,36.1219850049764,137.548995640997,
6755,2014,8,9,,,,36.1686488126614,137.444846779467,
6756,2014,8,9,,,,36.1344667282733,137.553318973322,
6757,2014,8,9,,,,36.135160487006,137.552499054502,
6758,2014,8,9,,,,36.1195502436233,137.549557159706,
6759,2014,8,10,,,,35.9126001602348,137.332523760259,
6760,2014,8,10,,,,36.1694660869289,137.357744749566,
6761,2014,8,12,,,,35.9903823048204,136.862844868048,
6762,2014,8,12,,,,36.1533331051624,137.300644661673,
6763,2014,8,12,,,,36.2594708705203,137.193178372767,
6764,2014,8,13,,,,36.1043353432189,137.549880042712,
6765,2014,8,13,,,,36.1215102969053,137.548258698546,
6766,2014,8,13,,,,36.1192678988787,137.563178968352,
6767,2014,8,13,,,,36.1494368819746,137.547614914703,
6768,2014,8,13,,,,36.1433348914661,137.554200563196,
6769,2014,8,13,,,,36.1283604555956,137.553759308625,
6770,2014,8,13,,,,36.1816818845527,137.46886809529,
6771,2014,8,13,,,,36.1215954993314,137.551433522225,
6772,2014,8,14,,,,36.1519127331972,137.244225757808,
6773,2014,8,14,,,,36.1537029615586,136.912485307417,
6774,2014,8,14,,,,36.0411798178198,137.263406137384,
6775,2014,8,18,,,,36.131250349478,137.554269690512,
6776,2014,8,18,,,,36.1408079691268,137.548377907809,
6777,2014,8,18,,,,36.1209766079576,137.560274013409,
6778,2014,8,18,,,,35.3577806873385,137.418838526927,
6779,2014,8,18,,,,36.1524658648334,137.541847814639,
6780,2014,8,18,,,,36.1479106514049,137.549529597361,
6781,2014,8,19,,,,36.1291497063887,137.554906081492,
6782,2014,8,19,,,,36.1320564796014,137.55568469095,
6783,2014,8,19,,,,36.2933195602018,137.207697560563,
6784,2014,8,20,,,,36.1282306910133,137.553361711706,
6785,2014,8,20,,,,36.1209528423615,137.554795734569,
6786,2014,8,20,,,,36.146104835604,137.556757173537,
6787,2014,8,20,,,,36.0500260622054,137.476611076245,
6788,2014,8,20,,,,36.1721388305397,136.903281912628,
6789,2014,8,20,,,,36.1316276143773,137.553745798496,
6790,2014,8,20,,,,36.1185624960252,137.556547463628,
6791,2014,8,20,,,,36.1357176626024,137.258652599209,
6792,2014,8,20,,,,36.1375691477847,137.258262417587,
6793,2014,8,21,,,,36.2701613534961,137.395724541981,
6794,2014,8,21,,,,36.0469762150098,137.250823497114,
6795,2014,8,21,,,,36.1236991982482,137.271107010543,
6796,2014,8,21,,,,36.2965543728467,137.143099688526,
6797,2014,8,21,,,,36.1316829970271,137.555068994226,
6798,2014,8,21,,,,36.2097726265614,137.352330287727,
6799,2014,8,21,,,,36.128819514108,137.555642830392,
6800,2014,8,22,,,,36.1186921572479,137.551485230673,
6801,2014,8,22,,,,36.1145793059999,137.55493321144,
6802,2014,8,22,,,,35.8518573906822,137.181298379888,
6803,2014,8,22,,,,36.2306854798274,136.879982686494,
6804,2014,8,22,,,,36.2197534223076,136.880625999883,
6805,2014,8,22,,,,36.2214567370084,136.879898793529,
6806,2014,8,22,,,,36.1305030607957,137.556775389299,
6807,2014,8,23,,,,36.1710268688761,136.907979169532,
6808,2014,8,23,,,,36.1397185401889,137.553528415385,
6809,2014,8,23,,,,36.1239050603116,137.561739737973,
6810,2014,8,23,,,,36.1204831314606,137.558077988708,
6811,2014,8,25,,,,35.6669158902763,136.578232442136,
6812,2014,8,25,,,,35.5345414297103,137.390674552382,
6813,2014,8,25,,,,35.5096004855307,136.604357662949,
6814,2014,8,26,,,,36.0412267639872,136.983801085799,
6815,2014,8,26,,,,36.0587168368718,137.555316067486,
6816,2014,8,26,,,,35.3288198210457,137.52366555083,
6817,2014,8,26,,,,36.1363981210823,137.553401782138,
6818,2014,8,26,,,,35.7862162098832,137.072156960223,
6819,2014,8,27,,,,36.0675734415168,137.476321873712,
6820,2014,8,27,,,,36.3477746875459,137.184919246421,
6821,2014,8,27,,,,36.2781394776146,137.037245460613,
6822,2014,8,27,,,,36.1219279168222,137.548187066192,
6823,2014,8,27,,,,36.2544924369915,137.028007251325,
6824,2014,8,27,,,,36.1282589817397,137.562988876187,
6825,2014,8,27,,,,36.1203920331582,137.562214482494,
6826,2014,8,28,,,,36.1211086853493,137.561850592296,
6827,2014,8,28,,,,36.3175372049628,137.133620467244,
6828,2014,8,28,,,,36.1455156525217,137.554622560574,
6829,2014,8,28,,,,36.1535193756524,136.912065028044,
6830,2014,8,28,,,,36.119032652853,137.55860711684,
6831,2014,8,29,,,,36.1231963692369,137.561493671652,
6832,2014,8,29,,,,36.2785124602938,136.902971763707,
6833,2014,8,29,,,,35.7143423202188,136.547583145646,
6834,2014,8,29,,,,36.0291172657133,137.431204637042,
6835,2014,8,30,,,,35.8680146261033,137.064185810857,
6836,2014,8,30,,,,36.1212557968561,137.553254074311,
6837,2014,8,30,,,,36.1209998865661,137.558617005541,
6838,2014,8,30,,,,36.1106235954406,137.559520577754,
6839,2014,8,31,,,,36.1193912435955,137.558315072951,
6840,2014,8,31,,,,36.0103594082881,136.992158678917,
6841,2014,8,31,,,,36.1132608344836,137.555198642128,
6842,2014,8,31,,,,36.1214667091419,137.561705525197,
6843,2014,8,31,,,,36.2168864891735,137.134084281132,
6844,2014,8,31,,,,35.7401282517092,137.122466656825,
6845,2014,8,31,,,,36.1772050230884,136.906794584862,
6846,2014,8,31,,,,35.9837183685354,137.525610499882,
6847,2014,8,31,,,,36.173085340312,136.904006644128,
6848,2014,8,31,,,,36.2749280928291,137.030562150943,
6849,2014,8,31,,,,36.1314434737305,137.555361796159,
6850,2014,9,1,,,,36.120053727423,137.556260785468,
6851,2014,9,1,,,,35.516536639546,136.548681772469,
6852,2014,9,1,,,,36.3007710896867,137.103379944719,
6853,2014,9,1,,,,36.3430473249421,137.179459076792,
6854,2014,9,1,,,,36.1857336452132,136.89815474686,
6855,2014,9,1,,,,36.1229264888148,137.552821339604,
6856,2014,9,1,,,,36.264768544921,137.022467257131,
6857,2014,9,1,,,,36.1160470164416,137.560061791816,
6858,2014,9,2,,,,35.2972515732825,137.243556220716,
6859,2014,9,2,,,,36.1448318330124,137.554067688642,
6860,2014,9,2,,,,35.8912981770306,137.166373461989,
6861,2014,9,2,,,,36.1984387650313,136.898945141132,
6862,2014,9,2,,,,36.2776767456054,136.899417499309,
6863,2014,9,2,,,,36.213961438287,136.887827529201,
6864,2014,9,2,,,,36.1193507420238,137.552436463733,
6865,2014,9,2,,,,36.1125440531899,137.555635979071,
6866,2014,9,3,,,,36.126596657396,137.56084922497,
6867,2014,9,3,,,,36.2728026845858,136.903262548785,
6868,2014,9,3,,,,36.1060585991303,137.13704134915,
6869,2014,9,3,,,,36.2721121192307,137.024663473442,
6870,2014,9,3,,,,36.3156191405805,137.349618860857,
6871,2014,9,3,,,,36.264466663326,136.910404275651,
6872,2014,9,3,,,,35.5974625185722,137.203978855934,
6873,2014,9,3,,,,35.696541430131,136.593576042152,
6874,2014,9,3,,,,35.4798077561963,137.528021729036,
6875,2014,9,3,,,,36.2076687387245,136.894249793229,
6876,2014,9,3,,,,36.275377141925,137.032744802095,
6877,2014,9,3,,,,36.4091971287896,137.185889265083,
6878,2014,9,4,,,,36.1263472245055,137.293775378886,
6879,2014,9,4,,,,36.2749729564314,137.030861491809,
6880,2014,9,4,,,,36.0307199165557,137.431113790429,
6881,2014,9,4,,,,36.3007341922667,136.891932342687,
6882,2014,9,5,,,,36.0077053956201,137.393145778141,
6883,2014,9,5,,,,36.2595615174031,137.024388836255,
6884,2014,9,6,,,,36.1235547249137,137.561275057126,
6885,2014,9,6,,,,36.1045215840655,137.117747772283,
6886,2014,9,6,,,,36.1225751476576,137.550835629035,
6887,2014,9,6,,,,36.3967066389121,137.176921181086,
6888,2014,9,6,,,,36.2645611115168,136.910991038006,
6889,2014,9,6,,,,36.1281651714733,137.555198535808,
6890,2014,9,6,,,,36.0462104945587,137.441439235448,
6891,2014,9,6,,,,36.4292393527554,137.198565123717,
6892,2014,9,6,,,,36.1286466516766,137.553804598586,
6893,2014,9,7,,,,36.1315725433557,137.552349277076,
6894,2014,9,7,,,,36.1186315102409,137.553608572016,
6895,2014,9,7,,,,36.1278519205939,137.559826832968,
6896,2014,9,7,,,,35.8084696619719,137.117620039666,
6897,2014,9,7,,,,36.120286219019,137.558099006878,
6898,2014,9,7,,,,36.2100542370871,136.892340847768,
6899,2014,9,8,,,,35.5172253004299,136.54928165837,
6900,2014,9,8,,,,35.9442509476618,136.846538790991,
6901,2014,9,8,,,,36.1241581658638,137.559073526254,
6902,2014,9,8,,,,36.4333265988165,137.27701957187,
6903,2014,9,8,,,,36.1422322559404,137.552298662029,
6904,2014,9,8,,,,35.5525308344722,136.555715812909,
6905,2014,9,8,,,,36.1166167704854,137.321476859108,
6906,2014,9,8,,,,36.0302876000603,136.953423029334,
6907,2014,9,8,,,,35.9628928304323,136.809130776669,
6908,2014,9,8,,,,35.8220787992299,136.945806734347,
6909,2014,9,8,,,,36.1196292429893,137.558463223984,
6910,2014,9,8,,,,35.9165963046716,137.311048019899,
6911,2014,9,8,,,,36.2556792017903,136.870055215207,
6912,2014,9,8,,,,36.3330320144932,137.148897731945,
6913,2014,9,8,,,,35.6098314750385,136.363956190475,
6914,2014,9,8,,,,35.8518209549502,137.225559952174,
6915,2014,9,9,,,,36.1226934873679,137.551144930414,
6916,2014,9,9,,,,36.333090422397,137.149552139587,
6917,2014,9,9,,,,36.3967324679826,137.180814454218,
6918,2014,9,9,,,,36.1173804075546,137.557056052334,
6919,2014,9,9,,,,36.3945308877929,137.391981050229,
6920,2014,9,9,,,,36.3074983516075,137.089198542473,
6921,2014,9,9,,,,36.3470019764163,137.183422041788,
6922,2014,9,9,,,,35.600978230163,136.411972775199,
6923,2014,9,9,,,,36.3926075054073,137.183343200607,
6924,2014,9,9,,,,36.4278146824584,137.198073380576,
6925,2014,9,9,,,,36.3974670342163,137.179705447097,
6926,2014,9,9,,,,36.3329578773738,137.148548539238,
6927,2014,9,10,,,,35.6018639293214,136.411803987873,
6928,2014,9,10,,,,36.14531388087,136.909248652471,
6929,2014,9,10,,,,35.4386524198927,137.30658737966,
6930,2014,9,10,,,,36.1537484356061,136.908004146339,
6931,2014,9,10,,,,36.3038574505753,137.081751547589,
6932,2014,9,10,,,,36.1652391953285,136.904373505912,
6933,2014,9,10,,,,36.301640895849,137.245318507442,
6934,2014,9,10,,,,36.3985973891268,137.397685715047,
6935,2014,9,10,,,,36.2671709189001,136.902148350984,
6936,2014,9,10,,,,36.3331048971719,137.149304403252,
6937,2014,9,10,,,,36.2356407393721,137.175791699524,
6938,2014,9,10,,,,35.920628100759,137.307221894414,
6939,2014,9,10,,,,36.2890273490258,137.048427196608,
6940,2014,9,10,,,,36.3152407710907,137.347555381395,
6941,2014,9,10,,,,35.902781734476,136.902253306677,
6942,2014,9,10,,,,36.1620137296539,136.907771150586,
6943,2014,9,10,,,,35.5973807275737,136.417201155407,
6944,2014,9,11,,,,36.1519210245612,136.910759372664,
6945,2014,9,11,,,,36.1543932275199,136.908465137327,
6946,2014,9,11,,,,36.2745093327408,136.896667989031,
6947,2014,9,11,,,,36.0470880970298,136.943789183609,
6948,2014,9,12,,,,35.8928745458036,137.049243479074,
6949,2014,9,12,,,,36.1294206843394,137.56499365438,
6950,2014,9,12,,,,36.3954450338713,137.39140923504,
6951,2014,9,12,,,,36.0209968439393,136.917010210844,
6952,2014,9,12,,,,36.2649036643527,136.90403318481,
6953,2014,9,12,,,,36.3328518972007,137.148612056337,
6954,2014,9,12,,,,36.0482595029289,137.560969075032,
6955,2014,9,12,,,,36.1179693785505,137.551886054692,
6956,2014,9,13,,,,36.3215900707706,136.896896721663,
6957,2014,9,13,,,,36.11946562534,137.553759744558,
6958,2014,9,13,,,,35.632696600018,137.449458202958,
6959,2014,9,13,,,,35.539511941177,137.448343216909,
6960,2014,9,13,,,,35.9884304654974,136.927518418942,
6961,2014,9,13,,,,36.1310962034562,137.552126516305,
6962,2014,9,13,,,,36.2381253169697,137.171073513556,
6963,2014,9,13,,,,36.1359707304878,137.556486563792,
6964,2014,9,14,,,,36.1309093219966,137.55462432293,
6965,2014,9,14,,,,36.1202887667896,137.557290849677,
6966,2014,9,14,,,,36.1220371077019,137.551273928388,
6967,2014,9,14,,,,36.1754208095577,137.457242688901,
6968,2014,9,14,,,,36.2749230608648,137.030734019245,
6969,2014,9,14,,,,36.2510355839363,137.068123348105,
6970,2014,9,14,,,,36.2168002506365,136.882778059715,
6971,2014,9,14,,,,36.2627249715806,136.912999694379,
6972,2014,9,14,,,,36.0191957824247,136.992103141554,
6973,2014,9,14,,,,35.5388360988199,137.538377131453,
6974,2014,9,14,,,,35.8548066019343,137.183319966122,
6975,2014,9,14,,,,36.1291624126361,137.560127342302,
6976,2014,9,14,,,,36.1803270807613,137.32238833376,
6977,2014,9,14,,,,36.2414577812908,137.16968995203,
6978,2014,9,14,,,,36.1202995030914,137.553984237736,
6979,2014,9,14,,,,36.1245618193935,137.563190703044,
6980,2014,9,15,,,,36.1213713847358,137.554356877748,
6981,2014,9,15,,,,36.1225522275401,137.557889849286,
6982,2014,9,15,,,,36.3107210122079,137.318080397707,
6983,2014,9,15,,,,36.0541137399592,137.504580288879,
6984,2014,9,15,,,,36.2204869479671,137.190081223379,
6985,2014,9,15,,,,36.3313076955746,137.145056454008,
6986,2014,9,15,,,,36.0338642089137,137.52216709278,
6987,2014,9,15,,,,36.3971102434207,137.280006682813,
6988,2014,9,15,,,,35.7842986173586,137.116398713696,
6989,2014,9,15,,,,36.2584873059531,137.160953305871,
6990,2014,9,15,,,,36.1235611537863,137.559291075149,
6991,2014,9,15,,,,36.2537582244141,136.90178173137,
6992,2014,9,15,,,,36.2467013398863,136.891943335424,
6993,2014,9,15,,,,36.1182214602614,137.551328746854,
6994,2014,9,15,,,,36.1244566113532,137.558928144645,
6995,2014,9,15,,,,36.1245732016398,137.559737049499,
6996,2014,9,16,,,,36.0734134936676,137.473968095997,
6997,2014,9,16,,,,35.555395002031,137.461035661792,
6998,2014,9,16,,,,36.10112173228,137.262937914388,
6999,2014,9,16,,,,36.2203825489738,137.190231687519,
7000,2014,9,16,,,,36.2508995201473,137.08758856548,
7001,2014,9,16,,,,35.601794985257,136.411791170814,
7002,2014,9,16,,,,36.3332639756023,137.149329430937,
7003,2014,9,16,,,,36.351291430017,137.188760712876,
7004,2014,9,16,,,,36.0227209724678,137.393407759421,
7005,2014,9,16,,,,36.2543674142359,137.028072459085,
7006,2014,9,17,,,,36.1695830031038,137.446780571514,
7007,2014,9,17,,,,35.4634056578356,136.460235057253,
7008,2014,9,17,,,,36.2985872380208,137.373003776692,
7009,2014,9,17,,,,35.6011364826553,136.412515716395,
7010,2014,9,17,,,,36.2316103164042,137.180051868078,
7011,2014,9,17,,,,36.231713176759,137.242417521144,
7012,2014,9,17,,,,36.0729945787419,137.056716945377,
7013,2014,9,17,,,,36.0065725724264,136.898749024832,
7014,2014,9,17,,,,36.181563608019,136.904446393078,
7015,2014,9,17,,,,36.4503126650448,137.267022919971,
7016,2014,9,17,,,,36.1759007535901,137.401087295928,
7017,2014,9,17,,,,36.1182673656302,137.5555907778,
7018,2014,9,17,,,,36.1808937095933,137.317972479718,
7019,2014,9,18,,,,36.0191469799734,136.991765637002,
7020,2014,9,18,,,,36.1736538023162,137.34231182747,
7021,2014,9,18,,,,36.2827974541118,137.304184237884,
7022,2014,9,18,,,,36.1814318906604,136.904182123561,
7023,2014,9,18,,,,35.466873459496,136.483090647482,
7024,2014,9,18,,,,36.1186376032074,137.555401424122,
7025,2014,9,18,,,,36.3307822679195,137.411817315038,
7026,2014,9,18,,,,36.1961047342051,137.33710949166,
7027,2014,9,18,,,,36.2051640873251,136.895613886561,
7028,2014,9,18,,,,36.2098548380192,136.892522713758,
7029,2014,9,18,,,,35.3324269520776,137.389206994145,
7030,2014,9,18,,,,36.1284272195791,137.1803046357,
7031,2014,9,18,,,,36.0019341752407,136.924736858157,
7032,2014,9,18,,,,36.2632835171634,136.906422912586,
7033,2014,9,18,,,,36.2682920826471,137.022968523375,
7034,2014,9,18,,,,36.2590394690703,137.135477774143,
7035,2014,9,18,,,,35.6210787224973,136.728377735067,
7036,2014,9,18,,,,36.1296469777756,137.557807288403,
7037,2014,9,18,,,,36.1291356078464,137.553748227302,
7038,2014,9,19,,,,36.2488432801001,137.495796708481,
7039,2014,9,19,,,,36.2114447929729,137.357486298308,
7040,2014,9,19,,,,36.1192970465706,137.557932353944,
7041,2014,9,19,,,,35.4668811225294,136.483138621593,
7042,2014,9,19,,,,35.5946266549468,136.768597206858,
7043,2014,9,19,,,,36.2726395640925,136.903226700128,
7044,2014,9,19,,,,36.117837065016,137.552223107431,
7045,2014,9,19,,,,35.5951944029898,136.910866897083,
7046,2014,9,20,,,,35.4451268596624,137.369197040246,
7047,2014,9,20,,,,36.2000761209828,137.222257127126,
7048,2014,9,20,,,,36.1940761175102,137.257002869129,
7049,2014,9,20,,,,36.3321367679364,137.30674585852,
7050,2014,9,20,,,,36.2881536683002,137.371335015335,
7051,2014,9,20,,,,36.1392325901286,137.264311621845,
7052,2014,9,20,,,,36.3363614029028,137.152961350182,
7053,2014,9,20,,,,36.3331778257792,137.152121908928,
7054,2014,9,20,,,,36.2514719871991,137.128002556956,
7055,2014,9,20,,,,36.2631746824541,137.157634031396,
7056,2014,9,20,,,,36.195922121898,137.250857510993,
7057,2014,9,20,,,,36.3406300002858,137.322884639061,
7058,2014,9,20,,,,36.142713233904,137.362958758864,
7059,2014,9,20,,,,36.2723895144011,136.903374684234,
7060,2014,9,20,,,,36.1735707894932,137.308987538008,
7061,2014,9,21,,,,36.1596976598303,137.221101264196,
7062,2014,9,21,,,,35.9003148017481,137.146288237085,
7063,2014,9,21,,,,36.0837762392241,137.297775914752,
7064,2014,9,21,,,,35.5209721301435,136.727464047396,
7065,2014,9,21,,,,35.9159637749476,137.14086063666,
7066,2014,9,21,,,,36.1936128166163,137.259056958852,
7067,2014,9,21,,,,36.2731756375441,136.903018650547,
7068,2014,9,22,,,,36.2870744443893,137.047327020546,
7069,2014,9,22,,,,36.3465253530175,137.184264644346,
7070,2014,9,22,,,,36.1449332872087,137.19888023056,
7071,2014,9,22,,,,36.3122700460674,137.323386962835,
7072,2014,9,22,,,,36.0871626704738,137.30566879076,
7073,2014,9,22,,,,36.2763806809808,137.359358938959,
7074,2014,9,22,,,,36.1871111720186,136.90350808218,
7075,2014,9,22,,,,36.3461651309619,137.180741686271,
7076,2014,9,22,,,,36.351290555865,137.202424746684,
7077,2014,9,22,,,,36.3396679166357,137.170159173062,
7078,2014,9,22,,,,35.4790437259925,136.53118332861,
7079,2014,9,22,,,,36.1502791454977,137.213459229105,
7080,2014,9,23,,,,36.3119972051936,137.310650765628,
7081,2014,9,23,,,,35.5994525539597,136.711705340019,
7082,2014,9,23,,,,35.4340176602004,137.300130514918,
7083,2014,9,23,,,,36.3126624212221,137.305171771879,
7084,2014,9,23,,,,36.1565996540221,137.300834267336,
7085,2014,9,23,,,,36.2249551498047,137.245457013037,
7086,2014,9,23,,,,35.4796504082937,136.531775280629,
7087,2014,9,23,,,,36.2069735416159,137.55067416839,
7088,2014,9,23,,,,36.0453350546395,137.469999599682,
7089,2014,9,23,,,,36.1649424925663,137.307994243174,
7090,2014,9,23,,,,36.3151956657565,137.345787355202,
7091,2014,9,23,,,,35.9982360592099,136.897934249645,
7092,2014,9,23,,,,36.1203136132476,137.323998290202,
7093,2014,9,23,,,,36.2720666575549,136.903161731213,
7094,2014,9,23,,,,36.3221248363436,137.308842506961,
7095,2014,9,23,,,,36.2640330824509,137.139752987809,
7096,2014,9,23,,,,36.2807684476116,137.361876119158,
7097,2014,9,23,,,,36.2731096010598,136.896289250982,
7098,2014,9,23,,,,36.2054187625401,136.892199886057,
7099,2014,9,24,,,,36.1730168125908,137.237724792242,
7100,2014,9,24,,,,35.9441405162381,136.860878181753,
7101,2014,9,24,,,,35.7922156292777,137.285829063126,
7102,2014,9,24,,,,35.9856044072323,137.27971467414,
7103,2014,9,24,,,,36.2813983308325,137.38299743217,
7104,2014,9,24,,,,36.19865278605,137.22150129508,
7105,2014,9,24,,,,36.165290363546,137.307560927125,
7106,2014,9,24,,,,36.3000100628272,137.34906643507,
7107,2014,9,24,,,,36.215979740519,137.231817113197,
7108,2014,9,24,,,,36.2035900228417,137.207401242733,
7109,2014,9,24,,,,36.2716261482622,137.345010395589,
7110,2014,9,24,,,,35.9773073670192,137.532827004209,
7111,2014,9,24,,,,36.3303597532924,137.143236987938,
7112,2014,9,24,,,,35.9460814241552,136.858301548042,
7113,2014,9,24,,,,36.1760703144267,137.365560992223,
7114,2014,9,24,,,,36.2638218630264,137.139143512091,
7115,2014,9,25,,,,36.1989350880357,137.247544963172,
7116,2014,9,25,,,,36.2775260944196,137.387716820762,
7117,2014,9,25,,,,36.0152520522638,136.959478459737,
7118,2014,9,25,,,,36.0946997758485,137.353011189965,
7119,2014,9,25,,,,36.2171337133508,136.883418850147,
7120,2014,9,25,,,,36.2997682419233,137.307078439629,
7121,2014,9,25,,,,35.9995779868383,136.912637849193,
7122,2014,9,25,,,,36.1717035458558,137.224838826821,
7123,2014,9,25,,,,36.3068319703079,137.106996038009,
7124,2014,9,25,,,,36.1897263879519,137.205557245924,
7125,2014,9,25,,,,36.1811087459488,137.302818388232,
7126,2014,9,25,,,,36.2735106105393,136.903208302357,
7127,2014,9,25,,,,35.9144819000473,136.840342038539,
7128,2014,9,25,,,,35.598299225667,136.771417439154,
7129,2014,9,25,,,,36.1934352656322,137.257758131659,
7130,2014,9,26,,,,35.5928075284406,136.426232143179,
7131,2014,9,26,,,,35.475469006666,136.527988310731,
7132,2014,9,26,,,,35.6191071403984,136.740205084081,
7133,2014,9,26,,,,36.2598461246353,136.908421555867,
7134,2014,9,26,,,,36.3179113134966,137.266528399789,
7135,2014,9,26,,,,36.2735171266005,137.356260268799,
7136,2014,9,26,,,,35.5805908750258,136.638208286831,
7137,2014,9,26,,,,36.3257078638933,137.411847976446,
7138,2014,9,26,,,,36.2663122281301,136.906030007381,
7139,2014,9,26,,,,36.261133952256,136.905715795835,
7140,2014,9,26,,,,36.17154976947,137.224869616128,
7141,2014,9,26,,,,35.9085664124636,136.844331248895,
7142,2014,9,26,,,,36.2805898601845,137.383308778113,
7143,2014,9,26,,,,36.273217650324,137.392997915925,
7144,2014,9,26,,,,36.3455029835634,137.184647325206,
7145,2014,9,27,,,,36.1655970999366,136.902487603673,
7146,2014,9,27,,,,36.1740576170843,136.90292243162,
7147,2014,9,27,,,,36.306684163134,137.244373283546,
7148,2014,9,27,,,,36.0023788037363,137.541071545461,
7149,2014,9,27,,,,36.3332821280632,137.152328185793,
7150,2014,9,27,,,,36.1710080795119,137.35526627241,
7151,2014,9,27,,,,36.1717924072358,136.903010947974,
7152,2014,9,28,,,,35.9297205151942,136.90066001008,
7153,2014,9,28,,,,36.062749121211,137.271851192639,
7154,2014,9,28,,,,36.2996167827924,137.338202337697,
7155,2014,9,28,,,,36.1471241566847,136.911065885755,
7156,2014,9,28,,,,35.4806866788009,136.531971333147,
7157,2014,9,28,,,,36.3396617860228,137.170225567278,
7158,2014,9,28,,,,36.0156739928372,136.979452283705,
7159,2014,9,28,,,,36.3296855892002,137.294341774453,
7160,2014,9,28,,,,36.231262418871,137.351111203263,
7161,2014,9,29,,,,36.1661534671024,136.902037342434,
7162,2014,9,29,,,,36.2066595570342,136.893850706821,
7163,2014,9,29,,,,36.2177975788978,137.267837845872,
7164,2014,9,29,,,,36.2811092532294,137.383117635646,
7165,2014,9,29,,,,36.1753443249286,137.241853860034,
7166,2014,9,29,,,,36.0870147513886,137.357940878531,
7167,2014,9,29,,,,36.1805007401448,136.901309380241,
7168,2014,9,29,,,,36.1343109132442,137.193291540639,
7169,2014,9,29,,,,36.3012703567038,137.341129665422,
7170,2014,9,29,,,,36.3244694786899,137.285411406251,
7171,2014,9,29,,,,36.0066186244866,136.904044859756,
7172,2014,9,29,,,,36.2901647229799,137.370101614917,
7173,2014,9,29,,,,36.2625514975954,137.138348341695,
7174,2014,9,29,,,,36.0182628759531,136.987793730009,
7175,2014,9,29,,,,36.1714109590459,137.224891301144,
7176,2014,9,30,,,,36.2477944280442,137.130463760869,
7177,2014,9,30,,,,36.3170343465092,137.274144733534,
7178,2014,9,30,,,,36.4073518957466,137.302573756927,
7179,2014,9,30,,,,36.1967224990547,137.258069066193,
7180,2014,9,30,,,,36.0918862149932,137.361367779221,
7181,2014,9,30,,,,36.2542274450327,137.124411236117,
7182,2014,9,30,,,,36.0025423630905,137.166245488061,
7183,2014,9,30,,,,36.2820860187749,137.376002434344,
7184,2014,9,30,,,,36.2090299160278,136.890223120662,
7185,2014,9,30,,,,36.2979706996268,137.12308218457,
7186,2014,9,30,,,,35.4749777630853,136.449202361386,
7187,2014,9,30,,,,35.8820249271147,136.849527584496,
7188,2014,9,30,,,,36.1784617805924,137.262256246432,
7189,2014,9,30,,,,36.205542221951,136.894045753461,
7190,2014,9,30,,,,36.2851917613705,137.370722020797,
7191,2014,9,30,,,,36.3005273578933,137.347668152939,
7192,2014,9,30,,,,36.3131754112988,137.309776621772,
7193,2014,9,30,,,,35.4816738411494,136.435373139711,
7194,2014,9,30,,,,35.8141875469595,137.25304014997,
7195,2014,9,30,,,,36.0913219692286,137.371758079432,
7196,2014,9,30,,,,36.1935961928469,137.257578852792,
7197,2014,10,1,,,,36.2737058239224,137.575959865337,
7198,2014,10,1,,,,36.2954086285362,137.358936103869,
7199,2014,10,1,,,,36.3160695584252,137.30760113346,
7200,2014,10,1,,,,36.2918222132003,137.373493524453,
7201,2014,10,1,,,,36.1334860012166,137.191369648626,
7202,2014,10,1,,,,36.0890642674376,137.343362374867,
7203,2014,10,1,,,,36.263946659877,137.139009138227,
7204,2014,10,1,,,,36.2569295985432,137.470866943262,
7205,2014,10,1,,,,36.1616431534453,137.261181032715,
7206,2014,10,1,,,,36.2262373429414,137.240188237958,
7207,2014,10,1,,,,35.3703881073784,136.446355477796,
7208,2014,10,1,,,,36.1832783847333,137.550173251428,
7209,2014,10,1,,,,36.2639019113589,136.911073984679,
7210,2014,10,1,,,,36.284998557686,137.370756918286,
7211,2014,10,1,,,,36.3030980053837,137.344831267973,
7212,2014,10,1,,,,36.0883722166831,137.357486331463,
7213,2014,10,1,,,,35.6212329958602,136.731823945036,
7214,2014,10,1,,,,36.2957377178676,137.358185606116,
7215,2014,10,2,,,,35.9470902984882,136.864439161392,
7216,2014,10,2,,,,36.2820343521035,137.161674156643,
7217,2014,10,2,,,,36.1750108252616,137.366814495163,
7218,2014,10,2,,,,36.2738814146002,136.90370771214,
7219,2014,10,2,,,,36.1497247456041,136.91025608501,
7220,2014,10,2,,,,36.1413435273821,137.197715901518,
7221,2014,10,2,,,,35.4754497674975,136.527963779634,
7222,2014,10,2,,,,36.1864060124284,137.333130264636,
7223,2014,10,2,,,,35.5699296232995,136.915763102526,
7224,2014,10,2,,,,36.0448852838792,137.014074409363,
7225,2014,10,3,,,,36.1689720469995,137.232542397361,
7226,2014,10,3,,,,36.0349653929283,137.484050785074,
7227,2014,10,3,,,,36.2027076739345,137.232473347804,
7228,2014,10,3,,,,36.1365481183988,137.266102981624,
7229,2014,10,3,,,,36.2735278208391,137.356450293895,
7230,2014,10,3,,,,36.2112776465018,137.358979768799,
7231,2014,10,3,,,,36.0346293295847,137.481300747089,
7232,2014,10,3,,,,35.5950579544217,137.395655670728,
7233,2014,10,3,,,,36.1946769457807,137.241122666095,
7234,2014,10,3,,,,36.089072648357,137.343729620535,
7235,2014,10,3,,,,36.305694562606,137.244092140632,
7236,2014,10,3,,,,36.1180311649439,136.918186504723,
7237,2014,10,4,,,,35.9516118030063,136.829836033859,
7238,2014,10,4,,,,36.2733982556714,137.356141440764,
7239,2014,10,4,,,,35.4598832139849,136.545725158761,
7240,2014,10,5,,,,36.022473134738,136.992954569168,
7241,2014,10,5,,,,36.1640779972297,137.253089595643,
7242,2014,10,5,,,,36.1960450781162,137.25936916446,
7243,2014,10,5,,,,36.3085183914704,137.318002644317,
7244,2014,10,5,,,,35.459884776224,136.545783537918,
7245,2014,10,5,,,,36.168964186731,137.43677228722,
7246,2014,10,5,,,,36.1507042325187,137.269311566904,
7247,2014,10,5,,,,36.1501265202018,137.270748632725,
7248,2014,10,5,,,,35.9972441433315,136.903375505859,
7249,2014,10,5,,,,36.3317581080687,137.145822573826,
7250,2014,10,5,,,,36.3284666619497,137.142066015606,
7251,2014,10,5,,,,36.3802097270697,137.367898636512,
7252,2014,10,6,,,,35.458989168399,136.547857003402,
7253,2014,10,6,,,,35.6388001556347,136.612919767498,
7254,2014,10,6,,,,36.0103301541369,136.900521580946,
7255,2014,10,6,,,,35.5855763847171,136.748608183223,
7256,2014,10,6,,,,35.5962094132663,136.78888034717,
7257,2014,10,7,,,,36.0030099043577,136.926622392791,
7258,2014,10,7,,,,35.8629121447773,137.029190361886,
7259,2014,10,7,,,,36.1848476809697,137.329653469678,
7260,2014,10,7,,,,36.1463507998197,136.909069018886,
7261,2014,10,7,,,,36.2779874789547,137.159370023898,
7262,2014,10,7,,,,36.2624033988427,137.202148363074,
7263,2014,10,7,,,,35.4669294629555,136.541311224667,
7264,2014,10,7,,,,36.3079618431812,137.384349359695,
7265,2014,10,7,,,,36.3978571094494,137.281246121269,
7266,2014,10,7,,,,35.9381291154258,136.881460622523,
7267,2014,10,7,,,,36.1412931893794,137.197890227449,
7268,2014,10,7,,,,35.5266209605759,136.692956541111,
7269,2014,10,7,,,,36.2799696068765,137.361068431515,
7270,2014,10,7,,,,36.0328367918222,136.956638285976,
7271,2014,10,7,,,,36.1967283948705,137.344565834836,
7272,2014,10,8,,,,35.5285140299604,136.467849700434,
7273,2014,10,8,,,,35.8851095079181,136.870947814382,
7274,2014,10,8,,,,35.5948606789099,136.746823101547,
7275,2014,10,8,,,,36.1736364249576,137.328351857116,
7276,2014,10,8,,,,35.5622761121151,136.798403063407,
7277,2014,10,8,,,,35.8918114432811,136.860533214307,
7278,2014,10,8,,,,36.1202076963332,137.265288973779,
7279,2014,10,8,,,,35.9529281623602,136.827234798477,
7280,2014,10,8,,,,36.1583993001247,137.301697136271,
7281,2014,10,9,,,,35.4836815463817,137.329751320314,
7282,2014,10,9,,,,35.5248543735596,136.738867234371,
7283,2014,10,9,,,,35.6125756124817,136.364384201104,
7284,2014,10,9,,,,35.5135338580408,136.653305606784,
7285,2014,10,9,,,,35.6540328837329,136.591279376529,
7286,2014,10,9,,,,35.5039021241444,137.401404162648,
7287,2014,10,9,,,,36.3042308136869,137.24918806055,
7288,2014,10,10,,,,35.3875090071764,136.552173681999,
7289,2014,10,10,,,,35.6138904298696,136.362385310033,
7290,2014,10,10,,,,35.8395504308428,136.886873612067,
7291,2014,10,10,,,,36.3978511593877,137.280965732615,
7292,2014,10,11,,,,36.0933876562401,137.351436382169,
7293,2014,10,11,,,,36.2233407327961,137.210994470751,
7294,2014,10,11,,,,36.1787859761177,137.299402726926,
7295,2014,10,11,,,,35.4801518631517,136.53097338254,
7296,2014,10,12,,,,35.5281119853858,136.607926299617,
7297,2014,10,12,,,,36.2292602599633,137.201326314395,
7298,2014,10,12,,,,36.2819142095805,137.376016892134,
7299,2014,10,13,,,,36.1561094682076,137.291210165695,
7300,2014,10,13,,,,36.1653865820846,137.308053729118,
7301,2014,10,13,,,,36.013259301003,137.388872771198,
7302,2014,10,13,,,,35.551232301851,136.625925056614,
7303,2014,10,13,,,,35.4530615182931,136.555441158657,
7304,2014,10,13,,,,36.3074379876414,137.384170071224,
7305,2014,10,13,,,,36.0890606790366,137.343961234215,
7306,2014,10,14,,,,36.2255513298252,137.240402285384,
7307,2014,10,14,,,,36.3358183192958,137.299777812237,
7308,2014,10,14,,,,36.277670586659,137.036540071795,
7309,2014,10,14,,,,36.2716407783139,137.402965795106,
7310,2014,10,14,,,,35.5059751314647,136.733028856511,
7311,2014,10,14,,,,35.528932678674,136.607942773712,
7312,2014,10,14,,,,36.2880314583051,137.047542761619,
7313,2014,10,14,,,,35.4754282343154,136.527982682768,
7314,2014,10,14,,,,35.8975027187013,136.89555080263,
7315,2014,10,15,,,,36.1581128585967,137.276000121607,
7316,2014,10,15,,,,36.3358898277091,137.299825053854,
7317,2014,10,15,,,,36.2817620364667,137.37593511259,
7318,2014,10,15,,,,35.484291669161,136.534477932007,
7319,2014,10,15,,,,35.5336546599856,136.607419980994,
7320,2014,10,15,,,,36.375762360416,137.367942237136,
7321,2014,10,15,,,,35.6145332948314,136.892802580869,
7322,2014,10,15,,,,35.605133212224,136.836596348777,
7323,2014,10,15,,,,35.7945135473088,136.906194576293,
7324,2014,10,15,,,,35.8098252306725,137.254345585746,
7325,2014,10,15,,,,35.5013676540675,136.728481955452,
7326,2014,10,16,,,,35.5263796041095,136.503551986021,
7327,2014,10,16,,,,35.6595379245683,136.646710324097,
7328,2014,10,16,,,,36.1623849616382,136.904987550861,
7329,2014,10,16,,,,36.3358737099178,137.299730675139,
7330,2014,10,16,,,,36.2095491089749,137.349754458735,
7331,2014,10,16,,,,35.5425200966387,136.717790207569,
7332,2014,10,16,,,,35.5913751915045,136.8377186252,
7333,2014,10,16,,,,35.6330472599973,136.610410423277,
7334,2014,10,16,,,,36.239232484461,137.195897345656,
7335,2014,10,16,,,,35.6064132624845,136.844760759603,
7336,2014,10,16,,,,35.8036397302631,137.255529457872,
7337,2014,10,16,,,,35.5403467536596,136.635794966293,
7338,2014,10,16,,,,35.5300925205743,136.587767551774,
7339,2014,10,16,,,,35.3487820387124,136.435105806519,
7340,2014,10,16,,,,35.5894767475912,136.856151560717,
7341,2014,10,16,,,,36.2699127356665,137.012518742081,
7342,2014,10,17,,,,36.2059421363179,137.312576824614,
7343,2014,10,17,,,,35.513328304474,136.54521457051,
7344,2014,10,17,,,,36.3039741462696,137.132933597237,
7345,2014,10,17,,,,35.7166253700297,136.792680132239,
7346,2014,10,17,,,,36.3059641849407,137.320185109245,
7347,2014,10,17,,,,36.2897067252673,137.351133765668,
7348,2014,10,17,,,,35.6562411312767,136.590525899531,
7349,2014,10,17,,,,35.5335876759479,136.607398060434,
7350,2014,10,17,,,,35.5425253365121,136.717744961135,
7351,2014,10,17,,,,35.7719141087926,137.106493063465,
7352,2014,10,18,,,,36.2788382269654,137.3748320951,
7353,2014,10,18,,,,35.8802458950398,136.870328400343,
7354,2014,10,18,,,,35.6595428800191,136.573130044546,
7355,2014,10,18,,,,36.0801006838292,137.372065474842,
7356,2014,10,18,,,,36.2899033278254,137.352218797527,
7357,2014,10,18,,,,36.04554748876,136.952195354512,
7358,2014,10,18,,,,35.4880884877098,136.537913542479,
7359,2014,10,18,,,,35.6361106975815,136.607716410578,
7360,2014,10,18,,,,35.787836301104,136.908606298081,
7361,2014,10,18,,,,36.0928858688259,137.343693753135,
7362,2014,10,19,,,,36.1003122722795,137.261347973457,
7363,2014,10,19,,,,36.2985741170988,137.116447888496,
7364,2014,10,19,,,,36.2561170573839,137.167777922947,
7365,2014,10,19,,,,36.2740702341735,136.906262231947,
7366,2014,10,19,,,,35.4918724398492,136.538613140448,
7367,2014,10,20,,,,36.260113144581,136.966062574582,
7368,2014,10,20,,,,36.1567332904506,136.910490558107,
7369,2014,10,20,,,,36.3314150677937,137.291416085746,
7370,2014,10,20,,,,36.3989381445102,137.285609989779,
7371,2014,10,20,,,,36.0824828084004,137.279108368416,
7372,2014,10,20,,,,36.1611052018412,137.274576705226,
7373,2014,10,20,,,,35.4580496552328,136.760061735338,
7374,2014,10,20,,,,36.263737293057,136.912236853626,
7375,2014,10,20,,,,36.30698507176,137.092753680583,
7376,2014,10,20,,,,35.6554574964262,136.583840173064,
7377,2014,10,20,,,,35.6494276802632,137.380439045416,
7378,2014,10,20,,,,35.7482453533802,137.270002833617,
7379,2014,10,20,,,,36.1328165371422,137.320218829072,
7380,2014,10,20,,,,36.2714157642571,137.004913570331,
7381,2014,10,20,,,,36.2696264096872,137.013369083912,
7382,2014,10,21,,,,36.1633294997401,137.226287260646,
7383,2014,10,21,,,,36.0806790845623,137.367419895107,
7384,2014,10,21,,,,35.6383502480869,137.113090706469,
7385,2014,10,21,,,,35.9441254052782,137.272438181899,
7386,2014,10,21,,,,35.3790265910921,136.438187338473,
7387,2014,10,21,,,,36.296386640706,137.120284681913,
7388,2014,10,21,,,,36.3224842965828,136.894701884797,
7389,2014,10,21,,,,35.5827166434707,136.455990635515,
7390,2014,10,21,,,,36.1423692796449,137.285026480289,
7391,2014,10,21,,,,35.5863269407074,136.459142388247,
7392,2014,10,21,,,,35.3687326867892,136.47787707723,
7393,2014,10,22,,,,35.6390853507682,136.952669305786,
7394,2014,10,22,,,,35.662206471716,136.574133646812,
7395,2014,10,22,,,,35.5970063025211,136.757219802563,
7396,2014,10,22,,,,35.5897662066052,136.755245966465,
7397,2014,10,22,,,,36.2183237456817,137.542541868874,
7398,2014,10,22,,,,35.5877601776129,136.757971344802,
7399,2014,10,22,,,,36.2303379760634,137.202700886724,
7400,2014,10,22,,,,35.6443562575042,136.619448416851,
7401,2014,10,22,,,,35.6679210146046,136.577130764741,
7402,2014,10,22,,,,35.6368338639157,136.639897857795,
7403,2014,10,22,,,,35.5469513788804,136.83781258347,
7404,2014,10,22,,,,36.1103084791961,137.264177506329,
7405,2014,10,23,,,,35.5280582271342,136.593871902424,
7406,2014,10,23,,,,35.4995318053537,136.56896713073,
7407,2014,10,23,,,,35.530705100565,136.526231824437,
7408,2014,10,23,,,,35.9748098388019,136.777799186727,
7409,2014,10,23,,,,36.2299643888167,137.201801416002,
7410,2014,10,23,,,,36.348190700974,137.18824477776,
7411,2014,10,23,,,,36.2897588131829,137.352128167548,
7412,2014,10,23,,,,35.9311497515669,137.302748924054,
7413,2014,10,23,,,,36.1661056847408,137.251654488969,
7414,2014,10,23,,,,36.4090435458851,137.190438837457,
7415,2014,10,23,,,,35.6476253528041,136.591727952091,
7416,2014,10,24,,,,35.5885275720263,136.757933236647,
7417,2014,10,24,,,,36.1581283645838,137.256365555769,
7418,2014,10,24,,,,36.152745064912,137.225413615926,
7419,2014,10,24,,,,36.1601631751448,137.275658972723,
7420,2014,10,24,,,,36.1602813734942,137.262999299193,
7421,2014,10,24,,,,35.4914457487511,136.571900992981,
7422,2014,10,24,,,,36.1577087539774,137.292054929872,
7423,2014,10,24,,,,35.5103332338744,136.604476685852,
7424,2014,10,25,,,,35.417561691915,136.567429097518,
7425,2014,10,25,,,,36.3311215967202,137.300673400903,
7426,2014,10,25,,,,35.6701041993331,136.5773343073,
7427,2014,10,25,,,,35.6332464650554,136.609825858312,
7428,2014,10,25,,,,36.1940867969613,137.265719676491,
7429,2014,10,25,,,,36.1937628121963,137.257855249019,
7430,2014,10,25,,,,36.1807490588005,137.470288098894,
7431,2014,10,25,,,,36.2701196724717,137.398831276761,
7432,2014,10,25,,,,36.1714702325976,137.428868428392,
7433,2014,10,25,,,,36.1796539116414,137.262386433115,
7434,2014,10,26,,,,36.150687055213,137.241964454204,
7435,2014,10,26,,,,36.1522686139487,137.243030301114,
7436,2014,10,26,,,,36.1456333588467,137.23693776803,
7437,2014,10,26,,,,35.6336967351485,136.607887571315,
7438,2014,10,26,,,,36.1349960469085,137.291544013117,
7439,2014,10,26,,,,35.9500438033653,136.912179853475,
7440,2014,10,26,,,,36.3881187222442,137.183576884667,
7441,2014,10,26,,,,36.156740348975,137.259923258547,
7442,2014,10,26,,,,36.278803303226,137.37511618546,
7443,2014,10,26,,,,35.5125641589055,136.828804036322,
7444,2014,10,26,,,,36.1570265710483,137.262022387699,
7445,2014,10,26,,,,35.5263071313119,136.796380380997,
7446,2014,10,26,,,,35.800833666192,137.015450116402,
7447,2014,10,26,,,,35.4932262255001,136.587065404434,
7448,2014,10,26,,,,36.2056767116457,136.894251247223,
7449,2014,10,27,,,,35.5368263290111,136.729669995942,
7450,2014,10,27,,,,35.5933616722937,136.739558595253,
7451,2014,10,27,,,,35.4796794735841,136.726334523081,
7452,2014,10,27,,,,35.6158154653978,136.621411494955,
7453,2014,10,27,,,,36.1106726814381,137.26767795626,
7454,2014,10,27,,,,36.0452304580006,137.224853522499,
7455,2014,10,27,,,,35.5461655138966,136.63831767284,
7456,2014,10,27,,,,35.5517792964683,136.739582369851,
7457,2014,10,27,,,,36.2114117629128,137.195044740729,
7458,2014,10,27,,,,36.1128510890056,137.266987280156,
7459,2014,10,27,,,,36.2708270248222,136.89833249893,
7460,2014,10,27,,,,35.6185149796713,136.619702775172,
7461,2014,10,27,,,,35.4988594911927,136.831267019557,
7462,2014,10,27,,,,36.1812594041318,137.218898338459,
7463,2014,10,27,,,,36.1527630300434,137.266375947177,
7464,2014,10,28,,,,36.1244166271609,137.264830082325,
7465,2014,10,28,,,,36.0094120740611,136.909783493679,
7466,2014,10,28,,,,35.9429341634903,136.879558076364,
7467,2014,10,28,,,,35.6305033019247,136.612182179579,
7468,2014,10,28,,,,35.5179828853961,136.541297849777,
7469,2014,10,28,,,,36.2724678524683,137.39716254159,
7470,2014,10,28,,,,36.2823412546362,137.375903151994,
7471,2014,10,28,,,,36.2745483174563,136.905703774226,
7472,2014,10,28,,,,35.8620370533299,136.873865286115,
7473,2014,10,29,,,,36.1365405775147,137.28148746713,
7474,2014,10,29,,,,36.3791001648998,137.180363205404,
7475,2014,10,29,,,,36.3805224182864,137.155201052736,
7476,2014,10,29,,,,35.5487384650702,136.77069099166,
7477,2014,10,29,,,,36.3707151867799,137.183479949944,
7478,2014,10,29,,,,36.3797498895566,137.181115321698,
7479,2014,10,29,,,,36.3071545688953,137.384102694644,
7480,2014,10,29,,,,36.1368845126525,137.290011093911,
7481,2014,10,29,,,,35.497864027362,136.831150240188,
7482,2014,10,29,,,,35.5857351673485,136.458109592791,
7483,2014,10,29,,,,36.237777684231,137.525426427492,
7484,2014,10,29,,,,35.6564664520517,136.588997756459,
7485,2014,10,29,,,,35.5675422060863,136.708689493545,
7486,2014,10,29,,,,36.1678302990965,136.906631568625,
7487,2014,10,29,,,,36.3200274407323,137.305269221706,
7488,2014,10,30,,,,35.558094481218,136.71123607607,
7489,2014,10,30,,,,35.5277276779123,136.793442211889,
7490,2014,10,30,,,,35.4937906032814,136.829654409623,
7491,2014,10,30,,,,35.5795357677299,136.771940515018,
7492,2014,10,30,,,,35.6039088574835,136.908538043496,
7493,2014,10,30,,,,36.2796503947278,137.378462661956,
7494,2014,10,30,,,,36.1425537287311,137.305237618253,
7495,2014,10,30,,,,36.3318413908099,137.297384316095,
7496,2014,10,30,,,,36.3358535928995,137.299828334022,
7497,2014,10,30,,,,36.0740835051508,137.227795154312,
7498,2014,10,30,,,,36.2742441853587,137.023750234002,
7499,2014,10,30,,,,36.0242838902907,136.964382407371,
7500,2014,10,30,,,,36.2754495764476,137.028286317408,
7501,2014,10,30,,,,35.6022724907788,136.748994620317,
7502,2014,10,30,,,,35.9610298464181,136.901086321723,
7503,2014,10,30,,,,36.1674352086813,136.915043683657,
7504,2014,10,31,,,,36.1805781548614,137.470437635509,
7505,2014,10,31,,,,36.1487536812389,137.265944912785,
7506,2014,10,31,,,,36.2809435160889,137.377103976401,
7507,2014,10,31,,,,36.2687716468446,137.412180504914,
7508,2014,10,31,,,,36.1433138607364,137.420640156875,
7509,2014,10,31,,,,36.26350925024,137.432582475824,
7510,2014,10,31,,,,36.2553252569788,137.182271169118,
7511,2014,10,31,,,,36.1457928573851,137.263583991045,
7512,2014,10,31,,,,36.1476914521869,137.271395403181,
7513,2014,10,31,,,,35.549820168974,136.767096966751,
7514,2014,10,31,,,,35.441504712642,136.552050751896,
7515,2014,10,31,,,,36.2800898175084,137.377056379546,
7516,2014,11,1,,,,35.544475316759,136.442367092199,
7517,2014,11,1,,,,36.1512521996904,137.239735443015,
7518,2014,11,1,,,,35.5302269158453,136.66629614225,
7519,2014,11,1,,,,35.7988111408236,136.893023821532,
7520,2014,11,1,,,,36.1314701267393,137.193945435061,
7521,2014,11,1,,,,36.2825762351029,137.375584183074,
7522,2014,11,2,,,,35.4725918321656,136.561117118271,
7523,2014,11,2,,,,36.2060867111519,137.347022295895,
7524,2014,11,2,,,,35.4903512270202,136.536496314085,
7525,2014,11,2,,,,36.243986922692,137.518771088486,
7526,2014,11,2,,,,35.5281233361872,136.663647271628,
7527,2014,11,2,,,,36.1489706803121,137.260279565767,
7528,2014,11,2,,,,35.8122181823874,136.892194701677,
7529,2014,11,2,,,,36.2482901523289,137.5219210759,
7530,2014,11,3,,,,35.9205014262293,137.322652414013,
7531,2014,11,3,,,,36.1408302039915,137.311977133568,
7532,2014,11,3,,,,36.2548973948637,136.906688420624,
7533,2014,11,3,,,,35.5112931787008,136.536545706085,
7534,2014,11,3,,,,36.001788784089,137.287732871942,
7535,2014,11,3,,,,36.1324858071184,137.267667903693,
7536,2014,11,4,,,,35.4710562740516,136.560443596438,
7537,2014,11,4,,,,36.1943113624977,137.211251862118,
7538,2014,11,4,,,,35.6046182141095,136.628450750833,
7539,2014,11,4,,,,36.2712366658346,137.400293871815,
7540,2014,11,4,,,,36.1549219658387,137.133489227722,
7541,2014,11,4,,,,36.2608116477782,137.195028767552,
7542,2014,11,4,,,,35.5098900062349,136.563347158616,
7543,2014,11,4,,,,36.0866482139729,137.28789294853,
7544,2014,11,4,,,,36.2721869294147,136.901427101592,
7545,2014,11,4,,,,36.266084244702,136.9009691703,
7546,2014,11,4,,,,36.261928617697,136.906173111252,
7547,2014,11,4,,,,36.1185525445808,137.181599424111,
7548,2014,11,4,,,,36.2738747145713,136.898016645817,
7549,2014,11,4,,,,35.6350835997046,136.609137833749,
7550,2014,11,5,,,,36.1498794156834,137.262164873552,
7551,2014,11,5,,,,36.1506226473693,137.259736648004,
7552,2014,11,5,,,,35.666570390212,136.709524848555,
7553,2014,11,5,,,,35.5188100589101,136.702523589334,
7554,2014,11,5,,,,36.1440691997218,137.275055754695,
7555,2014,11,5,,,,36.0780015532642,137.378882457631,
7556,2014,11,5,,,,35.6025190596745,136.703666646671,
7557,2014,11,5,,,,35.897114490441,136.850151672088,
7558,2014,11,5,,,,35.8808878506061,136.867175730793,
7559,2014,11,5,,,,36.1725411614709,137.289961788062,
7560,2014,11,5,,,,36.3255150970449,137.302542223254,
7561,2014,11,5,,,,36.1465690872764,137.437264894885,
7562,2014,11,5,,,,36.3077207062641,137.093211767579,
7563,2014,11,5,,,,36.1219358017601,137.182792190395,
7564,2014,11,5,,,,35.9030154673309,136.84584890627,
7565,2014,11,5,,,,36.1303579844178,137.177779028862,
7566,2014,11,5,,,,35.3972097823356,136.520698213723,
7567,2014,11,6,,,,36.1759104176698,137.396568361015,
7568,2014,11,6,,,,36.091356736713,137.381594510726,
7569,2014,11,6,,,,35.5185214334469,136.70205491148,
7570,2014,11,6,,,,36.1807142073558,137.324164335247,
7571,2014,11,6,,,,36.2620545775638,137.199716077189,
7572,2014,11,6,,,,36.1749061241873,137.385594544288,
7573,2014,11,6,,,,36.2458910521994,137.156070272523,
7574,2014,11,6,,,,36.1910433607865,137.552471238363,
7575,2014,11,6,,,,36.1338347726605,137.199401903943,
7576,2014,11,6,,,,36.1384015866967,137.286457458642,
7577,2014,11,6,,,,36.1451937595917,137.339279447362,
7578,2014,11,6,,,,35.7880541939841,136.906281475715,
7579,2014,11,6,,,,35.8806860162801,136.871169040793,
7580,2014,11,6,,,,36.1329055260954,137.26843463649,
7581,2014,11,6,,,,36.3077254721512,137.093194057716,
7582,2014,11,7,,,,36.1744155936315,137.256667476587,
7583,2014,11,7,,,,35.8052256313527,136.889339462263,
7584,2014,11,7,,,,36.176004413233,137.396948495832,
7585,2014,11,7,,,,36.2599958473052,136.908723094816,
7586,2014,11,7,,,,35.9456919047041,136.828047752934,
7587,2014,11,7,,,,35.9035659463204,136.845726814965,
7588,2014,11,7,,,,35.6625503728627,136.574708427835,
7589,2014,11,7,,,,36.2680873874067,137.241957024985,
7590,2014,11,7,,,,36.1412493092229,137.285039243457,
7591,2014,11,7,,,,36.25456889321,137.17634962855,
7592,2014,11,7,,,,35.4896385371085,136.772068731564,
7593,2014,11,7,,,,36.155571353934,137.237583683838,
7594,2014,11,7,,,,36.0223881549837,136.920340581265,
7595,2014,11,8,,,,36.1951530869605,137.211718469103,
7596,2014,11,8,,,,35.9483593605739,136.876936740843,
7597,2014,11,8,,,,36.0801205305432,137.374408316071,
7598,2014,11,8,,,,36.1740662042786,137.337474507563,
7599,2014,11,8,,,,35.948880749191,136.85193971816,
7600,2014,11,8,,,,35.9514743392556,136.880577170764,
7601,2014,11,8,,,,36.2559339156382,137.167837789619,
7602,2014,11,8,,,,35.3719102841556,136.429583421856,
7603,2014,11,8,,,,35.610829805693,136.682968306127,
7604,2014,11,8,,,,36.1451932762348,137.267769646366,
7605,2014,11,8,,,,36.2635786719293,137.430823078952,
7606,2014,11,9,,,,36.0172422621838,136.920518130332,
7607,2014,11,9,,,,35.9995445863134,136.913551489392,
7608,2014,11,9,,,,36.0801959401954,137.374217538041,
7609,2014,11,9,,,,35.549130958018,136.667947956067,
7610,2014,11,9,,,,35.95191657234,136.872319260772,
7611,2014,11,9,,,,35.552596132607,136.666946154425,
7612,2014,11,9,,,,36.0826086664327,137.359927858141,
7613,2014,11,9,,,,36.1505493813007,137.244432899167,
7614,2014,11,9,,,,36.2269175791352,137.206683156917,
7615,2014,11,10,,,,36.160354000527,137.221661782188,
7616,2014,11,10,,,,35.9435499495662,136.831598370206,
7617,2014,11,10,,,,36.1643488034478,137.226958165229,
7618,2014,11,10,,,,36.1822968925769,137.30434334438,
7619,2014,11,10,,,,36.2975101688945,137.371298106554,
7620,2014,11,10,,,,35.4951181636641,136.538600996266,
7621,2014,11,10,,,,35.2632947835211,136.468681716817,
7622,2014,11,10,,,,35.4666274651331,136.481531467982,
7623,2014,11,10,,,,35.4774514235453,136.448127577484,
7624,2014,11,10,,,,35.492913611402,136.58186913856,
7625,2014,11,10,,,,35.9311196916103,137.303027373492,
7626,2014,11,11,,,,36.1456030270945,137.241625219554,
7627,2014,11,11,,,,35.8892458430451,136.869017523945,
7628,2014,11,11,,,,36.14622937154,137.241865069701,
7629,2014,11,11,,,,36.0557384047046,137.274011108318,
7630,2014,11,11,,,,36.2573682254614,136.908544889439,
7631,2014,11,11,,,,36.0666133678648,137.049572980868,
7632,2014,11,11,,,,36.1825571394567,137.30516573274,
7633,2014,11,11,,,,36.1380458213521,137.338330318487,
7634,2014,11,12,,,,35.9397480231353,137.082457847156,
7635,2014,11,12,,,,35.8875107222195,136.8636635352,
7636,2014,11,12,,,,35.8113213210209,136.92457330044,
7637,2014,11,12,,,,35.8875362224515,136.863839218848,
7638,2014,11,12,,,,36.1232134918666,137.279162423048,
7639,2014,11,12,,,,36.1803768851995,137.4009330916,
7640,2014,11,12,,,,36.1399933784232,137.145564509151,
7641,2014,11,12,,,,35.4931124087033,136.582101028657,
7642,2014,11,12,,,,35.4886333799482,136.535876783415,
7643,2014,11,12,,,,36.2314197539412,137.175526331357,
7644,2014,11,12,,,,36.1444756641855,137.240779719512,
7645,2014,11,12,,,,36.1426471179494,137.238536134969,
7646,2014,11,12,,,,35.6606595214555,136.590735489547,
7647,2014,11,13,,,,36.1896850056162,137.26109607918,
7648,2014,11,13,,,,36.0791109104012,137.378511929326,
7649,2014,11,13,,,,36.13865243535,137.261376237648,
7650,2014,11,13,,,,36.3053179437044,137.089698661893,
7651,2014,11,13,,,,36.2807236367464,137.383741388212,
7652,2014,11,13,,,,36.1803883997764,137.401220510517,
7653,2014,11,13,,,,35.8875600597855,136.863927406185,
7654,2014,11,13,,,,36.0453241975611,137.275856172925,
7655,2014,11,13,,,,36.0450498243215,137.275968775356,
7656,2014,11,13,,,,36.1679709647345,137.443244622813,
7657,2014,11,13,,,,36.171949924645,137.429925953701,
7658,2014,11,13,,,,36.1284511832571,137.186780491126,
7659,2014,11,14,,,,35.6123802672685,136.859494638775,
7660,2014,11,14,,,,36.0306124105006,137.459904551195,
7661,2014,11,14,,,,36.2233717593799,137.174506399644,
7662,2014,11,14,,,,36.030308989538,137.457217135138,
7663,2014,11,14,,,,36.1802579051325,137.401075929161,
7664,2014,11,14,,,,35.5212739533396,136.609373839993,
7665,2014,11,14,,,,35.8875994813255,136.86419098292,
7666,2014,11,14,,,,36.045372982607,137.276126597393,
7667,2014,11,14,,,,36.0789693994589,137.161412999224,
7668,2014,11,14,,,,35.7521590501299,136.943159186193,
7669,2014,11,14,,,,35.7999379534283,136.893197204722,
7670,2014,11,15,,,,36.1758506773422,137.241416231556,
7671,2014,11,15,,,,36.0883066186844,137.357927795807,
7672,2014,11,15,,,,36.1458234750206,137.232109649872,
7673,2014,11,15,,,,36.136574572144,137.207292465307,
7674,2014,11,15,,,,35.4839450473289,136.53752306944,
7675,2014,11,15,,,,36.0678165209105,137.226493532229,
7676,2014,11,15,,,,35.5212344521118,136.609330341341,
7677,2014,11,15,,,,36.1322403572861,137.349946373504,
7678,2014,11,16,,,,36.147850787772,137.27525732098,
7679,2014,11,16,,,,36.1275977284139,137.294336115158,
7680,2014,11,16,,,,36.1494324444457,137.239634293239,
7681,2014,11,16,,,,36.13459933041,137.289063197801,
7682,2014,11,16,,,,36.1507690666553,137.242546643985,
7683,2014,11,16,,,,36.0809919980555,137.372060353751,
7684,2014,11,16,,,,35.4610312619379,136.599642530172,
7685,2014,11,16,,,,35.8942166236334,136.901688161458,
7686,2014,11,17,,,,35.4770004605314,136.529745492918,
7687,2014,11,17,,,,35.5350673735845,136.886618115527,
7688,2014,11,17,,,,36.3027515122297,137.079524347012,
7689,2014,11,17,,,,36.2453059949738,137.52506850977,
7690,2014,11,17,,,,36.1477018635145,137.237672169208,
7691,2014,11,17,,,,35.4769969668001,136.529783758224,
7692,2014,11,17,,,,35.5355840653962,136.888337855861,
7693,2014,11,18,,,,35.5095389003625,136.550273902735,
7694,2014,11,18,,,,35.9437338963399,136.831431886072,
7695,2014,11,18,,,,36.1368529736346,137.263864778113,
7696,2014,11,18,,,,36.1386275660486,137.34962454845,
7697,2014,11,18,,,,36.1304048582148,137.189738569757,
7698,2014,11,18,,,,36.2196465733841,137.543712764867,
7699,2014,11,19,,,,36.2202625550276,137.543097727656,
7700,2014,11,19,,,,36.1377864099943,137.306300040801,
7701,2014,11,19,,,,36.1368878644263,137.262171240151,
7702,2014,11,19,,,,36.1315968591352,137.265824749597,
7703,2014,11,19,,,,35.88782544682,136.863940684512,
7704,2014,11,19,,,,36.1449281036129,137.21640250782,
7705,2014,11,19,,,,35.9437878710264,136.831555689502,
7706,2014,11,19,,,,36.0207547642317,137.288611970925,
7707,2014,11,19,,,,36.131954507281,137.262150596566,
7708,2014,11,19,,,,36.0959258530799,137.256935601141,
7709,2014,11,19,,,,36.175086185526,137.372390688309,
7710,2014,11,19,,,,36.1345285458149,137.346642858379,
7711,2014,11,19,,,,36.1441426296212,137.237203467101,
7712,2014,11,19,,,,35.6088107604951,136.75007754463,
7713,2014,11,20,,,,35.5045879000127,136.540978636168,
7714,2014,11,20,,,,36.1371046396621,137.264501655358,
7715,2014,11,20,,,,36.1446461601581,137.21600584028,
7716,2014,11,20,,,,35.8876807420335,136.864461600548,
7717,2014,11,20,,,,36.1352839129946,137.348264572847,
7718,2014,11,20,,,,35.895173197725,136.905674267127,
7719,2014,11,20,,,,36.1463373658153,137.263097484035,
7720,2014,11,20,,,,36.0001025660156,137.527649791156,
7721,2014,11,20,,,,36.1347676680244,137.233861892759,
7722,2014,11,20,,,,36.2521230604031,137.085635445102,
7723,2014,11,20,,,,36.3056714104434,137.095950159027,
7724,2014,11,21,,,,36.1592210363704,137.23342294902,
7725,2014,11,21,,,,36.1578475088107,137.254679539798,
7726,2014,11,21,,,,36.3056678105379,137.095958959066,
7727,2014,11,22,,,,36.1323492494141,137.258027361268,
7728,2014,11,22,,,,36.1539674413536,137.271335954232,
7729,2014,11,22,,,,36.1319661248237,137.265931653507,
7730,2014,11,22,,,,36.081059719458,137.261275808892,
7731,2014,11,22,,,,36.1806659480016,137.305323718027,
7732,2014,11,22,,,,36.2447133319287,137.149729313479,
7733,2014,11,23,,,,35.8814698674346,136.866210418552,
7734,2014,11,23,,,,35.5551008792885,137.457917842362,
7735,2014,11,23,,,,36.0802397992033,137.373664376618,
7736,2014,11,23,,,,36.0159109328786,137.290328225497,
7737,2014,11,23,,,,36.2020102000079,137.216975044502,
7738,2014,11,24,,,,36.1525911147529,137.240563417955,
7739,2014,11,24,,,,36.1268163959638,137.264222916768,
7740,2014,11,25,,,,36.1773860584719,137.402020987945,
7741,2014,11,25,,,,36.1327472518313,137.319776933188,
7742,2014,11,25,,,,36.1329438977711,137.267824374101,
7743,2014,11,26,,,,36.2879976718857,137.354522529257,
7744,2014,11,26,,,,35.713018387334,136.94920395136,
7745,2014,11,26,,,,35.5520086401977,136.63584041773,
7746,2014,11,26,,,,35.5097477720826,136.556858272795,
7747,2014,11,26,,,,35.8868659598183,137.174190874082,
7748,2014,11,27,,,,36.2637537149967,137.568500932201,
7749,2014,11,27,,,,36.146414828821,137.241626325316,
7750,2014,11,27,,,,36.1304746021208,137.248196395413,
7751,2014,11,28,,,,36.2636351026919,137.568850780762,
7752,2014,11,28,,,,36.2577259990583,136.907153894563,
7753,2014,11,28,,,,36.1335579358721,137.219676688361,
7754,2014,11,30,,,,36.1244438242457,137.264305968845,
7755,2014,11,30,,,,36.1745975633731,137.386112719039,
7756,2014,11,30,,,,36.2583650451512,136.909089128667,
7757,2014,11,30,,,,36.2634387567301,136.907894783611,
7758,2014,11,30,,,,35.8822750535893,136.869844260243,
7759,2014,12,1,,,,36.171307466775,137.315716262294,
7760,2014,12,2,,,,36.1531303052167,137.334290625233,
7761,2014,12,2,,,,35.3970504520983,137.27387797064,
7762,2014,12,2,,,,36.1334629340283,137.268597351558,
7763,2014,12,2,,,,36.1197576428096,137.241705846283,
7764,2014,12,2,,,,36.2582700424117,136.908166449952,
7765,2014,12,3,,,,36.2579177642412,136.908473863146,
7766,2014,12,3,,,,36.1492883792537,137.274840897244,
7767,2014,12,4,,,,36.1323783860383,137.260904162632,
7768,2014,12,5,,,,36.1665641808817,137.308008936776,
7769,2014,12,7,,,,35.5695954143385,136.787550711711,
7770,2014,12,8,,,,36.2083181761404,137.222834037826,
7771,2014,12,11,,,,36.163101923163,137.312304992765,
7772,2014,12,15,,,,35.2811816336431,137.413990755867,
7773,2014,12,17,,,,35.5399358221276,136.89319579092,
7774,2014,12,19,,,,35.5562784895519,136.804836027959,
7775,2014,12,20,,,,35.5625371605725,136.701917818598,
7776,2014,12,25,,,,36.1503007981978,137.29694337634,
7777,2014,12,26,,,,35.6609478425863,136.573754942732,
7778,2014,12,31,,,,35.6397762749907,136.604732765973,
7779,2013,10,10,,,,35.8591860134817,136.871761505511,
7780,2013,10,10,,,,35.2801189929536,136.454884624626,
7781,2013,10,18,,,,35.7913214111557,137.299980251,
7782,2013,10,30,,,,35.2939508700265,137.488079926464,
7783,2013,10,4,,,,36.1213043560977,137.077286521882,
7784,2013,10,8,,,,36.1387076856218,137.353886225221,
7785,2013,11,12,,,,36.1639949872265,137.258889587569,
7786,2013,11,12,,,,36.3508655661954,137.179636950255,
7787,2013,11,15,,,,36.2575345863224,136.900274896559,
7788,2013,11,20,,,,36.1627666515403,137.259182249834,
7789,2013,11,20,,,,35.3280003057882,137.465225825096,
7790,2013,11,2,,,,35.5616485558265,136.7727065546,
7791,2013,11,6,,,,36.1327551310951,137.226408009611,
7792,2013,12,11,,,,35.9410969130341,136.837270971338,
7793,2013,12,17,,,,35.4235772953947,137.376217370119,
7794,2013,12,3,,,,36.1548620436384,137.272598116279,
7795,2013,12,4,,,,36.1524359636108,137.267434202346,
7796,2013,12,4,,,,36.155778040224,137.293291949217,
7797,2013,12,8,,,,36.1619012896539,137.264099646242,
7798,2014,2,5,,,,35.3453001233845,137.420034578809,
7799,2014,3,18,,,,35.4306180088815,137.387794722265,
7800,2014,3,26,,,,35.7533554057446,136.943246514039,
7801,2014,3,28,,,,36.281453377327,137.251041221516,
7802,2014,3,8,,,,36.2593506463699,136.904877291766,
7803,2013,4,10,,,,36.4484842384137,137.242122938901,
7804,2013,4,11,,,,36.4387570154648,137.221383961697,
7805,2013,4,12,,,,35.5678056881863,136.805929452777,
7806,2013,4,14,,,,36.3966991146307,137.196510707269,
7807,2013,4,14,,,,36.4002776925863,137.188990297694,
7808,2013,4,14,,,,36.2978557039416,136.925167283838,
7809,2013,4,19,,,,36.4126165869606,137.195410561603,
7810,2013,4,19,,,,36.3723788420649,137.182790006591,
7811,2013,4,19,,,,35.9486647437087,136.857155316319,
7812,2013,4,22,,,,36.2520479115825,137.169195517129,
7813,2013,4,25,,,,36.2488275091134,137.169898312813,
7814,2013,4,27,,,,36.2991386299538,137.101416291405,
7815,2013,4,28,,,,36.272423359856,136.862231995988,
7816,2013,4,29,,,,36.2763783719248,137.030269336841,
7817,2013,4,29,,,,36.4018792911385,137.395553844086,
7818,2013,4,2,,,,36.3611913592441,137.196190486668,
7819,2013,4,30,,,,36.2702258914643,137.144590137857,
7820,2013,4,7,,,,36.380159425439,137.183836753022,
7821,2013,4,8,,,,35.602063993352,136.832596631645,
7822,2013,4,9,,,,36.3613702795341,137.195748284303,
7823,2013,4,9,,,,36.313222188343,137.132111210424,
7824,2013,4,9,,,,35.5517255536976,136.996048417581,
7825,2013,5,10,,,,35.3137128923725,137.351340595562,
7826,2013,5,13,,,,36.2000867655904,137.22223700708,
7827,2013,5,14,,,,36.2520797028516,136.875390336782,
7828,2013,5,15,,,,36.2140260959417,137.202888822583,
7829,2013,5,16,,,,35.3777833957592,137.385630069465,
7830,2013,5,1,,,,36.1847092020962,137.423864640211,
7831,2013,5,1,,,,36.2713410232614,136.859030461927,
7832,2013,5,1,,,,36.2594837234404,137.453170281987,
7833,2013,5,1,,,,35.462042050257,137.350390371868,
7834,2013,5,21,,,,36.3306144107825,137.146460013646,
7835,2013,5,22,,,,36.0095234413532,137.422174071139,
7836,2013,5,22,,,,36.3318661274556,137.145575484141,
7837,2013,5,22,,,,36.3311507864061,137.145575676951,
7838,2013,5,23,,,,36.3200597033071,137.134307460151,
7839,2013,5,23,,,,35.4133058139725,137.366328290654,
7840,2013,5,23,,,,36.1345735887562,137.32543306255,
7841,2013,5,24,,,,36.1219114098708,137.289497976657,
7842,2013,5,25,,,,36.1810457428629,137.256627810393,
7843,2013,5,25,,,,36.2739319421388,137.033072063014,
7844,2013,5,26,,,,36.1188353167728,137.289701696263,
7845,2013,5,2,,,,36.2761775269681,137.383621944289,
7846,2013,5,30,,,,35.7355852596526,137.154871918129,
7847,2013,5,30,,,,36.3313297143151,137.146238723187,
7848,2013,5,30,,,,35.4594402438471,137.433633897441,
7849,2013,5,31,,,,36.3379481157936,137.153973900185,
7850,2013,5,31,,,,36.1611125233189,137.306451207333,
7851,2013,5,4,,,,35.3976362057422,137.340193228562,
7852,2013,5,4,,,,36.2361235463824,137.171326390718,
7853,2013,5,5,,,,36.2633812136687,137.429836149917,
7854,2013,5,8,,,,36.2608087489764,137.44435868923,
7855,2013,5,9,,,,35.6668316517542,137.03420400028,
7856,2013,5,9,,,,36.2601277127432,137.44495244158,
7857,2013,6,10,,,,36.325425807638,137.136736441715,
7858,2013,6,10,,,,36.2728318985763,137.025666920587,
7859,2013,6,10,,,,36.2912486344957,137.061747298213,
7860,2013,6,10,,,,36.030984001018,136.949479612031,
7861,2013,6,11,,,,36.3324026557183,137.145575339523,
7862,2013,6,11,,,,36.1255213347064,137.076621826816,
7863,2013,6,11,,,,35.4004543011648,137.278526976911,
7864,2013,6,12,,,,35.7820105649759,137.258628978061,
7865,2013,6,12,,,,36.1217880679724,137.077503379684,
7866,2013,6,13,,,,36.0528351130409,137.288506710739,
7867,2013,6,13,,,,36.2183313833433,137.540794860429,
7868,2013,6,14,,,,36.0226740768374,137.39323132236,
7869,2013,6,16,,,,35.9117911269885,136.91070206288,
7870,2013,6,16,,,,36.3324026945317,137.145796448291,
7871,2013,6,17,,,,36.0794683591437,137.066182288191,
7872,2013,6,17,,,,36.2994471991204,136.891239517707,
7873,2013,6,17,,,,36.0261047598018,136.963438281177,
7874,2013,6,17,,,,36.1938838397607,137.240487224051,
7875,2013,6,18,,,,36.1420662290896,136.907910490766,
7876,2013,6,18,,,,36.2816897781062,137.043537394497,
7877,2013,6,18,,,,36.1653204364515,137.255432061929,
7878,2013,6,19,,,,36.2880857599776,137.049687722414,
7879,2013,6,19,,,,36.4185325788455,137.192549653382,
7880,2013,6,19,,,,36.4185326265957,137.192328412231,
7881,2013,6,19,,,,36.332323608252,137.145038796645,
7882,2013,6,1,,,,36.154325702311,137.293786620394,
7883,2013,6,1,,,,36.1675896148426,137.276537049435,
7884,2013,6,20,,,,36.4203955016653,137.20105253617,
7885,2013,6,20,,,,36.3029743577715,137.10599428435,
7886,2013,6,20,,,,36.2955220766819,137.131174432108,
7887,2013,6,20,,,,36.0823381818709,137.256536104204,
7888,2013,6,21,,,,36.2967736652839,137.130216459945,
7889,2013,6,21,,,,36.3302563422531,137.144470738621,
7890,2013,6,22,,,,36.1668808176525,137.296954468615,
7891,2013,6,23,,,,36.1665599560725,137.521956938444,
7892,2013,6,23,,,,36.1970151163851,137.163183397905,
7893,2013,6,23,,,,36.0623869926066,137.26292456283,
7894,2013,6,23,,,,36.1799930259956,137.480779484276,
7895,2013,6,23,,,,36.0166879292667,136.974070781661,
7896,2013,6,24,,,,36.0828321789608,137.067742403582,
7897,2013,6,24,,,,36.2758923532407,137.399444762854,
7898,2013,6,24,,,,36.0290811627131,136.959894308921,
7899,2013,6,24,,,,36.3054009208708,137.227942671483,
7900,2013,6,24,,,,36.3143798895698,136.897537519029,
7901,2013,6,24,,,,36.0608228688354,137.25947415338,
7902,2013,6,24,,,,36.3696057159029,137.375816514331,
7903,2013,6,24,,,,36.4130920926814,137.190040883454,
7904,2013,6,25,,,,36.1047619990947,137.074371193439,
7905,2013,6,25,,,,36.1411389183597,137.142167300065,
7906,2013,6,25,,,,36.0167822531702,137.178203621967,
7907,2013,6,25,,,,36.1043104293773,137.262200433252,
7908,2013,6,25,,,,36.0811430489404,137.252091262348,
7909,2013,6,25,,,,36.0907967382116,137.150856996462,
7910,2013,6,25,,,,36.3032972293316,137.105178295944,
7911,2013,6,25,,,,36.3149274652736,136.898322427614,
7912,2013,6,27,,,,36.2553580776607,136.887855540986,
7913,2013,6,27,,,,35.6775593808343,136.518987331418,
7914,2013,6,27,,,,35.5342584425125,137.425964654053,
7915,2013,6,27,,,,36.3058315773155,137.107046351805,
7916,2013,6,28,,,,36.272430009768,137.394096664792,
7917,2013,6,28,,,,36.1117978094695,137.415420546959,
7918,2013,6,28,,,,36.0488217864543,136.94790575034,
7919,2013,6,28,,,,36.264003044218,137.024997341296,
7920,2013,6,28,,,,36.2868909479994,137.048237827334,
7921,2013,6,29,,,,35.4305096420407,136.546113720221,
7922,2013,6,30,,,,36.0728224268732,137.054382269043,
7923,2013,6,30,,,,36.2399028563961,137.524420465947,
7924,2013,6,30,,,,36.163262982148,137.262411295702,
7925,2013,6,30,,,,35.8143639041477,136.952950052057,
7926,2013,6,30,,,,36.267921708382,137.102297041208,
7927,2013,6,30,,,,36.1709991289687,137.426883864979,
7928,2013,6,30,,,,36.2553622476803,137.101182524002,
7929,2013,6,30,,,,36.271767766522,137.024686357694,
7930,2013,6,3,,,,36.1728626109323,137.259095624761,
7931,2013,6,3,,,,35.4922455922562,136.532680169464,
7932,2013,6,5,,,,36.1677398823723,137.259240448781,
7933,2013,6,5,,,,35.7225938289278,137.156145866241,
7934,2013,6,5,,,,36.3273954352018,137.148229044936,
7935,2013,6,6,,,,36.1617259808925,137.264769428362,
7936,2013,6,6,,,,36.1626390824265,137.263557373531,
7937,2013,6,7,,,,36.1232764434869,137.553330414583,
7938,2013,6,8,,,,36.1691504130952,137.325785114097,
7939,2013,6,8,,,,36.0438222205374,136.941158467726,
7940,2013,6,9,,,,35.4205044967503,137.334625674953,
7941,2013,6,9,,,,36.1681555620464,137.300434120596,
7942,2013,6,9,,,,36.2912426990491,137.061762113213,
7943,2013,6,9,,,,36.3289405194973,137.137884589519,
7944,2013,6,9,,,,36.3293610459664,137.139387359152,
7945,2013,7,10,,,,36.079574177805,137.265737963387,
7946,2013,7,11,,,,36.2927128797884,137.214110155727,
7947,2013,7,11,,,,35.3504381329535,137.422638410144,
7948,2013,7,12,,,,36.3057058989712,137.231223779963,
7949,2013,7,12,,,,35.4305708090093,136.546404660412,
7950,2013,7,12,,,,36.3294328137607,136.892014183742,
7951,2013,7,12,,,,35.7466683553217,137.15046757843,
7952,2013,7,12,,,,36.127415336562,137.076622552223,
7953,2013,7,12,,,,36.2284140910401,137.528711220693,
7954,2013,7,12,,,,36.1645956651901,137.069717976032,
7955,2013,7,14,,,,36.2680742942263,137.567388499931,
7956,2013,7,15,,,,36.004654779253,137.541716248883,
7957,2013,7,15,,,,36.3042731299862,137.108411684225,
7958,2013,7,16,,,,36.2745293986752,137.385576615257,
7959,2013,7,16,,,,36.2611511719573,137.100803317649,
7960,2013,7,16,,,,36.0046580373123,137.541798460677,
7961,2013,7,16,,,,35.9810422463571,137.530937114884,
7962,2013,7,17,,,,36.3044773235357,137.109834920328,
7963,2013,7,17,,,,35.7963826525193,136.896140367347,
7964,2013,7,17,,,,36.0045554060214,137.542767912548,
7965,2013,7,17,,,,36.1977795865433,137.259177056192,
7966,2013,7,18,,,,35.7454868920247,137.103386807452,
7967,2013,7,18,,,,36.1934152585216,137.257755995827,
7968,2013,7,19,,,,36.061637219318,137.040944686968,
7969,2013,7,19,,,,36.262557240601,136.863051322356,
7970,2013,7,1,,,,36.1656528399715,137.067784939914,
7971,2013,7,1,,,,36.4071630426803,137.299565033582,
7972,2013,7,20,,,,36.1349068575312,137.555371653771,
7973,2013,7,20,,,,36.1941656256149,137.256870651494,
7974,2013,7,20,,,,36.061812307463,137.029328293795,
7975,2013,7,20,,,,36.2599526059401,136.86564513864,
7976,2013,7,21,,,,36.1368421644347,137.554190522871,
7977,2013,7,21,,,,36.1314338695387,137.556375909322,
7978,2013,7,22,,,,36.1142567157373,137.079282634635,
7979,2013,7,22,,,,36.2772409667379,137.156027078236,
7980,2013,7,23,,,,36.1312192740045,137.556374848378,
7981,2013,7,24,,,,36.2619702980251,136.864356568547,
7982,2013,7,24,,,,36.1333491505207,137.550366375982,
7983,2013,7,25,,,,36.2626638828493,136.865555273854,
7984,2013,7,26,,,,35.4496619047966,137.424980601644,
7985,2013,7,26,,,,35.3488966983094,137.394730089829,
7986,2013,7,26,,,,36.1316586382994,137.553209537456,
7987,2013,7,27,,,,36.1317856512698,137.552644303258,
7988,2013,7,28,,,,36.1318163775988,137.554209921766,
7989,2013,7,28,,,,36.1794616663625,137.32286510878,
7990,2013,7,2,,,,36.2545434316319,136.895669984841,
7991,2013,7,30,,,,36.1284639523507,137.556640644183,
7992,2013,7,31,,,,36.3096000889082,136.9713127653,
7993,2013,7,31,,,,36.1334553671165,137.55069021507,
7994,2013,7,3,,,,36.2547806071573,136.895095076627,
7995,2013,7,4,,,,36.2480180890149,137.508704499471,
7996,2013,7,5,,,,36.1744477443283,137.458514163228,
7997,2013,7,5,,,,36.0432657953071,137.323453322932,
7998,2013,7,5,,,,36.1190760360809,137.223805302682,
7999,2013,7,5,,,,36.0610892904106,136.943356965981,
8000,2013,7,6,,,,36.0816871458443,137.254001432035,
8001,2013,7,6,,,,36.1155455361174,136.920757229676,
8002,2013,7,6,,,,36.1771243737237,137.401122068315,
8003,2013,7,8,,,,36.1642996023363,137.071646596018,
8004,2013,7,9,,,,36.0550691170426,137.554992335524,
8005,2013,8,11,,,,36.0721756880495,137.472467602629,
8006,2013,8,11,,,,36.1328510851829,137.551268246146,
8007,2013,8,12,,,,36.1438008646463,137.549998672774,
8008,2013,8,12,,,,36.1298656351158,137.556368600756,
8009,2013,8,12,,,,35.8597880176302,137.080053405857,
8010,2013,8,13,,,,36.015929964425,136.981132237153,
8011,2013,8,13,,,,36.0425243583201,137.322842572974,
8012,2013,8,13,,,,36.1292129778568,137.559055023635,
8013,2013,8,14,,,,36.2199778051128,137.265021524663,
8014,2013,8,14,,,,36.195739996303,137.256284008726,
8015,2013,8,16,,,,36.1424021628652,137.550864492054,
8016,2013,8,16,,,,36.033527096001,137.477366246391,
8017,2013,8,17,,,,36.1310505353968,137.556822651333,
8018,2013,8,18,,,,36.1328885362687,137.552598594923,
8019,2013,8,19,,,,36.1328864033926,137.553260000944,
8020,2013,8,19,,,,36.0519713292772,137.09294377447,
8021,2013,8,19,,,,36.1396261063835,137.083219264492,
8022,2013,8,19,,,,36.0583480277008,137.034224294277,
8023,2013,8,1,,,,36.3438558007246,137.327994813204,
8024,2013,8,20,,,,36.0619210096278,137.034217529576,
8025,2013,8,20,,,,36.1294770017301,137.55672664869,
8026,2013,8,21,,,,36.2690862159323,137.022007553536,
8027,2013,8,21,,,,36.2412478351941,137.525655680468,
8028,2013,8,22,,,,36.0809025845053,137.250680981878,
8029,2013,8,23,,,,36.0620083024908,137.042339126268,
8030,2013,8,23,,,,36.2901927052426,137.210367838108,
8031,2013,8,23,,,,35.3604329059074,137.398219277372,
8032,2013,8,23,,,,36.1342298417418,137.07785263362,
8033,2013,8,24,,,,36.0676964827535,137.496947704698,
8034,2013,8,24,,,,36.1754510946273,137.223243567812,
8035,2013,8,24,,,,35.7922888215579,137.11804728499,
8036,2013,8,26,,,,36.1917043339635,137.553821095947,
8037,2013,8,26,,,,36.2688571980529,137.021931401969,
8038,2013,8,26,,,,36.2524184771659,136.899799090064,
8039,2013,8,27,,,,36.2698345637247,136.869594662424,
8040,2013,8,28,,,,36.0063563092526,137.549328021454,
8041,2013,8,29,,,,36.2588268558524,136.866091147265,
8042,2013,8,29,,,,36.2660561391839,136.859887573157,
8043,2013,8,29,,,,36.2611572866696,136.868246327363,
8044,2013,8,2,,,,36.1321811392072,137.552028938143,
8045,2013,8,30,,,,36.2566664023198,136.874755697091,
8046,2013,8,30,,,,36.0240318137882,136.964449069298,
8047,2013,8,30,,,,36.3004343515428,137.102160996441,
8048,2013,8,30,,,,36.191604653722,137.554210323775,
8049,2013,8,3,,,,36.1325381964654,137.55223645196,
8050,2013,8,3,,,,36.1427970144401,137.548979370784,
8051,2013,8,4,,,,36.1353226126942,137.55398460903,
8052,2013,8,4,,,,36.1376584977314,137.554348762059,
8053,2013,8,5,,,,36.1793638800021,137.324237452198,
8054,2013,8,6,,,,36.1290588533318,137.557069770501,
8055,2013,8,7,,,,36.0614800671029,137.028139324318,
8056,2013,8,7,,,,36.1297978722136,137.555309907677,
8057,2013,8,7,,,,36.1763379813868,137.302601137327,
8058,2013,8,7,,,,35.9671132633954,137.530623878968,
8059,2013,8,8,,,,36.1424086686377,137.549198059402,
8060,2013,8,8,,,,36.1871238106784,137.374413683606,
8061,2013,8,8,,,,36.1788722122014,137.262279868793,
8062,2013,8,8,,,,36.1815146626277,137.277895269411,
8063,2013,8,8,,,,36.13110358252,137.076408907124,
8064,2013,8,8,,,,36.1335562727941,137.554534687918,
8065,2013,8,9,,,,36.172735033412,137.294598047321,
8066,2013,9,10,,,,36.0738968624313,137.475407288725,
8067,2013,9,10,,,,35.5372181282176,137.345367681845,
8068,2013,9,10,,,,36.1176436314738,137.554684248159,
8069,2013,9,10,,,,36.23655041534,137.170814871602,
8070,2013,9,11,,,,35.5243659284765,137.386138323879,
8071,2013,9,12,,,,36.2332413000746,137.17723765768,
8072,2013,9,13,,,,36.2641904777906,137.33170068595,
8073,2013,9,14,,,,36.1306176767843,137.345939641163,
8074,2013,9,17,,,,36.144977281461,137.389061094707,
8075,2013,9,17,,,,35.7675502629444,137.258871347452,
8076,2013,9,18,,,,36.1173184518168,137.552000624791,
8077,2013,9,1,,,,36.2614517988469,136.914224647795,
8078,2013,9,1,,,,36.2641752068585,136.910917952426,
8079,2013,9,20,,,,35.7362261003398,136.924006485013,
8080,2013,9,20,,,,36.2288853610617,137.528595810023,
8081,2013,9,21,,,,35.5784313944859,137.383417424439,
8082,2013,9,23,,,,36.2710737367525,137.56980393823,
8083,2013,9,25,,,,35.988017195407,137.288077810562,
8084,2013,9,2,,,,36.0456850303043,137.526211541418,
8085,2013,9,5,,,,36.2562894931646,136.874205033126,
8086,2013,9,6,,,,36.2690644732763,137.407839183433,
8087,2013,9,6,,,,36.2931754716796,136.912517276475,
8088,2013,9,6,,,,36.2143446275045,137.365553934573,
8089,2013,9,7,,,,36.2539962545042,136.901538230459,
8090,2013,9,8,,,,36.0677001014799,137.497792209993,
8091,2013,9,8,,,,36.2926331484297,137.364621753041,
8092,2013,9,9,,,,36.0194139638063,136.994139213186,
8093,2026,4,5,12,0,0,35.526766349302,137.309124485278,恵那市 / 中野方町 / その他 / 1頭 / その他
8094,2026,4,6,19,0,0,35.3177615703768,137.479423893868,恵那市 / 上矢作町 / 国・県・市道 / 1頭 / 通勤・通学
8095,2026,4,6,16,0,0,36.3480613372012,137.185354727436,飛騨市 / 宮川町種蔵 / その他 / 1頭 / その他車移動
8096,2026,4,13,7,0,0,35.5684802107824,136.647605802257,本巣市 / 金原 / 国・県・市道 / 1頭 / 通勤・通学
8097,2026,4,12,11,0,0,35.8277377709911,137.235868183396,下呂市 / 東上田 / 山林 / 1頭 / その他
8098,2026,4,12,11,0,0,35.827726866679,137.235900905679,下呂市 / 東上田1177番地 / その他 / 1頭 / その他車移動
8099,2026,4,12,13,0,0,35.7341350639658,137.435095780162,中津川市 / 付知町 / 山林 / 1頭 / その他
8100,2026,4,18,8,0,0,35.4578491187739,136.680347574826,本巣市 / 三橋 / 農地 / 1頭 / その他
8101,2026,4,19,13,0,0,35.5576671881978,136.788448994669,山県市 / 富永 / 山林 / 1頭 / その他
8102,2026,4,18,12,0,0,35.6495856441,137.431536354067,中津川市 / 付知町 / 住宅地 / 1頭 / 自宅
8103,2026,4,5,17,0,0,35.6341837925822,137.436433420737,中津川市 / 付知町 / 山林 / 1頭 / 通勤・通学
8104,2026,4,19,12,0,0,35.5369130585543,136.649540843671,本巣市 / 神海 / 国・県・市道 / 1頭 / その他車移動
8105,2026,4,21,9,0,0,35.525325756089,136.787308714855,山県市 / 伊佐美東川地内 / 農地 / 1頭 / 自宅
8106,2026,4,22,11,0,0,35.5284011510239,136.79398606302,山県市 / 伊佐美・椎倉地内 / 河川敷 / 1頭 / 散歩
8107,2026,4,19,8,0,0,35.5329411336699,136.641907797001,揖斐川町 / 谷汲長瀬 / 農地 / 1頭 / 通勤・通学
8108,2026,4,23,7,0,0,35.516972939977,136.828381829666,岐阜市 / 北野北 / 農地 / 1頭 / 散歩
8109,2026,4,21,17,0,0,36.190171992462,136.899640448431,白川村 / 木谷 / 国・県・市道 / 1頭 / その他車移動
8110,2026,4,15,1,0,0,35.467811030745,137.45664666023,中津川市 / 茄子川 / その他 / 1頭 / その他車移動
8111,2026,4,14,18,0,0,35.4598940416752,137.459627366688,中津川市 / 茄子川 / 山林 / 1頭 / その他車移動
8112,2026,4,11,2,0,0,35.4771413254595,137.454425245605,中津川市 / 千旦林 / 山林 / 1頭 / その他車移動
8113,2026,4,23,6,0,0,35.9434914886385,136.82921326343,郡上市 / 白鳥町 / 山林 / 1頭 / 自宅
8114,2026,4,24,6,0,0,35.9434858553595,136.829213287414,郡上市 / 白鳥町 / 山林 / 1頭 / 自宅
8115,2026,4,25,16,0,0,35.7642347810957,137.257299579838,下呂市 / 上原 / 国・県・市道 / 1頭 / その他車移動
8116,2026,4,26,7,0,0,35.7641099921958,137.32247132395,中津川市 / 付知町 / 国・県・市道 / 1頭 / その他車移動
8117,2026,4,26,7,0,0,35.9404423258628,136.837647844637,郡上市 / 白鳥町前谷 / 河川敷 / 1頭 / その他
8118,2026,4,27,11,0,0,35.4236841433037,137.435635041612,恵那市 / 東野 / その他 / 1頭 / その他
8119,2026,4,19,16,0,0,35.7012878808391,136.949718431596,郡上市 / 八幡町吉野 / 国・県・市道 / 1頭 / その他
8120,2026,4,28,7,0,0,35.3228763237949,137.388965250764,恵那市 / 明智町 / 山林 / 1頭 / その他
8121,2026,4,29,14,0,0,35.6389805989381,136.598397999111,本巣市 / 根尾神所 / その他 / 1頭 / その他車移動
8122,2026,4,28,18,0,0,35.5007702009427,136.873930096548,関市 / 池尻 / 国・県・市道 / 1頭 / その他車移動
8123,2026,4,29,9,0,0,35.5041297647602,136.884171039233,関市 / 池尻 / 農地 / 1頭 / その他
8124,2026,4,29,9,0,0,35.5063449272592,136.88804362503,関市 / 池尻 / その他 / 1頭 / その他車移動
8125,2026,4,30,15,0,0,35.5064352544352,136.896046518601,関市 / 池尻 / 河川敷 / 1頭 / その他車移動
8126,2026,4,28,17,0,0,35.5539596497055,137.252113143441,白川町 / 赤河 / 国・県・市道 / 1頭 / 通勤・通学
8127,2026,5,1,5,0,0,35.8102917838307,137.238413283008,下呂市 / 湯之島260-1 / 河川敷 / 1頭 / その他
8128,2026,4,30,10,0,0,36.1772204535013,136.906567234195,白川村 / 長瀬 / 山林 / 1頭 / 通勤・通学
8129,2026,4,3,8,0,0,36.1512302330142,137.282871913076,高山市 / 高山市松之木町 / 河川敷 / 1頭 / その他
8130,2026,4,8,14,0,0,36.2040406436429,137.310811310809,高山市 / 丹生川町大沼 / 林道 / 1頭 / 林業作業
8131,2026,4,9,17,0,0,36.1522495621712,137.242639957081,高山市 / 高山市下岡本町 / 住宅地 / 1頭 / その他
8132,2026,4,10,18,0,0,36.147749111043,137.23344464663,高山市 / 高山市下林町 / 住宅地 / 1頭 / その他車移動
8133,2026,4,11,14,0,0,36.0802763753003,137.264157985935,高山市 / 久々野町山梨 / 国・県・市道 / 1頭 / その他車移動
8134,2026,4,16,11,0,0,36.0913459928919,136.936196153501,高山市 / 荘川町中野 / 国・県・市道 / 1頭 / その他車移動
8135,2026,4,22,10,0,0,36.2044277776381,137.311160933982,高山市 / 丹生川町三之瀬 / 国・県・市道 / 1頭 / その他車移動
8136,2026,4,24,16,0,0,36.1318834217925,137.262296571407,高山市 / 高山市城山 / 住宅地 / 1頭 / その他
8137,2026,4,24,16,0,0,36.1325397223316,137.222201726722,高山市 / 高山市新宮町 / 住宅地 / 1頭 / その他車移動
8138,2026,4,24,13,0,0,36.1596670115108,137.236634824465,高山市 / 高山市冬頭町 / その他 / 1頭 / その他
8139,2026,4,25,6,0,0,36.2730899567715,137.394190544421,高山市 / 上宝町長倉 / 国・県・市道 / 1頭 / その他車移動
8140,2026,4,26,5,0,0,36.1593445387574,137.238954681675,高山市 / 高山市冬頭町 / 国・県・市道 / 1頭 / その他車移動
8141,2026,5,2,18,0,0,35.5002027451028,136.574954551219,揖斐川町 / 大光寺 / 国・県・市道 / 1頭 / 農作業
8142,2026,5,3,10,0,0,35.4922393818335,136.572051597095,揖斐川町 / 三輪 / 登山道 / 1頭 / 登山
8143,2026,5,3,13,0,0,36.1825752229676,136.899639165038,白川村 / 平瀬 / 国・県・市道 / 1頭 / 通勤・通学
8144,2026,5,4,7,0,0,35.4906191600293,136.572283967952,揖斐川町 / 三輪 / 林道 / 1頭 / その他車移動
8145,2026,5,4,20,0,0,35.5385703163358,137.14908133303,八百津町 / 上吉田 / 山林 / 1頭 / その他
8146,2026,5,5,17,0,0,36.1734051899331,136.907618556082,白川村 / 長瀬 / 山林 / 1頭 / その他車移動
8147,2026,4,25,17,0,0,35.7658973975896,137.257285237417,下呂市 / 上原 / その他 / 1頭 / その他車移動
8148,2026,4,26,7,0,0,35.7562855656696,137.328198360597,下呂市 / 御厩野 / その他 / 1頭 / その他車移動
8149,2026,5,7,10,0,0,35.5517289504513,136.446050211571,揖斐川町 / 揖斐川町 / 林道 / 1頭 / その他車移動
8150,2026,5,7,11,0,0,35.9836081279809,137.280952384546,下呂市 / 小坂町門坂 / 国・県・市道 / 1頭 / その他車移動
8151,2026,5,7,14,0,0,36.1790675738685,136.901191510126,白川村 / 平瀬 / 国・県・市道 / 1頭 / その他車移動
8152,2026,5,7,19,0,0,35.8733080597789,136.880142666113,郡上市 / 白鳥町那留 / 住宅地 / 1頭 / その他車移動
8153,2026,5,8,16,0,0,36.1676230252877,136.906157145002,白川村 / 御母衣 / 住宅地 / 1頭 / 散歩
8154,2026,5,8,16,0,0,36.1790299294226,136.90123541131,白川村 / 平瀬 / 国・県・市道 / 1頭 / 通勤・通学
8155,2026,5,8,14,0,0,35.4895470388607,136.589799149908,揖斐川町 / 小野 / その他 / 1頭 / その他
8156,2026,5,8,15,0,0,35.4864970068979,136.584412471719,揖斐川町 / 志津山 / 農地 / 1頭 / その他車移動
8157,2026,5,10,12,0,0,36.3904368649372,137.184047915395,飛騨市 / 宮川町塩屋 / 国・県・市道 / 1頭 / 散歩
8158,2026,5,11,8,0,0,36.1021907929642,136.928610690856,白川村 / 尾神 / 国・県・市道 / 1頭 / その他車移動
8159,2026,5,10,19,0,0,35.490087441652,137.159521206131,八百津町 / 八百津 / 国・県・市道 / 1頭 / その他車移動
8160,2026,5,9,20,0,0,35.4294063330469,137.454255288094,恵那市 / 東野小野川 / 河川敷 / 1頭 / その他車移動
8161,2026,5,9,9,0,0,35.418606558194,136.567271228482,池田町 / 片山 / 山林 / 1頭 / 散歩
8162,2026,5,10,14,0,0,35.4163660483073,136.553471408644,池田町 / 片山 / 林道 / 1頭 / その他車移動
8163,2026,5,11,13,0,0,35.8779109259494,136.844706950775,郡上市 / 白鳥町向小駄良 / 国・県・市道 / 1頭 / その他
8164,2026,5,11,14,0,0,36.1737188455878,136.901142176354,白川村 / 平瀬 / 国・県・市道 / 1頭 / その他車移動
8165,2026,5,10,10,0,0,35.5480914959492,136.682221154254,本巣市 / 外山 / 山林 / 1頭 / その他車移動
8166,2026,5,11,12,0,0,35.4949758139925,136.561997955458,揖斐川町 / 上南方 / 国・県・市道 / 1頭 / その他車移動
8167,2026,5,12,14,0,0,36.1723402569863,136.907490059058,白川村 / 平瀬 / その他 / 1頭 / その他
8168,2026,5,2,17,0,0,35.5190013712237,136.859614943534,関市 / 広見 / 山林 / 1頭 / その他
8169,2026,5,2,17,0,0,35.493072113001,136.866519636495,関市 / 小屋名 / 国・県・市道 / 1頭 / その他車移動
8170,2026,5,8,5,0,0,35.4937176390969,136.859582767696,関市 / 千疋 / 住宅地 / 1頭 / 自宅
8171,2026,5,8,5,0,0,35.4939555939389,136.85957745315,関市 / 千疋 / 住宅地 / 1頭 / 自宅
8172,2026,5,8,13,0,0,35.4954764583795,136.860014758471,関市 / 大平台 / 山林 / 1頭 / 自宅
8173,2026,5,11,11,0,0,35.4957772003549,136.866701074192,関市 / 千疋 / 国・県・市道 / 1頭 / その他車移動
8174,2026,5,13,7,0,0,35.4994954937449,136.974307147909,富加町 / 大山 / 山林 / 1頭 / 通勤・通学
8175,2026,5,12,6,0,0,35.4948368253363,136.558555313356,揖斐川町 / 上南方 / 住宅地 / 1頭 / その他
8176,2026,5,12,12,0,0,35.4969669134964,136.556658573606,揖斐川町 / 上南方 / 山林 / 1頭 / その他
8177,2026,5,12,14,0,0,35.5010153552104,136.544976800447,揖斐川町 / 北方 / 農地 / 1頭 / その他
8178,2026,5,12,15,0,0,35.5057545499352,136.543044901942,揖斐川町 / 北方 / 山林 / 1頭 / その他
8179,2026,5,12,19,0,0,35.5088129389673,136.532964676611,揖斐川町 / 北方 / 国・県・市道 / 1頭 / その他車移動
8180,2026,5,13,11,0,0,35.569704144164,137.188987810369,白川町 / 河岐 / 国・県・市道 / 1頭 / その他車移動
8181,2026,5,12,19,0,0,36.0260509206107,137.393246481814,高山市 / 朝日町一之宿 / 農地 / 1頭 / 自宅
8182,2026,5,13,18,0,0,36.1973423262212,136.898881486648,白川村 / 保木脇 / 国・県・市道 / 1頭 / その他車移動
8183,2026,5,14,11,0,0,35.863475176668,136.845685846718,郡上市 / 白鳥町越佐 / 山林 / 1頭 / その他車移動
8184,2026,5,14,12,0,0,35.4873612727041,136.538810415656,揖斐川町 / 上野 / 住宅地 / 1頭 / その他
8185,2026,5,14,13,0,0,35.4920098703701,136.54005549698,揖斐川町 / 上野 / 山林 / 1頭 / その他
8186,2026,5,14,14,0,0,35.4937999992027,136.534389437796,揖斐川町 / 上野 / その他 / 1頭 / その他
8187,2026,5,15,7,0,0,35.5097644862049,136.563867226072,揖斐川町 / 若松 / 山林 / 1頭 / 自宅
8188,2026,5,15,11,0,0,35.9630525525657,136.804906024071,郡上市 / 白鳥町石徹白 / 山林 / 1頭 / その他
8189,2026,5,7,9,0,0,35.4873965582517,136.618776994575,大野町 / 野登山道 / 山林 / 1頭 / その他
8190,2026,4,25,10,0,0,35.3143525155102,137.315723969665,瑞浪市 / 陶町水上 / 山林 / 1頭 / その他
8191,2026,5,15,10,0,0,35.9363698979001,137.437599186385,下呂市 / 小坂町落合 / 国・県・市道 / 1頭 / その他車移動
8192,2026,5,17,15,0,0,35.5330556854191,136.794892903002,山県市 / 椎倉地内 / 国・県・市道 / 1頭 / その他車移動
8193,2026,5,19,7,0,0,35.542069934117,136.643991972958,本巣市 / 神海 / 山林 / 1頭 / 建設作業
8194,2026,5,10,16,0,0,35.7499688896973,136.769968290859,関市 / 板取杉原 / 国・県・市道 / 1頭 / その他車移動
8195,2026,5,15,8,0,0,35.429253914433,136.42338101744,揖斐川町 / 春日川合 / 山林 / 1頭 / その他
8196,2026,5,20,5,0,0,35.4911968265222,137.326212955336,恵那市 / 笠置町 / その他 / 1頭 / その他
8197,2026,5,18,21,0,0,35.5340645946843,136.823186137509,関市 / 武芸川町宇多院 / 国・県・市道 / 1頭 / その他車移動
8198,2026,5,20,9,0,0,36.1790499185936,136.901104716474,白川村 / 平瀬 / 国・県・市道 / 1頭 / 通勤・通学
8199,2026,5,19,22,0,0,36.3304918736561,137.301652669023,飛騨市 / 神岡町 / 住宅地 / 1頭 / 自宅
8200,2026,5,21,11,0,0,35.4939591624613,136.619286505095,大野町 / 揖斐郡大野町野地内 / 山林 / 1頭 / 建設作業
8201,2026,5,20,19,0,0,35.5102230665587,136.856583634673,関市 / 武芸川町跡部 / 国・県・市道 / 1頭 / 通勤・通学
8202,2026,5,22,17,0,0,36.1715981941366,136.903532368,白川村 / 平瀬 / 国・県・市道 / 1頭 / 通勤・通学
8203,2026,5,21,17,0,0,36.1466171413686,136.909536189429,白川村 / 牧 / 住宅地 / 1頭 / その他車移動
8204,2026,5,21,17,0,0,36.1475848787065,136.911099930124,白川村 / 白川村 / 住宅地 / 1頭 / 散歩
8205,2026,5,24,7,0,0,35.6972232003139,137.426835899125,中津川市 / 付知町 / その他 / 1頭 / その他
8206,2026,5,25,6,0,0,35.6585609624322,137.429013295796,中津川市 / 付知町 / 河川敷 / 1頭 / 散歩
8207,2026,5,25,8,0,0,36.1017950599787,137.339895640725,高山市 / 朝日町小瀬字蛇抜谷地内 / 山林 / 1頭 / その他
8208,2026,5,22,21,0,0,35.6059575236127,137.475669640162,中津川市 / 坂下　上野　地内 / 国・県・市道 / 1頭 / その他車移動
8209,2026,5,13,14,0,0,35.5063834922254,136.854642375936,岐阜市 / 三輪 / 国・県・市道 / 1頭 / その他車移動
8210,2026,5,22,17,0,0,35.5064586122186,136.857563368605,岐阜市 / 三輪 / 国・県・市道 / 1頭 / その他
8211,2026,5,26,10,0,0,35.6102678884312,136.747265291062,山県市 / 谷合五入道地内 / 山林 / 1頭 / 林業作業
8212,2026,5,20,11,0,0,35.7222116637561,136.762548294465,関市 / 板取田口 / 林道 / 1頭 / その他車移動
8213,2026,5,26,15,0,0,35.6330700751578,137.380931638521,東白川村 / 越原 / 農地 / 1頭 / 自宅
8214,2026,5,27,8,0,0,36.3400599033047,137.172614878225,飛騨市 / 宮川町丸山 / 国・県・市道 / 1頭 / その他車移動
8215,2026,5,26,15,0,0,35.4733902066243,136.512352789747,揖斐川町 / 春日六合 / 国・県・市道 / 1頭 / 通勤・通学
8216,2026,5,24,22,0,0,35.5111994342193,136.583007652835,揖斐川町 / 谷汲名礼地内 / 国・県・市道 / 1頭 / 通勤・通学
8217,2026,5,26,18,0,0,36.1791916471544,136.905870061931,白川村 / 長瀬字稗田 / 国・県・市道 / 1頭 / 通勤・通学
8218,2026,5,27,8,0,0,36.1797823444127,136.900906994206,白川村 / 平瀬 / 国・県・市道 / 1頭 / 通勤・通学
8219,2026,5,27,19,0,0,35.5496968780528,137.457420248807,中津川市 / 福岡上ノ平提 / 山林 / 1頭 / 通勤・通学
8220,2026,5,27,18,0,0,36.2651186046651,136.900220758431,白川村 / 鳩谷字寺尾 / 国・県・市道 / 2頭 / 通勤・通学
8221,2026,5,28,12,0,0,36.1751198453085,136.907331515193,白川村 / 長瀬字稗田 / 国・県・市道 / 1頭 / その他車移動
8222,2026,5,28,7,0,0,35.4082645385877,136.558100606383,大垣市 / 青墓町 / 山林 / 1頭 / その他
8223,2026,5,28,15,0,0,35.4009459763415,136.557695297165,大垣市 / 青墓町 / 国・県・市道 / 1頭 / その他車移動
8224,2026,5,13,18,0,0,36.0259967632223,137.393287935786,高山市 / 朝日町一之宿 / 農地 / 1頭 / 自宅
8225,2026,5,28,7,0,0,36.0033368484907,137.349392554657,高山市 / 朝日町西洞 / 国・県・市道 / 1頭 / 通勤・通学
8226,2026,5,28,6,0,0,35.9940927908038,137.352967625987,高山市 / 朝日町西洞 / 国・県・市道 / 1頭 / 通勤・通学
8227,2026,5,26,11,0,0,36.0051815096057,137.371496323036,高山市 / 朝日町西洞 / その他 / 1頭 / その他
8228,2026,5,28,14,0,0,36.0928568160481,137.396079748458,高山市 / 朝日町青屋 / 国・県・市道 / 1頭 / 散歩
8229,2026,5,15,9,0,0,36.0921807157292,137.389877758882,高山市 / 朝日町青屋 / その他 / 1頭 / 散歩
8230,2026,5,17,13,0,0,36.1097136165178,137.38883800712,高山市 / 朝日町青屋 / 登山道 / 1頭 / 登山
8231,2026,5,2,14,0,0,36.1113431257548,137.415310003591,高山市 / 朝日町青屋 / その他 / 1頭 / 散歩
8232,2026,5,2,14,0,0,36.1116094265959,137.415652401848,高山市 / 朝日町青屋 / その他 / 1頭 / 散歩
8233,2026,5,5,15,0,0,36.1132656002797,137.41509666836,高山市 / 朝日町青屋 / 河川敷 / 1頭 / 散歩
8234,2026,5,10,14,0,0,36.1139873907863,137.416363860358,高山市 / 朝日町青屋 / その他 / 1頭 / 散歩
8235,2026,5,29,15,0,0,35.5144373840406,136.606470222505,揖斐川町 / 谷汲大洞 / 山林 / 1頭 / その他
8236,2026,5,29,14,0,0,35.4505996453857,136.544791052906,池田町 / 願成寺 / 国・県・市道 / 1頭 / その他車移動
8237,2026,5,26,7,0,0,35.5123370889948,136.855806546614,関市 / 武芸川町跡部 / 国・県・市道 / 1頭 / 通勤・通学
8238,2026,5,28,16,0,0,35.5518825547413,136.995986622638,関市 / 下之保 / 国・県・市道 / 1頭 / 通勤・通学
8239,2026,5,29,4,0,0,35.4483790664232,136.636303460541,大野町 / 下方（柿畑） / 農地 / 1頭 / 散歩
8240,2026,5,24,20,0,0,35.3890183171482,136.575981192317,大垣市 / 赤坂町 / 国・県・市道 / 1頭 / 散歩
8241,2026,5,30,12,0,0,35.5254881278317,136.646790663937,本巣市 / 神海 / 国・県・市道 / 1頭 / その他車移動
8242,2026,5,30,13,0,0,35.5258683155158,136.660538662142,本巣市 / 木知原 / その他 / 1頭 / その他
8243,2026,5,31,9,0,0,35.8025041593338,137.262963973113,下呂市 / 小川 / 山林 / 1頭 / その他車移動
8244,2026,5,29,4,0,0,35.5445991676144,137.314962182642,白川町 / 切井搭洞 / 農地 / 1頭 / 散歩
8245,2026,5,31,18,0,0,35.5546832508552,137.240683017121,白川町 / 赤河古田 / 国・県・市道 / 1頭 / その他車移動
8246,2026,5,30,9,0,0,35.5265529611063,136.63967178976,揖斐川町 / 谷汲長瀬 / 農地 / 1頭 / その他車移動
8247,2026,5,31,9,0,0,35.6677378423944,136.501270759144,揖斐川町 / 開田 / その他 / 1頭 / その他
8248,2026,5,29,12,0,0,35.8823804070005,137.217548422959,下呂市 / 萩原町桜洞495-3 / 住宅地 / 1頭 / その他
8249,2026,5,2,11,0,0,36.1326994230077,137.261894794525,高山市 / 高山市城山 / その他 / 1頭 / その他
8250,2026,6,1,14,0,0,35.7686708529224,137.282699968633,下呂市 / 宮地1751-1 / 国・県・市道 / 1頭 / その他車移動
8251,2026,5,6,10,0,0,36.1843807104519,137.553000238112,高山市 / 高山市奥飛騨温泉郷平湯 / その他 / 1頭 / 散歩
8252,2026,5,8,7,0,0,36.204496506251,137.312084087855,高山市 / 高山市丹生川町大沼 / 国・県・市道 / 1頭 / その他車移動
8253,2026,5,9,17,0,0,36.1811813971581,137.511401714141,高山市 / 高山市丹生川町久手 / 国・県・市道 / 1頭 / その他車移動
8254,2026,5,12,17,0,0,36.1741524401711,137.248403367827,高山市 / 高山市下切町 / 国・県・市道 / 1頭 / その他車移動
8255,2026,6,1,19,0,0,35.6452869470841,137.380603211448,東白川村 / 越原 / 河川敷 / 1頭 / 自宅
8256,2026,6,2,7,0,0,35.5762624583801,137.523460669375,中津川市 / 坂下矢渕地内 / 河川敷 / 1頭 / 散歩
8257,2026,5,12,19,0,0,36.1404736676924,137.283526982063,高山市 / 高山市山口町 / 国・県・市道 / 1頭 / その他
8258,2026,5,17,13,0,0,36.1145468797863,137.417521909423,高山市 / 高山市朝日町青屋 / その他 / 1頭 / その他車移動
8259,2026,5,19,13,0,0,36.2829214210194,137.303563564657,高山市 / 高山市上宝町蔵柱 / 国・県・市道 / 1頭 / その他車移動
8260,2026,5,12,17,0,0,36.0451116686251,137.442179500476,高山市 / 高山市高根町中洞 / 国・県・市道 / 1頭 / その他車移動
8261,2026,5,24,19,0,0,36.1539801355656,137.218271364938,高山市 / 高山市下林町 / 河川敷 / 1頭 / その他
8262,2026,5,25,18,0,0,36.1793965450348,137.419666595769,高山市 / 高山市丹生川町日面 / 国・県・市道 / 1頭 / その他車移動
8263,2026,5,26,7,0,0,36.1710947692036,137.351039971802,高山市 / 高山市丹生川町大谷 / 農地 / 2頭 / 農作業
8264,2026,5,26,13,0,0,36.045518101004,137.441813280871,高山市 / 高山市高根町中洞 / 国・県・市道 / 1頭 / その他車移動
8265,2026,5,26,18,0,0,36.1526345598754,137.238594315834,高山市 / 高山市下岡本町 / 住宅地 / 1頭 / その他
8266,2026,5,28,12,0,0,36.1682100762434,137.336172967702,高山市 / 高山市丹生川町坊方 / 国・県・市道 / 1頭 / その他
8267,2026,5,28,11,0,0,36.254927748789,137.475868805955,高山市 / 高山市奥飛騨温泉郷笹島 / 国・県・市道 / 1頭 / その他車移動
8268,2026,5,30,18,0,0,36.1695020700447,137.336741956908,高山市 / 高山市丹生川町坊方 / 住宅地 / 1頭 / 自宅
8269,2026,5,31,18,0,0,36.1359615637451,137.231721519294,高山市 / 高山市上岡本町２丁目 / 住宅地 / 1頭 / その他
8270,2026,6,1,7,0,0,36.3463380896683,137.18621566782,飛騨市 / 宮川町種蔵 / 国・県・市道 / 1頭 / 自宅
8271,2026,6,1,11,0,0,36.3469934091188,137.184871241671,飛騨市 / 宮川町種蔵 / その他 / 1頭 / 農作業
8272,2026,6,2,18,0,0,35.5644427827313,137.523559960205,中津川市 / 坂下2667番地付近 / 国・県・市道 / 1頭 / 通勤・通学
8273,2026,6,2,19,0,0,35.4426663392721,137.409738520996,恵那市 / 長島町 / 国・県・市道 / 1頭 / その他
8274,2026,5,14,12,0,0,35.9467754837162,136.869394566857,郡上市 / 高鷲町大鷲地内 / 国・県・市道 / 2頭 / その他
8275,2026,5,26,17,0,0,35.9403408053482,136.87617835408,郡上市 / 高鷲町大鷲向鷲見地区 / その他 / 1頭 / その他
8276,2026,6,2,16,0,0,35.7471732421161,137.149508393116,下呂市 / 金山町中切 / 国・県・市道 / 1頭 / その他
8277,2026,6,3,11,0,0,36.1724830448291,136.907354803255,白川村 / 長瀬 / 国・県・市道 / 1頭 / その他車移動
8278,2026,5,22,9,0,0,35.8128241506599,137.02095854775,郡上市 / 八幡町初納　地内 / 山林 / 1頭 / 自宅
8279,2026,5,19,16,0,0,35.8065691232153,137.021263212635,郡上市 / 八幡町市島　地内 / 国・県・市道 / 1頭 / 自宅
8280,2026,5,15,8,0,0,35.8194737771444,137.026551743131,郡上市 / 八幡町有穂地内 / 山林 / 1頭 / 自宅
8281,2026,5,14,13,0,0,35.8228080894906,137.025959306919,郡上市 / 八幡町有穂地内 / 山林 / 1頭 / 自宅
8282,2026,6,3,13,0,0,36.3394865516629,137.170446716237,飛騨市 / 宮川町丸山 / その他 / 1頭 / その他
8283,2026,6,4,8,0,0,36.177648203178,136.900252745217,白川村 / 平瀬 / 国・県・市道 / 1頭 / 散歩
8284,2026,6,4,5,0,0,36.3507680180725,137.185009284995,飛騨市 / 宮川町巣之内 / 国・県・市道 / 1頭 / その他車移動
8285,2026,6,4,7,0,0,36.3389447042075,137.168330108396,飛騨市 / 宮川町丸山 / その他 / 1頭 / その他車移動
8286,2026,4,9,5,0,0,36.2396853088795,137.200030314001,飛騨市 / 古川町上気多 / 住宅地 / 1頭 / 自宅
8287,2026,5,11,5,0,0,36.2479255773874,137.12341268646,飛騨市 / 古川町黒内 / 住宅地 / 1頭 / 散歩
8288,2026,5,24,4,0,0,36.2662862207245,137.137490437728,飛騨市 / 古川町野口（鷹狩橋付近） / 河川敷 / 1頭 / その他車移動
8289,2026,5,27,13,0,0,36.2676211096983,137.136968227211,飛騨市 / 古川町谷 / 農地 / 1頭 / その他車移動
8290,2026,5,27,17,0,0,36.2556982172972,137.139743684494,飛騨市 / 古川町信包（飛騨市森林公園陸上競技場付近） / 農地 / 1頭 / その他車移動
8291,2026,4,9,17,0,0,35.540353712152,137.473003921142,中津川市 / 苗木 / 山林 / 1頭 / 通勤・通学
8292,2026,5,17,20,0,0,35.4711990800024,137.452783370925,中津川市 / 千旦林 / 農地 / 1頭 / その他車移動
8293,2026,5,18,18,0,0,35.5184176429609,137.540491995609,中津川市 / 落合 / 国・県・市道 / 1頭 / その他車移動
8294,2026,5,19,9,0,0,35.5248267326556,137.439304465306,中津川市 / 高山 / 山林 / 1頭 / その他車移動
8295,2026,5,23,13,0,0,35.5228050861726,137.56803920285,中津川市 / 神坂 / 国・県・市道 / 1頭 / その他車移動
8296,2026,5,23,15,0,0,35.5000665498989,137.592961571371,中津川市 / 神坂 / 山林 / 1頭 / その他
8297,2026,5,31,8,0,0,35.7342599695083,136.774569409914,関市 / 板取保木口 / その他 / 1頭 / その他車移動
8298,2026,5,17,9,0,0,35.5639194974003,137.456543565767,中津川市 / 福岡植苗木 / 山林 / 1頭 / その他車移動
8299,2026,5,23,7,0,0,35.6340954282067,137.465283167292,中津川市 / 田瀬　宮脇 / 山林 / 1頭 / 通勤・通学
8300,2026,6,5,4,0,0,35.4155415662924,137.378444891683,恵那市 / 三郷町 / 住宅地 / 1頭 / 自宅
8301,2026,6,5,8,0,0,36.3466950516383,136.874544139569,白川村 / 小白川 / 国・県・市道 / 1頭 / その他車移動
8302,2026,6,5,10,0,0,36.3467831897366,136.874652434611,白川村 / 小白川 / 国・県・市道 / 1頭 / その他車移動
8303,2026,6,6,15,0,0,36.1734023351205,136.907340654865,白川村 / 平瀬 / 山林 / 1頭 / その他
8304,2026,6,7,16,0,0,36.254714193584,136.893124514604,白川村 / 荻町 / 国・県・市道 / 1頭 / その他車移動
8305,2026,6,8,10,0,0,36.2580106446795,136.89961756115,白川村 / 鳩谷 / 国・県・市道 / 1頭 / その他車移動
8306,2026,6,8,9,0,0,35.5573337032122,136.722847965187,山県市 / 平井 / 国・県・市道 / 1頭 / その他車移動
8307,2026,6,6,18,0,0,35.7362180362557,137.320106744238,下呂市 / 蛇之尾 / 山林 / 1頭 / その他車移動
8308,2026,6,8,13,0,0,36.2738796850531,136.89622914669,白川村 / 鳩谷 / 国・県・市道 / 1頭 / その他車移動
8309,2026,6,6,4,0,0,35.4306532327647,136.536105842516,池田町 / 片山 / 林道 / 1頭 / その他車移動
8310,2026,6,8,4,0,0,35.4213699838248,136.557160357565,池田町 / 片山 / 山林 / 1頭 / 自宅
8311,2026,6,9,9,0,0,36.1739515105282,136.90115042275,白川村 / 平瀬 / 国・県・市道 / 1頭 / その他車移動
8312,2026,6,5,15,0,0,36.3373851280383,137.157466096241,飛騨市 / 宮川町高牧 / 山林 / 1頭 / その他
8313,2026,6,8,14,0,0,36.3444640761167,137.181810451751,飛騨市 / 宮川町巣之内 / その他 / 1頭 / その他
8314,2026,6,9,16,0,0,35.5219950540356,136.651625388522,本巣市 / 木知原 / 国・県・市道 / 1頭 / その他車移動
8315,2026,6,9,15,0,0,35.6112717282006,137.468330423453,中津川市 / 田瀬　田瀬坂バス停付近 / 国・県・市道 / 1頭 / 建設作業
8316,2026,6,9,14,0,0,36.1743605043052,136.900910730077,白川村 / 平瀬 / 国・県・市道 / 1頭 / 建設作業
8317,2026,6,9,7,0,0,35.4951214019347,136.562045774028,揖斐川町 / 上南方 / 国・県・市道 / 1頭 / その他
8318,2026,6,9,7,0,0,35.4951595733837,136.557538163495,揖斐川町 / 上南方 / 国・県・市道 / 1頭 / その他車移動
8319,2026,6,9,15,0,0,35.4962120453186,136.555108778697,揖斐川町 / 上南方 / 山林 / 1頭 / その他
8320,2026,6,9,16,0,0,35.5046801023606,136.565104722272,揖斐川町 / 桂 / 山林 / 1頭 / その他車移動
8321,2026,6,9,17,0,0,35.607099878469,137.471747436455,中津川市 / 田瀬区　田瀬坂 / 山林 / 1頭 / 自宅
8322,2026,6,9,20,0,0,36.2570586338805,136.896589743604,白川村 / 鳩谷・馬狩 / 国・県・市道 / 1頭 / その他車移動
8323,2026,6,7,15,0,0,35.8964961644977,137.315616859435,下呂市 / 小坂町大洞 / その他 / 1頭 / その他車移動
8324,2026,6,9,8,0,0,35.4451265651583,136.444607111657,揖斐川町 / 春日初若 / 国・県・市道 / 2頭 / 建設作業
8325,2026,6,9,11,0,0,35.8644985087461,136.990821398265,郡上市 / 明宝寒水 / 農地 / 1頭 / 林業作業
8326,2026,6,1,6,0,0,36.2904353338344,137.059588655372,飛騨市 / 河合町新名 / 国・県・市道 / 1頭 / 散歩
8327,2026,6,3,6,0,0,36.2703752035744,137.103138189998,飛騨市 / 河合町稲越 / 山林 / 1頭 / 通勤・通学
8328,2026,6,5,6,0,0,36.2759001856828,137.033620961134,飛騨市 / 河合町元田 / 山林 / 1頭 / 農作業
8329,2026,6,10,14,0,0,35.653194564082,137.184456990243,下呂市 / 金山町田島 / 林道 / 1頭 / その他車移動
8330,2026,6,11,10,0,0,35.5654050441146,137.440421807941,中津川市 / 福岡　松尾地内 / 山林 / 1頭 / 散歩
8331,2026,6,10,5,0,0,35.4240705128302,136.427028983855,揖斐川町 / 春日古屋笹又 / 山林 / 1頭 / その他
8332,2026,6,11,7,0,0,35.4712295369155,136.601426770478,揖斐川町 / 清水 / 国・県・市道 / 1頭 / その他車移動
8333,2026,6,11,7,0,0,35.4693113663557,136.603254810644,揖斐川町 / 清水 / 山林 / 1頭 / その他
8334,2026,6,11,8,0,0,35.4701953439363,136.603145342795,揖斐川町 / 清水 / 山林 / 1頭 / その他
8335,2026,6,11,8,0,0,35.4727182320318,136.601726257289,揖斐川町 / 清水 / その他 / 1頭 / その他車移動
8336,2026,6,11,14,0,0,36.1664233269014,136.903394068629,白川村 / 御母衣 / 国・県・市道 / 1頭 / 自宅
8337,2026,6,11,13,0,0,36.160265868961,136.905233302905,白川村 / 御母衣 / 国・県・市道 / 1頭 / その他車移動
8338,2026,6,11,9,0,0,35.4790293273076,136.601631658282,大野町 / 松山水辺公園付近 / 山林 / 1頭 / その他
8339,2026,6,11,10,0,0,35.4787336400605,136.596261574503,大野町 / 松山地内 / その他 / 1頭 / その他
8340,2026,6,11,18,0,0,35.4073811229269,136.55742049541,大垣市 / 青墓町 / 国・県・市道 / 1頭 / その他
8341,2026,6,11,19,0,0,35.5402755472069,136.791785569714,山県市 / 岩佐字椎倉坂地内（椎倉坂の頂上付近） / 国・県・市道 / 1頭 / その他車移動
8342,2026,6,13,8,0,0,35.509256053751,136.538412549033,揖斐川町 / 北方 / 山林 / 1頭 / その他
8343,2026,6,13,13,0,0,35.5108255130581,136.536022536094,揖斐川町 / 北方 / 国・県・市道 / 1頭 / その他
8344,2026,6,13,16,0,0,35.512150144735,136.532291445603,揖斐川町 / 北方 / 山林 / 1頭 / その他車移動
8345,2026,6,13,16,0,0,35.5116697991715,136.531794309722,揖斐川町 / 北方 / その他 / 1頭 / その他車移動
8346,2026,5,13,15,0,0,35.5871179340151,136.748977294786,山県市 / 谷合三日月地内 / 国・県・市道 / 1頭 / その他車移動
8347,2026,6,13,3,0,0,35.5691062271781,137.532608475624,中津川市 / 坂下西方寺地内 / 住宅地 / 1頭 / その他
8348,2026,6,13,12,0,0,35.580926355267,137.532358794847,中津川市 / 坂下東町地内 / 国・県・市道 / 1頭 / その他車移動
8349,2026,6,14,7,0,0,35.4837712752406,136.978299669251,富加町 / 富加町滝田 / 住宅地 / 1頭 / 散歩
8350,2026,6,14,12,0,0,35.5333655937364,136.525804643241,揖斐川町 / 乙原 / 国・県・市道 / 1頭 / その他車移動
8351,2026,6,12,15,0,0,35.8103622329962,137.24878201282,下呂市 / 森2519-1 / 国・県・市道 / 1頭 / 通勤・通学
8352,2026,6,13,15,0,0,35.8296877462219,137.229502669975,下呂市 / 萩原町西上田 / 国・県・市道 / 1頭 / その他車移動
8353,2026,6,16,5,0,0,35.5480648509109,136.553957489244,揖斐川町 / 谷汲神原 / その他 / 1頭 / 散歩
8354,2026,6,11,18,0,0,36.1479864168242,136.91157995107,白川村 / 牧 / 住宅地 / 1頭 / その他車移動
8355,2026,6,14,16,0,0,36.172360898718,136.903012908341,白川村 / 平瀬 / その他 / 1頭 / 散歩
8356,2026,6,15,14,0,0,36.2737845398843,136.895754336668,白川村 / 飯島 / 山林 / 1頭 / 建設作業
8357,2026,6,16,9,0,0,36.1438649975575,136.908058917447,白川村 / 牧 / 国・県・市道 / 1頭 / その他車移動
8358,2026,6,15,14,0,0,35.6116294548874,137.173928125589,白川町 / 坂ノ東 / 農地 / 1頭 / 農作業
8359,2026,6,16,13,0,0,35.9134086793669,137.329608228869,下呂市 / 小坂落合 / 林道 / 1頭 / その他
8360,2026,6,10,13,0,0,36.1690260858509,136.9076482682,白川村 / 平瀬 / 河川敷 / 1頭 / その他
8361,2026,6,16,14,0,0,36.1690261940566,136.907698288994,白川村 / 平瀬 / 河川敷 / 1頭 / その他
8362,2026,6,16,16,0,0,35.510606546591,136.532508919718,揖斐川町 / 北方 / 山林 / 1頭 / 通勤・通学
8363,2026,6,16,17,0,0,35.5088654859135,136.533101373461,揖斐川町 / 北方 / 山林 / 1頭 / その他車移動
8364,2026,6,16,20,0,0,35.5978829099351,137.441712497564,中津川市 / 福岡柏原上平 / 山林 / 1頭 / 子ども、熊らしき動物
8365,2026,6,17,4,0,0,35.4240683103692,136.427037603319,揖斐川町 / 春日大字川合笹又 / 農地 / 1頭 / その他
8366,2026,6,16,19,0,0,35.9451762144901,137.258236114585,下呂市 / 小坂町坂下13 / 国・県・市道 / 1頭 / その他車移動
8367,2026,6,17,11,0,0,35.5094110515266,136.53810198037,揖斐川町 / 北方 / 山林 / 1頭 / 建設作業
8368,2026,6,17,13,0,0,36.1496301365356,136.909986840353,白川村 / 牧 / その他 / 1頭 / 自宅
8369,2026,6,17,17,0,0,36.1778211576878,136.900261191778,白川村 / 平瀬 / 国・県・市道 / 1頭 / その他車移動
8370,2026,6,18,8,0,0,35.5734185515214,136.750250336075,山県市 / 谷合地内 / 国・県・市道 / 1頭 / 通勤・通学
8371,2026,6,18,8,0,0,36.2810135201137,136.901857999311,白川村 / 飯島 / 国・県・市道 / 1頭 / 建設作業
8372,2026,6,10,20,0,0,35.4882782045808,137.470469154233,中津川市 / 駒場 / 国・県・市道 / 1頭 / 通勤・通学
8373,2026,6,17,17,0,0,35.641465851483,137.384861879305,東白川村 / 越原 / 国・県・市道 / 1頭 / その他車移動
8374,2026,6,17,18,0,0,35.640436161462,137.387260740933,東白川村 / 越原 / 農地 / 1頭 / 自宅
8375,2026,6,13,8,0,0,35.4979962465575,137.478252524739,中津川市 / 駒場 / 国・県・市道 / 1頭 / その他
8376,2026,6,17,7,0,0,35.654457550502,137.38606716508,東白川村 / 越原 / 国・県・市道 / 1頭 / その他車移動
8377,2026,6,18,8,0,0,35.5179285243772,136.563821317878,揖斐川町 / 北方 / 山林 / 1頭 / 建設作業
8378,2026,6,18,15,0,0,36.3654456512388,136.872832393073,白川村 / 小白川 / 国・県・市道 / 1頭 / 建設作業
8379,2026,6,16,8,0,0,36.3691714479823,137.375848449671,飛騨市 / 神岡町 / その他 / 1頭 / その他車移動
8380,2026,6,19,15,0,0,35.2973212403778,137.420776391751,恵那市 / 明智町東方 / 国・県・市道 / 1頭 / その他
8381,2026,6,19,17,0,0,35.5015664891347,136.571371742412,揖斐川町 / 上南方 / 農地 / 1頭 / その他
8382,2026,6,20,10,0,0,35.5870113249542,137.550980627109,中津川市 / 山口 / 国・県・市道 / 1頭 / その他
8383,2026,6,19,19,0,0,35.743094378021,137.325941766432,下呂市 / 蛇之尾町 / 国・県・市道 / 1頭 / その他車移動
8384,2026,6,21,19,0,0,35.7158665641299,137.193335107071,下呂市 / 三ツ渕166-2 / 国・県・市道 / 1頭 / その他車移動
8385,2026,6,22,8,0,0,35.9117391967597,137.312204699799,下呂市 / 小坂町湯屋 / 国・県・市道 / 1頭 / その他車移動
8386,2026,6,22,7,0,0,36.3418685950514,137.180300445146,飛騨市 / 宮川町巣之内 / 国・県・市道 / 2頭 / 通勤・通学
8387,2026,6,19,14,0,0,36.1676856265564,136.906450112282,白川村 / 御母衣 / 住宅地 / 1頭 / 自宅
8388,2026,6,19,16,0,0,35.5945369816615,136.457900360397,揖斐川町 / 揖斐川町 / 河川敷 / 1頭 / その他
8389,2026,6,20,7,0,0,36.3686293216829,137.375984908535,飛騨市 / 神岡町 / その他 / 1頭 / その他車移動
8390,2026,6,12,13,0,0,35.6794100480978,137.415856634323,中津川市 / 付知町 / その他 / 1頭 / 自宅
8391,2026,6,22,15,0,0,35.7009868110538,137.434101696966,中津川市 / 付知町 / 林道 / 1頭 / 林業作業
8392,2026,6,23,13,0,0,36.2813469975428,136.901859654597,白川村 / 飯島 / 国・県・市道 / 1頭 / その他車移動
8393,2026,6,23,7,0,0,36.1760554294514,136.904196964484,白川村 / 長瀬 / 河川敷 / 1頭 / 散歩
8394,2026,6,23,7,0,0,35.7324475575136,136.928457390599,郡上市 / 相生字亀尾島 / 農地 / 1頭 / 通勤・通学
8395,2026,6,20,9,0,0,35.8542616564246,136.962696457492,郡上市 / 大和町栗巣 / 山林 / 1頭 / その他
8396,2026,6,9,12,0,0,35.6965325451465,137.389205530634,中津川市 / 加子母 / 林道 / 1頭 / その他
8397,2026,6,23,16,0,0,35.7177291346632,137.368212363265,中津川市 / 加子母 / 国・県・市道 / 1頭 / その他車移動
8398,2026,6,24,10,0,0,35.5098164036633,137.142264227312,八百津町 / 八百津 / 林道 / 1頭 / その他車移動
8399,2026,6,24,2,0,0,35.4159063734846,137.375751359785,恵那市 / 三郷町 / 国・県・市道 / 1頭 / その他車移動
8400,2026,6,24,8,0,0,36.3797719685745,137.373169649238,飛騨市 / 神岡町 / 山林 / 1頭 / その他車移動
8401,2026,6,14,14,0,0,35.6339726620144,136.825867627674,関市 / 洞戸高賀 / 河川敷 / 1頭 / その他
8402,2026,6,25,9,0,0,35.6608325521621,137.436095678409,中津川市 / 付知町 / その他 / 1頭 / 通勤・通学
8403,2026,6,25,7,0,0,35.5727091849129,137.523697291138,中津川市 / 坂下矢渕地内 / 山林 / 1頭 / 通勤・通学
8404,2026,6,25,13,0,0,36.3779989827803,137.37269477036,飛騨市 / 神岡町 / その他 / 1頭 / その他
8405,2026,6,28,16,0,0,35.4889730256584,136.572974587161,揖斐川町 / 三輪 / その他 / 2頭 / その他
8406,2026,6,28,17,0,0,35.4928702464446,136.570660277086,揖斐川町 / 極楽寺 / 山林 / 2頭 / 自宅
8407,2026,6,27,16,0,0,35.6292530975943,137.459188721242,中津川市 / 付知町 / 国・県・市道 / 1頭 / 散歩
8408,2026,6,28,18,0,0,35.6577827814211,137.434469492832,中津川市 / 付知町 / 国・県・市道 / 1頭 / 自宅
8409,2026,6,22,6,0,0,35.5209928496274,137.51847384956,中津川市 / 瀬戸 / 国・県・市道 / 1頭 / その他
8410,2026,6,27,10,0,0,36.2734254524253,136.896384455882,白川村 / 鳩谷 / 国・県・市道 / 2頭 / その他車移動
8411,2026,6,27,10,0,0,36.273290057016,136.896294487319,白川村 / 鳩谷 / 国・県・市道 / 2頭 / その他車移動
8412,2026,6,27,6,0,0,36.3362668071224,137.146881588948,飛騨市 / 宮川町西忍 / 山林 / 1頭 / その他車移動
8413,2026,6,24,14,0,0,36.2687773917977,136.883123199504,白川村 / 馬狩もしくは飯島 / 林道 / 1頭 / その他車移動
8414,2026,6,29,16,0,0,35.5600123547662,136.636871494132,揖斐川町 / 谷汲高科 / 河川敷 / 1頭 / 農作業
8415,2026,6,29,18,0,0,35.620564729109,137.465929053501,中津川市 / 田瀬　旧田瀬小学校付近 / 山林 / 1頭 / その他
8416,2026,6,29,14,0,0,35.4177153870355,136.558828554743,池田町 / 片山 / 国・県・市道 / 1頭 / その他車移動
8417,2026,6,30,12,0,0,35.9096861893183,137.145200645508,下呂市 / 馬瀬数河付近 / 国・県・市道 / 1頭 / その他車移動
8418,2026,7,1,9,0,0,35.4998073075729,137.284110302397,恵那市 / 飯地町 / 国・県・市道 / 1頭 / その他車移動
8419,2026,7,1,17,0,0,35.983199124844,137.185614333056,下呂市 / 山之口 / 林道 / 1頭 / その他車移動
8420,2026,6,6,12,0,0,35.4776186263712,136.589866503447,揖斐川町 / 長良 / 山林 / 1頭 / その他
8421,2026,7,2,12,0,0,35.5121336306196,137.419967547443,中津川市 / 高山 / 国・県・市道 / 1頭 / その他車移動
8422,2026,7,3,7,0,0,35.6992007702425,137.439463711763,中津川市 / 付知町 / 林道 / 1頭 / 通勤・通学
8423,2026,7,1,16,0,0,36.3454603500687,137.183290283884,飛騨市 / 宮川町巣之内 / 国・県・市道 / 1頭 / その他
8424,2026,7,3,12,0,0,35.4394340754445,137.532642445765,中津川市 / 中津川 / 国・県・市道 / 1頭 / その他車移動
8425,2026,7,2,18,0,0,35.4391086979844,137.532186625134,中津川市 / 中津川 / 山林 / 1頭 / その他車移動
8426,2026,7,2,7,0,0,35.438468914093,137.53137142052,中津川市 / 中津川 / 河川敷 / 1頭 / その他車移動
8427,2026,7,1,9,0,0,35.4392203292113,137.5325313334,中津川市 / 中津川 / 山林 / 1頭 / その他車移動
8428,2026,7,4,14,0,0,36.4101929020465,137.188760345564,飛騨市 / 宮川町桑野 / 国・県・市道 / 1頭 / その他
8429,2026,7,4,19,0,0,35.7831039530429,137.2543475358,下呂市 / 小川 / 国・県・市道 / 1頭 / その他車移動
8430,2026,7,4,8,0,0,35.6386480235937,137.430769457599,中津川市 / 付知町 / 国・県・市道 / 1頭 / 自宅
8431,2026,7,4,17,0,0,35.6894215737796,137.418499769838,中津川市 / 付知町 / 国・県・市道 / 1頭 / 散歩
8432,2026,7,4,7,0,0,35.7399173668431,137.122311191069,下呂市 / 金山町乙原 / 国・県・市道 / 1頭 / その他車移動
8433,2026,7,4,10,0,0,35.919290705048,137.133227298528,下呂市 / 馬瀬黒石 / 国・県・市道 / 1頭 / その他車移動
8434,2026,6,1,16,0,0,36.1725997874056,137.286017993584,高山市 / 高山市丹生川町折敷地 / 国・県・市道 / 1頭 / その他車移動
8435,2026,6,2,4,0,0,36.0996386263642,137.11534209021,高山市 / 高山市清見町坂下 / 国・県・市道 / 1頭 / その他車移動
8436,2026,6,3,17,0,0,36.0938467479016,137.352213310351,高山市 / 高山市朝日町立岩 / 国・県・市道 / 1頭 / その他車移動
8437,2026,6,3,18,0,0,36.1995408975124,137.34505995451,高山市 / 高山市丹生川町折敷地 / 国・県・市道 / 1頭 / その他車移動
8438,2026,6,3,18,0,0,36.1387009272203,137.219223281284,高山市 / 高山市匠ヶ丘町 / 国・県・市道 / 1頭 / その他車移動
8439,2026,6,4,6,0,0,36.0037005282113,137.350830916613,高山市 / 高山市朝日町西洞 / 国・県・市道 / 1頭 / その他車移動
8440,2026,6,4,6,0,0,35.9920483210763,137.350696474677,高山市 / 高山市朝日町西洞 / その他 / 1頭 / その他
8441,2026,7,6,14,0,0,36.1777143194385,136.899588278055,白川村 / 平瀬 / その他 / 1頭 / 建設作業
8442,2026,6,4,9,0,0,36.0786998478819,137.382086699696,高山市 / 高山市朝日町黒川 / 河川敷 / 1頭 / その他
8443,2026,6,4,10,0,0,36.1988816928752,137.345148812129,高山市 / 高山市丹生川町折敷地 / 国・県・市道 / 1頭 / その他車移動
8444,2026,6,4,14,0,0,36.198295853079,137.34514748517,高山市 / 高山市丹生川町折敷地 / 国・県・市道 / 1頭 / その他車移動
8445,2026,6,5,11,0,0,36.1533378418,137.286602232717,高山市 / 高山市松之木町 / 国・県・市道 / 1頭 / その他車移動
8446,2026,6,5,16,0,0,35.9734968826374,137.53383492965,高山市 / 高山市高根町小日和田 / 国・県・市道 / 1頭 / その他車移動
8447,2026,6,28,6,0,0,36.2991741310655,137.247523954452,飛騨市 / 神岡町 / 山林 / 1頭 / その他車移動
8448,2026,4,9,6,0,0,36.3739242903867,137.341482621115,飛騨市 / 神岡町 / 農地 / 1頭 / その他
8449,2026,6,15,5,0,0,36.3940194428684,137.381387611966,飛騨市 / 神岡町 / 山林 / 1頭 / その他
8450,2026,7,6,13,0,0,35.6970901447705,137.42426636456,中津川市 / 付知町 / 山林 / 1頭 / その他
8451,2026,7,3,18,0,0,35.4169420489397,136.541533447582,池田町 / 片山 / 山林 / 1頭 / その他車移動
8452,2026,7,7,9,0,0,35.6966209975924,137.423943720411,中津川市 / 付知町 / その他 / 1頭 / その他
8453,2026,7,6,17,0,0,36.4117568337873,137.320348192553,飛騨市 / 神岡町 / 住宅地 / 1頭 / その他
8454,2026,6,7,6,0,0,36.3912469817027,137.274422596874,飛騨市 / 神岡町 / その他 / 1頭 / その他
8455,2026,6,6,12,0,0,36.0370113493195,137.489078441624,高山市 / 高山市高根町上ヶ洞 / 住宅地 / 1頭 / その他
8456,2026,6,6,12,0,0,36.1734345922104,137.337504265085,高山市 / 高山市丹生川町法力 / 住宅地 / 1頭 / 自宅
8457,2026,6,6,11,0,0,35.983694159381,137.529037353044,高山市 / 高山市高根町留之原 / 国・県・市道 / 2頭 / その他車移動
8458,2026,6,6,16,0,0,36.1546147390862,137.27117338686,高山市 / 高山市三福寺町 / 住宅地 / 1頭 / 自宅
8459,2026,6,7,12,0,0,36.0650673645066,137.225200495832,高山市 / 高山市一之宮町 / 国・県・市道 / 1頭 / その他車移動
8460,2026,6,7,13,0,0,36.1818367780443,137.277459576499,高山市 / 高山市丹生川町新張 / 農地 / 1頭 / その他
8461,2026,6,7,12,0,0,35.9753009915429,137.357993508773,高山市 / 高山市朝日町西洞 / 林道 / 1頭 / その他
8462,2026,6,8,7,0,0,36.0267604183025,137.513755869212,高山市 / 高山市高根町阿多野郷 / 国・県・市道 / 1頭 / その他車移動
8463,2026,6,8,10,0,0,36.0412886137085,137.399568092977,高山市 / 高山市朝日町黍生 / 国・県・市道 / 1頭 / その他車移動
8464,2026,7,7,17,0,0,36.1462598462549,136.910252036425,白川村 / 牧 / 国・県・市道 / 1頭 / その他車移動
8465,2026,6,8,13,0,0,35.9916719295131,137.348539814244,高山市 / 高山市朝日町西洞 / その他 / 1頭 / その他車移動
8466,2026,6,8,14,0,0,36.184834910613,137.255721051999,高山市 / 高山市下切町 / 国・県・市道 / 1頭 / その他車移動
8467,2026,6,9,16,0,0,36.0320842142048,137.396205870787,高山市 / 高山市朝日町一之宿 / 河川敷 / 1頭 / 自宅
8468,2026,6,9,18,0,0,36.0331970988337,137.440594946201,高山市 / 高山市高根町中之宿 / 国・県・市道 / 1頭 / その他車移動
8469,2026,7,8,10,0,0,35.6993182761521,137.424499366473,中津川市 / 付知町 / 国・県・市道 / 1頭 / 林業作業
8470,2026,6,10,6,0,0,36.0562807868313,136.942284262553,高山市 / 高山市荘川町牛丸 / 住宅地 / 1頭 / その他車移動
8471,2026,6,10,9,0,0,36.1991921546852,137.345097390084,高山市 / 高山市丹生川町折敷地 / 国・県・市道 / 1頭 / その他車移動
8472,2026,6,10,14,0,0,36.2024751117666,137.295628923129,高山市 / 高山市丹生川町柏原 / 国・県・市道 / 1頭 / その他車移動
8473,2026,6,10,15,0,0,36.2486399190142,137.503096877165,高山市 / 高山市農政部農務課 / 国・県・市道 / 1頭 / その他車移動
8474,2026,6,10,18,0,0,36.2033274662079,137.346561473634,高山市 / 高山市丹生川町折敷地 / 国・県・市道 / 1頭 / その他車移動
8475,2026,6,11,8,0,0,36.0672923554972,136.944589799397,高山市 / 高山市荘川町岩瀬 / 国・県・市道 / 1頭 / その他車移動
8476,2026,6,11,11,0,0,36.1708519565981,137.427163335271,高山市 / 高山市丹生川町駄吉 / 住宅地 / 1頭 / 自宅
8477,2026,6,11,17,0,0,36.1267463941876,137.360886699273,高山市 / 高山市岩井町 / 住宅地 / 1頭 / 自宅
8478,2026,6,12,7,0,0,36.1384181387807,137.235809094033,高山市 / 高山市上岡本町８丁目 / 住宅地 / 1頭 / 自宅
8479,2026,6,12,8,0,0,36.0306298631479,137.394057997178,高山市 / 高山市朝日町一之宿 / 山林 / 1頭 / 自宅
8480,2026,6,12,18,0,0,35.9977955154143,137.353525692186,高山市 / 高山市朝日町西洞 / 国・県・市道 / 1頭 / その他
8481,2026,6,12,22,0,0,36.127630755362,137.246461106204,高山市 / 高山市西之一色町 / 住宅地 / 1頭 / その他
8482,2026,6,12,12,0,0,36.0501520466871,137.398045129088,高山市 / 高山市朝日町黍生谷 / 国・県・市道 / 1頭 / その他車移動
8483,2026,6,13,14,0,0,36.1958701824682,137.242683236065,高山市 / 高山市菊府町糠塚 / 林道 / 1頭 / その他車移動
8484,2026,7,8,13,0,0,36.4094914208231,137.186606811464,飛騨市 / 宮川町桑野 / 国・県・市道 / 1頭 / その他
8485,2026,6,14,10,0,0,36.0334565238478,137.396176552333,高山市 / 高山市朝日町一之宿 / 住宅地 / 1頭 / その他車移動
8486,2026,6,14,10,0,0,36.0923229392968,137.347075767783,高山市 / 高山市朝日町立岩 / 国・県・市道 / 1頭 / その他
8487,2026,6,15,7,0,0,36.0826962000792,137.357741086427,高山市 / 高山市朝日町上ヶ見 / 国・県・市道 / 1頭 / その他車移動
8488,2026,6,15,8,0,0,35.9938735064844,137.352882888306,高山市 / 高山市朝日町西洞 / 登山道 / 1頭 / その他
8489,2026,6,15,15,0,0,36.0628090217493,137.40050830981,高山市 / 高山市朝日町小瀬ヶ洞 / 国・県・市道 / 1頭 / その他
8490,2026,6,16,7,0,0,36.0287739914533,137.456838076319,高山市 / 高山市高根町下之向 / 国・県・市道 / 1頭 / その他車移動
8491,2026,6,17,3,0,0,36.1400537960248,137.231154010242,高山市 / 高山市山田町 / 住宅地 / 1頭 / その他
8492,2026,6,17,13,0,0,36.1795387346328,137.558310709209,高山市 / 高山市奥飛騨?郷平湯 / その他 / 2頭 / その他
8493,2026,6,17,15,0,0,35.9919560148068,137.350644965144,高山市 / 高山市朝日町西洞 / 国・県・市道 / 1頭 / その他車移動
8494,2026,7,8,12,0,0,35.4623248460131,137.316629080202,恵那市 / 武並町 / 国・県・市道 / 1頭 / その他
8495,2026,7,8,17,0,0,35.6935330477731,137.418985741555,中津川市 / 付知町 / 国・県・市道 / 1頭 / 通勤・通学
8496,2026,6,17,15,0,0,36.2823014551523,137.302376246869,高山市 / 高山市上宝町蔵柱 / 河川敷 / 1頭 / その他車移動
8497,2026,6,17,17,0,0,36.022984139416,137.390021001921,高山市 / 高山市朝日町一之宿 / 国・県・市道 / 1頭 / その他車移動
8498,2026,6,18,7,0,0,36.1335039409726,137.359472789252,高山市 / 高山市岩井町 / 住宅地 / 1頭 / 自宅
8499,2026,6,18,13,0,0,36.171612945396,137.428732525962,高山市 / 高山市丹生川町駄吉 / 河川敷 / 1頭 / 自宅
8500,2026,6,18,14,0,0,36.1684426830735,137.061621873505,高山市 / 高山市清見町池本 / 農地 / 1頭 / 農作業
8501,2026,6,18,17,0,0,36.137617350094,137.349722194251,高山市 / 高山市滝町 / 国・県・市道 / 1頭 / その他車移動
8502,2026,6,19,14,0,0,36.0482967373361,137.438206126486,高山市 / 高山市高根町中洞 / 国・県・市道 / 1頭 / その他
8503,2026,7,9,9,0,0,36.1496965651365,136.909967175643,白川村 / 牧 / 住宅地 / 1頭 / 自宅
8504,2026,6,19,18,0,0,36.0773584157989,137.29192832176,高山市 / 高山市久々野町柳島 / 国・県・市道 / 1頭 / その他車移動
8505,2026,6,21,12,0,0,35.9400985283599,137.464381155821,高山市 / 高山市高根町日和田 / 国・県・市道 / 1頭 / その他
8506,2026,7,8,18,0,0,35.7259705070404,137.352781824375,中津川市 / 加子母　二渡区 / 国・県・市道 / 1頭 / 通勤・通学
8507,2026,6,21,13,0,0,36.1871156146577,137.468513192332,高山市 / 高山市丹生川町籏鉾 / その他 / 1頭 / その他
8508,2026,6,21,13,0,0,36.0135168899797,137.374363062022,高山市 / 高山市朝日町西洞 / 住宅地 / 1頭 / 自宅
8509,2026,6,21,12,0,0,36.0650579277296,137.40044001576,高山市 / 高山市朝日町小瀬ヶ洞 / 国・県・市道 / 1頭 / その他車移動
8510,2026,6,22,14,0,0,36.0254089669992,137.296041896372,高山市 / 高山市久々野町木賊洞 / 国・県・市道 / 1頭 / その他車移動
8511,2026,6,22,16,0,0,36.1720267501017,137.42986427652,高山市 / 高山市丹生川町日面 / 国・県・市道 / 1頭 / 自宅
8512,2026,6,22,16,0,0,36.0734067969183,137.38525866726,高山市 / 高山市朝日町黒川 / 河川敷 / 1頭 / その他
8513,2026,6,23,9,0,0,36.06597537615,137.291952668882,高山市 / 高山市久々野町久須母 / 河川敷 / 1頭 / その他
8514,2026,6,23,7,0,0,36.0000926597515,137.527696024751,高山市 / 高山市高根町日和田 / 国・県・市道 / 1頭 / その他車移動
8515,2026,6,23,15,0,0,36.0162492515829,137.383769838079,高山市 / 高山市朝日町西洞 / 農地 / 1頭 / その他
8516,2026,6,23,16,0,0,36.171726036029,137.450540659457,高山市 / 高山市丹生川町岩井谷 / 農地 / 1頭 / 農作業
8517,2026,6,23,18,0,0,36.2422706360017,137.519721223736,高山市 / 高山市奥飛騨?郷一重ヶ根 / その他 / 1頭 / その他
8518,2026,6,24,11,0,0,36.017431550245,137.388756556195,高山市 / 高山市朝日町西洞 / その他 / 1頭 / その他
8519,2026,6,24,13,0,0,36.0180507668447,137.388994047599,高山市 / 高山市朝日町西洞 / 住宅地 / 1頭 / その他
8520,2026,6,24,16,0,0,36.021001208,137.293162496894,高山市 / 高山市久々野町小坊 / 国・県・市道 / 1頭 / その他
8521,2026,6,25,8,0,0,36.138657286916,137.351884402465,高山市 / 高山市滝町 / 山林 / 1頭 / その他
8522,2026,7,8,20,0,0,35.5947185067613,136.458689184369,揖斐川町 / 西横山 / 国・県・市道 / 3頭 / その他車移動
8523,2026,6,25,9,0,0,35.9939773126735,137.353508397344,高山市 / 高山市朝日町西洞 / 国・県・市道 / 1頭 / その他
8524,2026,6,25,14,0,0,36.1977851679928,137.15803008366,高山市 / 高山市国府町宇津江 / 国・県・市道 / 1頭 / その他
8525,2026,6,25,19,0,0,36.2366991833535,137.529083886754,高山市 / 高山市奥飛騨温泉郷一重ヶ根 / 住宅地 / 1頭 / その他
8526,2026,6,26,11,0,0,36.0721545454673,137.231662326523,高山市 / 高山市一之宮 / 国・県・市道 / 1頭 / その他車移動
8527,2026,6,26,14,0,0,36.0560866384809,137.285518527728,高山市 / 高山市久々野町久々野 / 河川敷 / 1頭 / その他
8528,2026,6,27,8,0,0,35.9995848456149,137.355909820852,高山市 / 高山市朝日町西洞 / 国・県・市道 / 1頭 / その他車移動
8529,2026,6,28,17,0,0,36.0037533939751,137.546045096433,高山市 / 高山市高根町日和田 / その他 / 1頭 / その他
8530,2026,6,29,15,0,0,36.018660102983,137.388178221027,高山市 / 高山市朝日町西洞 / 住宅地 / 1頭 / その他
8531,2026,6,29,16,0,0,36.2490613478328,137.484319678498,高山市 / 高山市奥飛騨温泉郷笹嶋 / 河川敷 / 1頭 / その他車移動
8532,2026,6,30,14,0,0,36.0122257637472,137.390327002892,高山市 / 高山市朝日町宮之前 / 住宅地 / 1頭 / その他車移動
8533,2026,7,1,8,0,0,36.0121921185909,137.390546702054,高山市 / 高山市朝日町宮之前 / 住宅地 / 1頭 / その他
8534,2026,7,1,0,0,0,35.9998827482945,137.530052103935,高山市 / 高山市高根町日和田 / 国・県・市道 / 1頭 / その他
8535,2026,7,1,14,0,0,35.9961877737249,137.393683433443,高山市 / 高山市朝日町胡桃島 / 河川敷 / 1頭 / 自宅
8536,2026,7,2,11,0,0,36.0241639633658,137.391409165464,高山市 / 高山市朝日町 / 河川敷 / 1頭 / その他車移動
8537,2026,7,2,16,0,0,36.0737319284338,137.385206134711,高山市 / 高山市朝日町黒川 / 農地 / 1頭 / その他車移動
8538,2026,7,3,13,0,0,36.0205901919174,136.996199487795,高山市 / 高山市荘川町三谷 / 国・県・市道 / 1頭 / その他車移動
8539,2026,7,3,14,0,0,36.25182999391,137.479612134212,高山市 / 高山市奥飛騨温泉郷笹嶋 / 国・県・市道 / 1頭 / その他車移動
8540,2026,7,4,11,0,0,36.0000361449269,137.528317610074,高山市 / 高山市高根町日和田 / 山林 / 1頭 / その他車移動
8541,2026,7,9,15,0,0,35.7248943775881,137.349930216227,中津川市 / 加子母　二渡区 / 国・県・市道 / 1頭 / 農作業
8542,2026,7,4,14,0,0,36.1262603349277,137.231355275534,高山市 / 高山市上岡本町 / 国・県・市道 / 1頭 / その他車移動
8543,2026,7,5,10,0,0,36.0012443893223,137.531507950063,高山市 / 高山市高根町日和田 / 山林 / 1頭 / その他
8544,2026,7,5,18,0,0,36.000220375901,137.531101150921,高山市 / 高山市高根町日和田 / 住宅地 / 1頭 / その他
8545,2026,7,4,16,0,0,36.174027062751,137.422324267319,高山市 / 高山市丹生川町日面 / 国・県・市道 / 1頭 / その他車移動
8546,2026,7,5,14,0,0,36.1715402259968,137.428756600788,高山市 / 高山市丹生川日面 / 国・県・市道 / 1頭 / その他車移動
8547,2026,7,6,14,0,0,36.0138736774106,137.377154123397,高山市 / 高山市朝日町西洞 / 住宅地 / 1頭 / 自宅
8548,2026,7,7,14,0,0,36.1280572257401,137.253660841082,高山市 / 高山市千島町 / 国・県・市道 / 1頭 / その他車移動
8549,2026,7,8,9,0,0,36.159431234778,137.264330467922,高山市 / 高山市三福寺町 / その他 / 1頭 / その他
8550,2026,7,8,16,0,0,35.990442307931,137.528267597889,高山市 / 高山市高根町留之原 / 国・県・市道 / 2頭 / その他車移動
8551,2026,7,8,12,0,0,36.0465251420921,136.952113428849,高山市 / 高山市荘川町牧戸 / 住宅地 / 1頭 / その他
8552,2026,7,9,6,0,0,36.1328073105442,137.189473921949,高山市 / 高山市清見町三日町 / 農地 / 1頭 / その他
8553,2026,7,10,14,0,0,35.4623197273253,137.393842600418,恵那市 / 大井町 / 国・県・市道 / 1頭 / その他車移動
8554,2026,7,11,7,0,0,35.917182003354,137.13301158353,下呂市 / 馬瀬黒石 / 国・県・市道 / 1頭 / その他車移動
8555,2026,7,11,13,0,0,35.6578904182662,136.680812557667,山県市 / 神崎地内の舟伏山頂上付近 / 山林 / 1頭 / 登山
8556,2026,7,9,18,0,0,35.948288361721,137.487712623236,高山市 / 高山市高根町日和田 / その他 / 1頭 / その他
8557,2026,7,11,8,0,0,36.0119429552019,137.37306098407,高山市 / 高山市朝日町西洞 / 住宅地 / 1頭 / 自宅
8558,2026,7,12,8,0,0,36.1760996051559,137.407593644688,高山市 / 高山市丹生川町日面 / その他 / 1頭 / その他
8559,2026,7,13,11,0,0,35.4771624444138,137.318016854974,恵那市 / 笠置町 / 国・県・市道 / 1頭 / その他車移動
8560,2026,7,13,12,0,0,35.4792921752162,137.296066855126,恵那市 / 飯地町 / 国・県・市道 / 3頭 / その他車移動
8561,2026,7,14,8,0,0,35.5794872169286,136.521784177357,揖斐川町 / 揖斐川町 / 国・県・市道 / 1頭 / その他車移動
8562,2026,7,14,4,0,0,35.522182937448,136.642126730444,本巣市 / 木知原 / 河川敷 / 1頭 / その他車移動
8563,2026,7,14,11,0,0,35.5839689968158,136.636179219124,本巣市 / 日当 / 山林 / 1頭 / その他車移動
8564,2026,7,14,17,0,0,35.3355678233932,137.389163592912,恵那市 / 上手向黒羽根 / 国・県・市道 / 1頭 / 通勤・通学
8565,2026,7,15,8,0,0,35.4324956702402,137.488692891155,恵那市 / 東野 / 国・県・市道 / 1頭 / 建設作業
8566,2026,7,15,9,0,0,35.3630851540115,137.42527643506,恵那市 / 岩村町 / 国・県・市道 / 1頭 / その他
8567,2026,7,15,19,0,0,35.4820250756235,136.537079051632,揖斐川町 / 白樫 / 国・県・市道 / 1頭 / 通勤・通学
8568,2026,7,16,14,0,0,35.7024520209589,137.421151436237,中津川市 / 付知町 / 山林 / 1頭 / その他
8569,2026,7,17,8,0,0,35.5300960529893,137.323181629014,恵那市 / 中野方町 / 国・県・市道 / 1頭 / その他車移動
8570,2026,7,15,22,0,0,36.3239058448171,137.28685178599,飛騨市 / 神岡町 / 農地 / 2頭 / 自宅
8571,2026,7,16,21,0,0,36.2585072809956,136.909025670507,白川村 / 荻町 / 住宅地 / 1頭 / 自宅
8572,2026,7,21,8,0,0,35.7350161324405,137.342759936707,中津川市 / 加子母　二渡区 / その他 / 1頭 / その他
8573,2026,7,17,19,0,0,35.725065562977,137.370617758859,中津川市 / 加子母　番田区 / 林道 / 2頭 / その他
8574,2026,7,18,15,0,0,36.4086992125913,137.187918114916,飛騨市 / 宮川町祢宜ケ沢上 / 河川敷 / 1頭 / その他
8575,2026,7,3,19,0,0,35.6386925650698,137.38394543701,東白川村 / 越原 / 国・県・市道 / 1頭 / 自宅
8576,2026,7,21,15,0,0,35.3153044780654,137.534878016161,恵那市 / 上矢作町 / 林道 / 1頭 / その他
8577,2026,7,17,8,0,0,35.7003810638289,137.231636887361,下呂市 / 火打1472 / 国・県・市道 / 1頭 / その他車移動
8578,2026,7,23,10,0,0,35.433311417351,137.429640471393,恵那市 / 東野 / その他 / 1頭 / その他
8579,2026,7,23,11,0,0,35.6710837438667,137.420119844224,中津川市 / 付知町 / その他 / 1頭 / その他
8580,2026,7,23,14,0,0,35.8633104510223,136.845810389851,郡上市 / 白鳥町越佐 / 山林 / 1頭 / 建設作業
8581,2026,7,23,17,0,0,35.3181653280596,137.479110754826,恵那市 / 上矢作町 / 山林 / 1頭 / その他車移動
8582,2026,7,26,11,0,0,35.698977533774,137.42445890367,中津川市 / 付知町 / 国・県・市道 / 1頭 / その他車移動
8583,2026,7,17,16,0,0,36.2636561254077,137.565826643755,高山市 / 高山市奥飛騨温泉郷中尾 / 住宅地 / 1頭 / その他
8584,2026,7,18,15,0,0,36.2644923239872,137.433413610744,高山市 / 高山市上宝町葛山 / 山林 / 1頭 / 林業作業
8585,2026,7,22,18,0,0,36.1762858404403,137.320251580257,高山市 / 高山市丹生川町北方 / 住宅地 / 1頭 / その他車移動
8586,2026,7,23,19,0,0,36.1536463517798,137.235598021905,高山市 / 高山市中山町 / 住宅地 / 1頭 / その他
8587,2026,7,26,17,0,0,36.139212806423,137.231080406407,高山市 / 高山市山田町 / 住宅地 / 1頭 / その他
8588,2026,7,26,18,0,0,36.0961997604678,137.258417244142,高山市 / 高山市一之宮町 / 住宅地 / 1頭 / その他
8589,2026,7,28,8,0,0,35.7830669977658,137.230220125432,下呂市 / 三原町 / その他 / 1頭 / その他
8590,2026,7,26,15,0,0,35.5182155329105,136.644811012726,本巣市 / 木知原 / 河川敷 / 1頭 / その他
8591,2026,7,29,16,0,0,35.6233536514932,137.461242717459,中津川市 / 田瀬 / 山林 / 1頭 / 散歩
8592,2026,7,29,19,0,0,35.4707900773344,137.416644462538,恵那市 / 大井町 / その他 / 1頭 / その他
8593,2026,8,1,7,0,0,35.5072889001681,136.531223198577,揖斐川町 / 上野 / 国・県・市道 / 1頭 / その他車移動
8594,2026,8,1,10,0,0,35.5059326080524,136.533207099988,揖斐川町 / 北方 / 山林 / 1頭 / その他車移動
8595,2026,8,1,18,0,0,35.5013926473099,136.550548033799,揖斐川町 / 北方 / 農地 / 1頭 / その他車移動
8596,2026,8,2,15,0,0,35.7139964002405,137.361695956074,中津川市 / 加子母　中切区 / 林道 / 1頭 / その他車移動
8597,2026,8,2,6,0,0,36.3319155526511,137.293735356839,飛騨市 / 神岡町 / 山林 / 1頭 / 農作業
8598,2026,8,3,8,0,0,35.2867214950866,137.418987564188,恵那市 / 明智町 / 山林 / 1頭 / 建設作業
8599,2026,7,30,6,0,0,36.1409408782805,137.350479943902,高山市 / 高山市滝町 / 国・県・市道 / 1頭 / その他車移動
8600,2026,7,30,19,0,0,36.0837118123462,137.347990261643,高山市 / 高山市朝日町万石 / 国・県・市道 / 1頭 / その他車移動
8601,2026,8,4,16,0,0,35.698977533774,137.42445890367,中津川市 / 付知町 / 国・県・市道 / 2頭 / 林業作業
8602,2026,8,6,14,0,0,35.2611155493833,137.456090101039,恵那市 / 上矢作町 / 国・県・市道 / 1頭 / その他車移動
8603,2026,8,5,5,0,0,35.5255005279932,136.610684568922,揖斐川町 / 谷汲名礼 / 国・県・市道 / 1頭 / その他車移動
8604,2026,8,5,7,0,0,35.5351667446109,136.608009148105,揖斐川町 / 揖斐川町谷汲徳積 / その他 / 1頭 / その他
8605,2026,8,9,11,0,0,35.5150524634846,136.588189640563,揖斐川町 / 谷汲名礼 / 国・県・市道 / 1頭 / その他車移動
8606,2026,8,10,12,0,0,35.3597591610284,137.474892682711,恵那市 / 岩村町富田　水晶山地内 / 山林 / 1頭 / 登山
8607,2026,8,10,11,0,0,35.3232892540151,137.37243789042,恵那市 / 明智町大泉 / 山林 / 1頭 / 農作業
8608,2026,8,12,21,0,0,35.5116126905827,137.152161177931,八百津町 / 八百津 / 農地 / 1頭 / その他
8609,2026,8,7,18,0,0,35.583862267105,137.2706287855,白川町 / 黒川 / 国・県・市道 / 1頭 / 通勤・通学
8610,2026,8,4,8,0,0,36.0430974160226,137.481896455088,高山市 / 高山市高根町上ヶ洞 / 国・県・市道 / 1頭 / その他車移動
8611,2026,8,4,15,0,0,36.2120355567786,137.363088286004,高山市 / 高山市丹生川町折敷地 / 農地 / 1頭 / その他車移動
8612,2026,8,7,12,0,0,36.0282448789448,137.516626509617,高山市 / 高山市高根町阿多野郷 / その他 / 1頭 / その他車移動
8613,2026,8,7,16,0,0,36.0281778881716,137.516418165278,高山市 / 高山市高根町阿多野郷 / その他 / 1頭 / その他車移動
8614,2026,8,8,14,0,0,36.1515577930486,137.23904690169,高山市 / 高山市下岡本町 / 住宅地 / 1頭 / その他
8615,2026,8,11,9,0,0,35.4736060415235,136.584296095088,揖斐川町 / 長良 / 河川敷 / 2頭 / その他車移動
8616,2026,8,12,23,0,0,35.7098711909801,137.376937231158,中津川市 / 加子母　上桑原区 / 国・県・市道 / 1頭 / その他
8617,2026,8,11,13,0,0,36.2592125345784,136.902317704287,白川村 / 鳩谷 / 国・県・市道 / 1頭 / その他車移動
8618,2026,8,17,9,0,0,35.9264419201393,137.444605628982,下呂市 / 小坂町落合 / その他 / 1頭 / その他
8619,2026,8,12,16,0,0,36.0442916880048,137.012625752057,高山市 / 高山市荘川町三谷 / 国・県・市道 / 1頭 / その他車移動
8620,2026,8,13,11,0,0,36.1769659870345,137.492557606562,高山市 / 高山市丹生川町久手 / その他 / 1頭 / その他車移動
8621,2026,8,13,15,0,0,36.0446020284439,137.276851585621,高山市 / 高山市久々野町無数河 / 住宅地 / 1頭 / その他
8622,2026,8,13,16,0,0,36.0469065597887,137.293377877433,高山市 / 高山市久々野町小坊 / 農地 / 1頭 / 農作業
8623,2026,8,14,10,0,0,35.9470045576387,137.483250064541,高山市 / 高山市高根町日和田 / 国・県・市道 / 1頭 / その他
8624,2026,8,17,16,0,0,35.9367764238275,137.249428019269,下呂市 / 小坂町大島 / その他 / 1頭 / その他車移動
8625,2026,8,18,17,0,0,35.697262008346,137.420537566429,中津川市 / 付知町 / 国・県・市道 / 1頭 / 通勤・通学
8626,2026,8,20,6,0,0,35.508704360102,137.314145201027,恵那市 / 中野方町 / その他 / 1頭 / その他車移動
8627,2026,8,22,2,0,0,35.6537399271645,137.165859877961,下呂市 / 金山町田島 / 国・県・市道 / 1頭 / その他
8628,2026,8,23,20,0,0,35.740706584728,136.984320921292,郡上市 / 八幡町安久田 / 林道 / 1頭 / その他車移動
8629,2026,7,29,8,0,0,35.7468576846138,136.979073646996,郡上市 / 八幡町安久田 / 国・県・市道 / 1頭 / その他車移動
8630,2026,8,21,6,0,0,36.3222144089152,137.283295630081,飛騨市 / 神岡町 / 山林 / 1頭 / 散歩
8631,2026,8,23,17,0,0,36.3224391961303,137.283838919881,飛騨市 / 神岡町 / 山林 / 1頭 / 散歩
8632,2026,8,25,17,0,0,35.4933671123572,136.579269442777,揖斐川町 / 大光寺 / その他 / 1頭 / その他
8633,2026,8,26,7,0,0,35.4924260525144,136.567990807098,揖斐川町 / 極楽寺 / その他 / 1頭 / その他
8634,2026,8,26,8,0,0,35.4931415990506,136.570052074913,揖斐川町 / 極楽寺 / 住宅地 / 1頭 / 自宅
8635,2026,8,26,16,0,0,35.5638315118637,136.514022203779,揖斐川町 / 揖斐川町久瀬 / 国・県・市道 / 1頭 / その他車移動
8636,2026,8,26,17,0,0,35.4994925325568,137.300212090511,恵那市 / 中野方町 / その他 / 2頭 / その他車移動
8637,2026,8,28,16,0,0,35.4959594938127,136.551419653903,揖斐川町 / 北方 / 農地 / 1頭 / その他車移動
8638,2026,8,30,6,0,0,35.5033297458357,136.534043265438,揖斐川町 / 北方 / その他 / 1頭 / その他車移動
8639,2026,8,30,10,0,0,35.4917525265883,136.54007747258,揖斐川町 / 上野 / 山林 / 1頭 / その他
8640,2026,8,30,17,0,0,35.9275792742776,137.316820784467,下呂市 / 小坂町落合 / その他 / 1頭 / その他
8641,2026,8,29,20,0,0,35.5221817311016,137.39134558501,中津川市 / 蛭川 / 国・県・市道 / 1頭 / その他車移動
8642,2026,7,24,18,0,0,35.5254782423252,137.381637807434,中津川市 / 蛭川 / 山林 / 1頭 / その他車移動
8643,2026,8,31,12,0,0,35.4858685035882,136.601996518283,大野町 / 牛洞地内 / 農地 / 1頭 / 自宅
8644,2026,8,28,9,0,0,35.5792345443492,137.53162564451,中津川市 / 坂下東町地内 / 農地 / 1頭 / 農作業
8645,2026,9,1,10,0,0,35.2511882961839,137.473115332373,恵那市 / 串原 / 国・県・市道 / 1頭 / その他
8646,2026,8,30,13,0,0,35.5328993112814,137.215123727663,八百津町 / 福地 / 国・県・市道 / 1頭 / その他車移動
8647,2026,9,1,17,0,0,35.5026244060922,136.656410409645,大野町 / 稲富地内 / 国・県・市道 / 1頭 / その他
8648,2026,9,2,20,0,0,35.5678882307669,137.223790398926,白川町 / 三川 / 河川敷 / 1頭 / その他
8649,2026,8,15,15,0,0,35.9570091096193,137.488614674082,高山市 / 高山市高根町日和田 / 国・県・市道 / 1頭 / その他車移動
8650,2026,8,17,14,0,0,36.2497096307735,137.490024962774,高山市 / 高山市奥飛騨温泉郷田頃家 / 国・県・市道 / 1頭 / その他車移動
8651,2026,8,17,15,0,0,36.0109783241363,137.355059874422,高山市 / 高山市朝日町西洞 / 林道 / 1頭 / その他
8652,2026,8,18,15,0,0,36.1742107917049,137.312917580417,高山市 / 高山市丹生川町坊方 / 農地 / 1頭 / 農作業
8653,2026,9,3,8,0,0,35.5936874089464,137.509640613665,高山市 / 坂下大門地内 / 河川敷 / 1頭 / 散歩
8654,2026,8,21,7,0,0,36.1341258748048,137.208771148296,高山市 / 高山市新宮町 / 国・県・市道 / 1頭 / その他
8655,2026,8,21,11,0,0,36.1864745870811,137.425698705897,高山市 / 高山市農政部農務課 / その他 / 1頭 / その他
8656,2026,8,20,20,0,0,36.1575383238662,137.274978303342,高山市 / 高山市三福寺町 / 国・県・市道 / 1頭 / その他車移動
8657,2026,8,24,15,0,0,36.0504532301986,137.56669254448,高山市 / 高山市高根町野麦 / その他 / 1頭 / その他
8658,2026,8,27,15,0,0,36.0511659396414,137.434103031067,高山市 / 高山市高根町中洞 / 国・県・市道 / 1頭 / その他車移動
8659,2026,8,29,22,0,0,36.1482036343467,137.263182399544,高山市 / 高山市左京町 / 住宅地 / 1頭 / その他
8660,2026,8,31,14,0,0,36.0544503470605,137.23189621022,高山市 / 高山市一之宮町苅安 / 国・県・市道 / 1頭 / その他車移動
8661,2026,9,1,15,0,0,35.8238898744587,137.025137710069,郡上市 / 八幡町有穂 / 国・県・市道 / 1頭 / その他車移動
8662,2026,9,2,17,0,0,35.8204087006547,137.025392905801,郡上市 / 八幡町有穂地内 / 国・県・市道 / 1頭 / その他
8663,2026,9,5,14,0,0,35.5792558838169,137.187802020822,白川町 / 河岐 / 山林 / 1頭 / その他
8664,2026,9,6,0,0,0,35.4951265834156,136.561955491942,揖斐川町 / 上南方 / 山林 / 1頭 / その他車移動
8665,2026,9,6,13,0,0,35.5929537953856,137.455773588362,中津川市 / 福岡　八布施　向島 / 河川敷 / 1頭 / その他車移動
8666,2026,9,4,8,0,0,35.5085781572075,136.653375599956,大野町 / 稲富地内 / 山林 / 1頭 / その他
