id,year,month,day,hour,minute,second,lat,lon,description
1,2023,4,1,6,35,0,34.00647,131.96706,光市大字立野 田んぼ / 車で走行中に、田んぼ内を歩いている熊を目撃したもの / 1頭 / 体長: 約１ｍ
2,2023,4,18,20,30,0,34.10274,132.09831,岩国市玖珂町 上野口第２踏切付近 / 車で走行中に、踏切付近で熊を目撃したもの / 1頭 / 体長: 約１ｍ
3,2023,4,19,8,50,0,34.22531,131.50628,山口市宮野上 県道宮野上佐々並線上 / 車で走行中に、県道を横断する熊を目撃したもの / 1頭 / 体長: 約１ｍ
4,2023,4,20,6,50,0,34.34607,131.71607,山口市徳地柚木 国道３１５号線上 / 車で走行中に、道路脇にいる熊を目撃したもの / 1頭 / 体長: 約１ｍ
5,2023,5,2,6,40,0,34.04528,132.19833,岩国市由宇町 岩国市立由宇中学校の南西側県道上 / 車で走行中に、道路上にいる熊を目撃したもの / 1頭 / 体長: 約１ｍ
6,2023,5,9,6,40,0,34.04927,131.8668,下松市大字瀬戸 市道付近 / 車で走行中に、市道から川の方向に立ち去る熊を目撃したもの / 1頭 / 体長: 約１ｍ
7,2023,5,9,18,35,0,33.9997,132.13074,柳井市日積 県道上 / 車で走行中に、県道を横断する熊を目撃したもの / 1頭 / 体長: 約１ｍ
8,2023,5,9,19,0,0,34.04452,131.92801,下松市大字切山 市道付近 / 車で走行中に、山方向に立ち去る熊の後ろ姿を目撃したもの / 1頭 / 体長: 約80㎝
9,2023,5,10,9,55,0,34.01561,131.99309,光市大字小周防 県道沿い / 車で走行中に、県道沿いの柵前に立っている熊を目撃したもの / 1頭 / 体長: 約1.5ｍ
10,2023,5,11,13,15,0,34.08639,131.83902,周南市大字徳山 狩人橋付近国道３１５号上 / 車で走行中に、道路脇にいる熊を目撃したもの / 1頭 / 体長: 約80㎝
11,2023,5,11,16,20,0,34.28847,131.78203,周南市大字大潮 大潮トンネル付近国道３１５号上 / ●走行中の車が、飛び出してきた熊と接触したもの / 1頭 / 体長: 約１ｍ
12,2023,5,12,8,50,0,34.03321,131.93687,周南市大字大河内 国道２号線沿い / 車で走行中に、国道沿いから山中に入っていく熊を目撃したもの / 1頭 / 体長: 約１ｍ
13,2023,5,12,15,35,0,33.9859,132.05717,熊毛郡田布施町大字大波野 県道周東田布施線沿い / 車で走行中に、県道を横断しようとした熊を目撃したもの / 1頭 / 体長: 約１ｍ
14,2023,5,12,18,25,0,34.03348,131.93759,周南市大字大河内 国道２号線沿い / 車で走行中に、国道沿いから山中に入っていく熊を目撃したもの / 1頭 / 体長: 約１ｍ
15,2023,5,13,10,25,0,34.02976,131.95076,周南市大字大河内 県道下松田布施線沿い / バイクで走行中に、県道沿いから山中に入っていく熊を目撃したもの / 1頭 / 体長: 約１ｍ
16,2023,5,13,13,10,0,34.04673,131.63312,防府市大字富海 市道上 / 車で走行中に、市道から林の中に入っていく熊を目撃したもの / 1頭 / 体長: 約１ｍ
17,2023,5,13,17,0,0,34.06868,131.98156,周南市大字樋口 国道２号線沿い / 車で走行中に、ガードレールの隙間から熊の顔が覗いていたのを目撃したもの / 1頭 / 体長: 不明
18,2023,5,14,6,35,0,34.02982,131.9454,周南市大字大河内 県道下松田布施線沿い / 車で走行中に、県道の歩道を歩いている熊を目撃したもの / 1頭 / 体長: 約1～2ｍ
19,2023,5,14,14,58,0,34.02888,131.94352,周南市大字大河内 県道下松田布施線沿い / 車で走行中に、県道の歩道にいる熊を目撃したもの / 1頭 / 体長: 約１ｍ
20,2023,5,15,16,30,0,33.98987,131.93252,光市大字浅江 市道上 / 市道上から山中に入っていく熊を目撃したもの / 1頭 / 体長: 約1.5ｍ
21,2023,5,15,19,0,0,34.06704,131.13873,山陽小野田市大字山野井 県道山陽豊田線上 / 車で走行中に、県道を横断する熊を目撃したもの / 2頭 / 体長: 不明
22,2023,5,16,13,25,0,34.16108,131.74551,周南市大字夏切 畑内 / 畑内から山に向かって歩いている熊を目撃したもの / 1頭 / 体長: 約80㎝
23,2023,5,17,12,0,0,34.07898,131.77055,周南市土井１丁目 山口県立新南陽高等学校グランド / 学校のグランドに、大型動物の足跡を発見し、周南市農林課員が確認をした結果、熊の足跡と判明したもの / 不明頭 / 体長: 不明
24,2023,5,17,18,40,0,34.08707,131.87364,下松市大字下谷 県道下松鹿野線付近 / 車で走行中に、県道を横断する熊を目撃したもの / 1頭 / 体長: 約80㎝
25,2023,5,18,7,30,0,34.00069,131.98572,光市大字束荷 県道光上関線沿い / 車で走行中に、山中から顔を出して、山中に入っていく熊を目撃したもの / 1頭 / 体長: 不明
26,2023,5,18,15,0,0,34.59164,131.68576,萩市大字中小川 防長バス三明バス停付近県道上 / 車で走行中に、県道上から山に入っていく熊を目撃したもの / 1頭 / 体長: 約60㎝
27,2023,5,19,7,50,0,34.11877,132.00441,岩国市周東町獺越 周北小学校付近の県道上 / 車で走行中に、県道を横断している熊を目撃したもの / 1頭 / 体長: 約１ｍ
28,2023,5,19,8,10,0,34.56147,131.65877,萩市大字上小川 県道益田阿武線上 / 車で走行中に、県道を横断して藪に入っていく熊を目撃したもの / 1頭 / 体長: 約60㎝
29,2023,5,19,16,20,0,34.36506,131.19252,長門市東深川 長門市立深川中学校付近 / 車で走行中に、県道に出てきた後、反転して山林に戻っていく熊を目撃したもの / 1頭 / 体長: 約１ｍ
30,2023,5,20,5,50,0,33.95959,131.97305,光市大字光井 県道光柳井線沿い / 車で走行中に、県道沿いにいる熊を目撃したもの / 1頭 / 体長: 約１ｍ
31,2023,5,20,8,45,0,34.36898,131.1986,長門市東深川 長門市立深川中学校付近県道上 / 車で走行中に、県道を横断して山林に入っていく熊を目撃したもの / 1頭 / 体長: 約１ｍ
32,2023,5,21,5,32,0,34.02536,131.90532,下松市葉山 県道付近 / 車で走行中に、県道の歩道から山に立ち去る熊を目撃したもの / 1頭 / 体長: 約１ｍ
33,2023,5,23,19,58,0,34.61689,131.58201,萩市大字須佐 JR山陰本線 / ●進行中の列車が、線路に進入してきた熊と接触したもの / 1頭 / 体長: 不明
34,2023,5,23,22,30,0,34.37532,131.69609,山口市阿東徳佐下 JR鍋倉駅付近の国道９号線上 / 車で走行中に、国道を横断する熊を目撃したもの / 1頭 / 体長: 約１ｍ
35,2023,5,26,20,6,0,34.61119,131.68332,萩市大字中小川 吉ヶ原橋付近 / 車で走行中に、川方向から出てきた後、反転して立ち去った熊を目撃したもの / 1頭 / 体長: 約１ｍ
36,2023,5,26,21,30,0,33.98658,131.96012,光市大字上島田 県道光玖珂線上 / 車で走行中に、県道を横断する熊を目撃したもの / 1頭 / 体長: 約１ｍ
37,2023,5,26,22,35,0,34.00398,131.87178,下松市青柳１丁目 宮前公園 / 車で走行中に、公園から出てきた熊を目撃したもの / 1頭 / 体長: 約80㎝
38,2023,5,27,5,35,0,33.99868,131.88056,下松市大字東豊井 大谷ﾊﾟｰｷﾝｸﾞ付近国道１８８号上 / 車で走行中に、国道を横断する熊を目撃したもの / 1頭 / 体長: 約１ｍ
39,2023,5,27,13,30,0,34.24037,131.82574,周南市大字鹿野上 県道鹿野吉賀線上 / 車で走行中に、県道を横断する熊を目撃したもの / 1頭 / 体長: 約80㎝
40,2023,5,29,9,30,0,34.38255,131.35158,萩市三見 国道１９１号上 / 車で走行中に、国道を横断する熊を目撃したもの / 1頭 / 体長: 約1.5ｍ
41,2023,5,31,13,15,0,34.62118,131.58178,萩市大字須佐 萩市須佐湾ｴｺﾛｼﾞｰｷｬﾝﾌﾟ場駐車場 / キャンプ場事務所２階で清掃中に、窓越しに熊が進行しているのを目撃したもの / 1頭 / 体長: 約1.3ｍ
42,2023,6,1,17,0,0,33.93586,131.99115,光市大字室積村 コバルト台地（公衆トイレ）付近 / 散歩中に、歩いている熊を目撃したもの / 1頭 / 体長: 約１ｍ
43,2023,6,2,17,17,0,34.37333,131.68447,山口市阿東徳佐下 JR鍋倉駅付近の県道付近 / 車で走行中に、県道付近にいる熊を目撃したもの / 1頭 / 体長: 約1.5ｍ
44,2023,6,5,9,45,0,34.37552,131.26542,長門市三隅中 長門市立三隅中学校付近路上 / 車で走行中に、道路を横切り山中に入っていく熊を目撃したもの / 1頭 / 体長: 約１ｍ
45,2023,6,6,12,14,0,34.09793,131.74063,周南市大字小畑 神代橋付近国道上 / 車で走行中に、国道を横断する熊を目撃したもの / 1頭 / 体長: 約80㎝
46,2023,6,8,16,40,0,34.35759,131.18307,長門市東深川 長門市立深川中学校付近路上 / 徒歩で進行中に、山林から道路に出てきた後、反転して山林に戻っていく熊を目撃したもの / 1頭 / 体長: 約１ｍ
47,2023,6,12,5,58,0,34.34709,131.716,山口市徳地柚木 山口市立柚野木小学校付近路上 / 車で走行中に、国道を横断する熊を目撃したもの / 1頭 / 体長: 約１ｍ
48,2023,6,12,17,15,0,34.14899,131.82069,周南市大字大道理 国道３１５号申合谷バス停付近 / 車で走行中に、国道沿いにいた熊を目撃したもの / 1頭 / 体長: 約60㎝
49,2023,6,13,15,55,0,34.14746,132.08595,岩国市伊房路 路上 / 車で走行中に、路上を横断している熊を目撃したもの / 1頭 / 体長: 約１ｍ
50,2023,6,14,13,25,0,34.13597,131.81523,周南市大字大道理 国道３７６号瀬戸兼交差点付近 / パトカーで走行中の警察官が、国道を横断する熊を目撃したもの / 1頭 / 体長: 約１ｍ
51,2023,6,15,6,50,0,34.14321,131.8379,周南市大字長穂 徳山ｶﾝﾄﾘｰｸﾗﾌﾞｱｳﾄｺｰｽ１番内 / 開場準備のためコースを回っていた際、コース内を歩いている熊を目撃したもの / 1頭 / 体長: 約80㎝
52,2023,6,16,20,35,0,34.12419,131.15926,美祢市東厚保町 岩河内バス停付近県道下関美祢線上 / 車で走行中に、県道を横断する熊を目撃したもの / 1頭 / 体長: 約１ｍ
53,2023,6,18,19,35,0,34.27013,131.9888,岩国市錦町府谷 県道上 / 車で走行中に、県道上にいた熊を目撃したもの / 1頭 / 体長: 約1.5ｍ
54,2023,6,19,10,10,0,34.25208,131.84896,周南市大字鹿野上 県道鹿野吉賀線上 / 車で走行中に、道路沿い法面を歩いている熊を目撃したもの / 1頭 / 体長: 約60㎝
55,2023,6,20,7,0,0,34.20006,132.18544,岩国市小瀬 岩国市立小瀬小学校付近市道上 / ウォーキング中に、市道を横切る熊を目撃したもの / 1頭 / 体長: 約１ｍ
56,2023,6,23,9,0,0,34.26795,131.947,岩国市錦町広瀬 岩国市立錦清流小学校付近山中 / 伐採作業のため山中を歩いていた際、藪の中に逃げていく熊を目撃したもの / 1頭 / 体長: 約50～60㎝
57,2023,6,23,10,50,0,33.97266,132.03598,熊毛郡田布施町大字波野 県道下松田布施線上 / 車で走行中に、県道を横断する熊を目撃したもの / 1頭 / 体長: 約１ｍ
58,2023,6,23,15,30,0,34.23833,131.2943,美祢市秋芳町秋吉 秋吉台家族旅行村総合管理棟付近 / ランニングコースを走っていた際、山中に熊様の動物がいるのを目撃したもの / 1頭 / 体長: 約１ｍ
59,2023,6,23,18,5,0,34.22205,131.63518,山口市徳地引谷 県道上 / 車で走行中に、山から下りてきて、道路を横断した後、引き返して再び山に登る熊を目撃したもの / 1頭 / 体長: 約１ｍ
60,2023,6,27,7,40,0,33.9694,132.03927,熊毛郡田布施町大字波野 町道上 / 自転車で走行中に、道路上で佇んでいる熊を目撃したもの / 1頭 / 体長: 約1～2ｍ
61,2023,6,28,7,0,0,34.01598,131.99237,光市大字小周防 県道沿い / 車で走行中に、県道沿いに立ち、その後、山中に入っていく熊を目撃したもの / 1頭 / 体長: 約1.5ｍ
62,2023,7,2,19,50,0,34.18646,132.17669,岩国市関戸 路上 / 車で走行中に、路上を横断している熊を目撃したもの / 1頭 / 体長: 約１ｍ
63,2023,7,4,10,15,0,34.47679,131.58652,萩市大字高佐上 西側公会堂付近市道上 / 車で走行中に、市道を横断する熊を目撃したもの / 2頭 / 体長: 約1.1ｍ 約60㎝
64,2023,7,4,19,30,0,34.01907,132.08496,柳井市伊陸 松ケ谷公会堂付近県道光日積線上 / 車で走行中に、県道を横切り、山間へ立ち去る熊を目撃したもの / 1頭 / 体長: 約1～2ｍ
65,2023,7,4,19,37,0,34.21628,131.21104,美祢市大嶺町北分 石入バス停付近市道上 / 車で走行中に、市道上にいる熊を目撃したもの / 1頭 / 体長: 約１ｍ
66,2023,7,6,18,53,0,34.40081,131.70619,山口市阿東徳佐下 市道上 / 市道を歩いている熊を目撃したもの / 1頭 / 体長: 約１ｍ
67,2023,7,8,19,10,0,34.40896,131.4253,萩市大字椿東 陶芸の村公園付近 / 車で走行中に、山から出てきた後、反転して山に戻っていく熊を目撃したもの / 2頭 / 体長: 約1.2ｍ、約80㎝
68,2023,7,8,19,20,0,34.35163,131.11324,長門市日置中 墓地 / 墓地から山林に向かっていく熊を目撃したもの / 1頭 / 体長: 約1.5ｍ
69,2023,7,10,8,35,0,34.59061,131.70341,萩市大字下小川 市道大山田線上 / 車で走行中に、市道沿いの側溝内にいる熊を目撃したもの / 1頭 / 体長: 約50㎝
70,2023,7,10,19,16,0,34.3421,131.72624,山口市徳地柚木 山口市立柚野木小学校付近国道上 / 車で走行中に、国道を横断する熊を目撃したもの / 1頭 / 体長: 約50㎝
71,2023,7,10,20,0,0,34.28481,131.42097,萩市大字佐々並 黒ケ谷公会堂西側県道矢代佐々並線上 / 車で走行中に、県道を横断し山に入っていく熊を目撃したもの / 1頭 / 体長: 約１ｍ
72,2023,7,10,15,40,0,33.80327,132.06081,熊毛郡上関町大字長島 町道沿い / 作業中に、斜面上で熊様の動物を目撃したもの / 1頭 / 体長: 約１ｍ
73,2023,7,11,18,59,0,33.99733,132.10429,柳井市柳井 県道柳井玖珂線上 / 車で走行中に、県道を横断する熊を目撃したもの / 1頭 / 体長: 約１ｍ
74,2023,7,11,20,46,0,34.29647,131.57045,山口市阿東生雲東分 国道９号上 / 車で走行中に、国道を横切って進行していく熊を目撃したもの / 1頭 / 体長: 約１ｍ
75,2023,7,12,12,10,0,34.22519,131.99315,岩国市美川町四馬神 国道上 / 車で走行中に、国道を横切る熊を目撃したもの / 1頭 / 体長: 約1.5ｍ
76,2023,7,12,8,30,0,34.18378,131.33666,美祢市美東町綾木 大田川川土手 / 車で走行中に、川土手にいる熊様の動物を目撃したもの / 1頭 / 体長: 約80㎝
77,2023,7,12,18,20,0,34.18279,131.7177,山口市徳地串 民家付近 / 付近の木及び道路を隔てた藪で、それぞれ熊がいるのを目撃したもの / 2頭 / 体長: 約50～60㎝、約１ｍ
78,2023,7,12,19,10,0,34.46692,131.44967,萩市大井 大井公民館付近門前橋西側 / 散歩中のに、土手下の畑を歩いている熊を目撃したもの / 1頭 / 体長: 約80㎝
79,2023,7,14,17,20,0,34.34149,131.66032,山口市阿東地福下 国道４８９号上 / 車で走行中に、国道を横切って進行する熊を目撃したもの / 1頭 / 体長: 約１ｍ
80,2023,7,19,7,20,0,34.09236,131.7845,周南市大字下上 観音橋北東側中洲の草むら内 / 徒歩で登校中に、草むらに熊様の動物がいるのを目撃したもの / 1頭 / 体長: 約１ｍ
81,2023,7,20,7,35,0,34.13958,131.11014,美祢市西厚保町原 長尾公会堂付近の山中 / 山中に熊がいるのを目撃したもの / 1頭 / 体長: 約1.5ｍ
82,2023,7,21,18,50,0,34.61809,131.66226,萩市大字上田万 瀬尻公会堂付近 / 山に歩いていく熊を目撃したもの / 1頭 / 体長: 約70㎝
83,2023,7,22,8,0,0,34.14846,131.73281,周南市大字峠 民家付近 / 石垣の上に立ち上がり、壁などを引っ掻いている熊を目撃したもの / 1頭 / 体長: 約1.2m
84,2023,7,26,11,0,0,33.96095,131.97947,光市大字三輪 鮎帰新橋付近 / 自転車で走行中に、頭部を草むらに突っ込んでいる熊様の動物の臀部を目撃したもの / 1頭 / 体長: 臀部直径 約50㎝
85,2023,7,27,14,6,0,34.3144,131.592,山口市阿東生雲東分 国道９号上 / 車で走行中に、国道を横切って線路方向に進行する熊を目撃したもの / 1頭 / 体長: 約１ｍ
86,2023,7,30,17,45,0,34.16525,131.82264,周南市大字大向 国道３１５号下山バス停付近 / 車で走行中に、国道を横切って山に立ち去る熊を目撃したもの / 1頭 / 体長: 約１ｍ
87,2023,8,1,17,20,0,34.19663,131.72927,山口市徳地鯖河内 山口市徳地地域交流ｾﾝﾀｰ串分館駐車場 / 駐車場に赴いた際、駐車場内を進行する熊を目撃したもの / 1頭 / 体長: 約50㎝
88,2023,8,2,18,20,0,33.82908,132.11491,熊毛郡上関町大字長島 上関大橋付近町道上 / 車で走行中に、町道から法面に上がり山中に立ち去る熊様の動物を目撃したもの / 1頭 / 体長: 約１ｍ
89,2023,8,5,18,0,0,34.38916,131.36736,萩市大字山田 国道１９１号上 / 車で走行中に、ガードレール付近にいた熊を目撃したもの / 1頭 / 体長: 約1.5ｍ
90,2023,8,7,11,10,0,34.3864,131.3559,萩市大字三見 県道三見停車場三見市線上 / 車で走行中に、山から現れて、県道を横断する熊を目撃したもの / 1頭 / 体長: 約１ｍ
91,2023,8,8,14,0,0,34.04319,132.08733,岩国市周東町祖生 山際 / あぜ道で草刈りをしていた際、山から下りて、再び山に戻っていった熊を目撃したもの / 1頭 / 体長: 約50㎝
92,2023,8,12,8,15,0,34.44614,131.52428,萩市大字紫福 紫福第一揚水機場付近 / 車で走行中に、土手から山方向に歩いていく熊を目撃したもの / 1頭 / 体長: 約１ｍ
93,2023,8,12,16,35,0,34.10919,132.03237,岩国市周東町川上 県道周東美川線上 / 車で走行中に、県道を横断して川方向に進行した熊を目撃したもの / 1頭 / 体長: 約１ｍ
94,2023,8,14,7,15,0,34.11801,131.9207,周南市大字中須南 県道徳山光線上 / 自転車で走行中に、県道を横切り、山中に立ち去った熊を目撃したもの / 1頭 / 体長: 約１ｍ
95,2023,8,14,10,55,0,34.10483,131.8144,周南市大字川曲 上川曲自治会館先市道上 / 散歩中に、橋上から山に立ち去った熊を目撃したもの / 1頭 / 体長: 約90㎝
96,2023,8,15,20,40,0,34.2593,131.80038,周南市大字大潮 国道３１５号上 / 車で走行中に、国道を横断する熊を目撃したもの / 1頭 / 体長: 約１ｍ
97,2023,8,19,8,10,0,34.10422,131.93638,周南市大字中須南 国道３７６号線上 / 車で走行中に、国道を横切る熊を目撃したもの / 1頭 / 体長: 約１ｍ
98,2023,8,21,6,30,0,34.47832,131.60324,萩市大字高佐下 県道高佐下阿武線上 / 車で走行中に、熊を目撃し、その際、藪からも熊が出てきたのを目撃したもの / 2頭 / 体長: 約1.1ｍ 約70㎝
99,2023,8,23,8,40,0,34.05293,131.85242,周南市学園台 徳山工業高等専門学校付近市道上 / 散歩中に、市道を横断し、藪に入っていった熊を目撃したもの / 1頭 / 体長: 約１ｍ
100,2023,8,25,15,40,0,34.41243,131.67896,山口市阿東徳佐下 国道３１５号上 / ●車で走行中に、川沿いから飛び出してきた熊と衝突したもの / 1頭 / 体長: 不明
101,2023,8,29,20,23,0,34.09558,131.58065,防府市大字右田 県道防府徳地線上 / 車で走行中に、道路脇にいる熊を目撃したもの / 1頭 / 体長: 約１ｍ
102,2023,9,6,8,30,0,34.35724,131.31498,長門市三隅上 国道１９１号上 / 草刈り作業中に、国道を横断する熊を目撃したもの / 1頭 / 体長: 約１ｍ
103,2023,9,8,18,6,0,34.17595,131.68768,山口市徳地山畑 国道３７６号上 / 車で走行中に、国道を横切る熊を目撃したもの / 1頭 / 体長: 約１ｍ
104,2023,9,12,10,30,0,34.06591,131.82461,周南市大字徳山 畑内 / 農作業中に、畑に大型動物の足跡を発見、県担当課に確認し、「熊の足跡と思われる」旨回答を受けたもの / 1頭 / 体長: 不明
105,2023,9,14,5,50,0,34.27119,131.54428,山口市阿東篠目 国道９号上 / ●車で走行中に、川沿いから飛び出してきた熊と衝突したもの / 1頭 / 体長: 約１ｍ
106,2023,9,14,12,35,0,34.15607,131.63012,山口市徳地岸見奥畑 県道三田尻港徳地線沿い雑木林 / 車で走行中に、竹藪から県道に近づき、反転して竹藪に立ち去る熊を目撃したもの / 1頭 / 体長: 約50㎝
107,2023,9,15,20,30,0,34.28513,132.03442,岩国市本郷町本郷 助光橋南側空き地 / 車で走行中に、近空き地にいる熊を目撃したもの / 1頭 / 体長: 約1.5ｍ
108,2023,9,19,7,33,0,34.37288,131.6831,山口市阿東地福上 県道上 / 車で走行中に、県道を横切り、竹藪に入る熊を目撃したもの / 1頭 / 体長: 約１ｍ
109,2023,9,19,23,9,0,34.1686,131.47897,山口市宮島町 鰐石橋付近の川 / 自転車で走行中に、川にいる熊を目撃したもの / 1頭 / 体長: 約1.5ｍ
110,2023,9,19,18,30,0,34.34509,131.31257,長門市三隅上 一の瀬公会堂付近の県道沿い / 車で走行中に、県道沿いの山の法面にいる熊を目撃したもの / 1頭 / 体長: 約50㎝
111,2023,9,21,20,20,0,34.22934,132.11331,岩国市美和町佐坂 岩国市立美和東小学校付近県道上 / 車で走行中に、道路上にいる熊を目撃したもの / 1頭 / 体長: 約１ｍ
112,2023,9,25,18,30,0,34.21625,130.92929,下関市豊浦町大字宇賀 下関市立宇賀小学校付近貯水池先 / 歩いていた際、貯水池近辺で小動物を追いかけて山に向かった熊様の動物を目撃したもの / 1頭 / 体長: 約１ｍ
113,2023,9,26,7,30,0,34.4623,131.57966,萩市大字高佐下 市道毛木山後井線上 / 車で走行中に、市道上から山中に逃げ去る熊を目撃したもの / 1頭 / 体長: 約１ｍ
114,2023,9,26,14,0,0,34.17162,131.6454,山口市徳地伊賀地 農免道路上 / 車で走行中に、県道を横断する熊を目撃したもの / 1頭 / 体長: 約50㎝
115,2023,9,27,16,0,0,34.40862,132.04999,岩国市錦町宇佐郷 市道上 / 農作業中に、竹藪から市道に現れ、その後竹藪に戻る熊を目撃したもの / 1頭 / 体長: 約１ｍ
116,2023,9,28,8,25,0,34.30394,130.91936,下関市豊北町大字神田 国道４３５号線上 / 車で走行中に、国道を横切り、山に向かった熊を目撃したもの / 1頭 / 体長: 約１ｍ
117,2023,9,28,16,0,0,34.50682,131.58489,阿武郡阿武町大字福田下 町道十王堂上万原線上 / 原動機付自転車で走行中に、町道を横断する熊を目撃したもの / 1頭 / 体長: 約80㎝
118,2023,9,29,18,10,0,34.08742,131.89238,下松市大字下谷 県道付近 / 車で走行中に、県道を横切り、山方向に立ち去る熊を目撃したもの / 1頭 / 体長: 約１ｍ
119,2023,9,29,19,40,0,34.33521,132.00926,岩国市錦町須川 付近 / 養蜂箱を食い荒らされ、熊の爪痕を認めたもの / 不明頭 / 体長: 不明
120,2023,9,30,7,0,0,34.31456,131.93962,岩国市錦町大野 付近 / 土塀に熊の足跡を発見したもの / 不明頭 / 体長: 不明
121,2023,9,30,6,30,0,34.27505,132.06507,岩国市美和町阿賀 下湯ノ迫バス停付近の田んぼ / 田んぼを歩いていた熊を目撃したもの / 1頭 / 体長: 約80㎝
122,2023,9,30,8,10,0,34.32922,130.89774,下関市豊北町大字神田 県道島戸港線上 / 車で走行中に、県道を横切り、茂みに向かった熊を目撃したもの / 1頭 / 体長: 約60～80㎝
123,2023,10,1,7,0,0,34.28019,132.09001,岩国市美和町北中山 付近 / 土蔵の外壁が剥がれているのを発見し、付近を確認したところ、熊の足跡や糞を発見したもの / 不明頭 / 体長: 不明
124,2023,10,1,22,43,0,34.10101,131.7405,周南市大字小畑 国道４８９号付近 / 車で走行中に、国道から山中に入っていった熊を目撃したもの / 1頭 / 体長: 約１ｍ
125,2023,10,3,16,0,0,34.22757,132.07627,岩国市美和町生見 山中 / 柿の食害を認めたことから、総合支所職員と現場を確認したところ爪痕や足跡を発見したもの / 不明頭 / 体長: 不明
126,2023,10,7,6,45,0,34.25934,132.09029,岩国市美和町生見 主要地方道岩国佐伯線上 / 車で走行中に、道路を横切る熊を目撃したもの / 1頭 / 体長: 約1ｍ
127,2023,10,7,19,25,0,34.23215,132.10261,岩国市美和町渋前 市道上 / 車で走行中に、市道から山に入る熊２頭を目撃したもの / 2頭 / 体長: 約1ｍ 約1ｍ
128,2023,10,7,21,55,0,34.30157,132.04562,岩国市本郷町本郷 付近 / 付近で熊の様なものを目撃したもの / 1頭 / 体長: 不明
129,2023,10,8,10,0,0,34.24575,132.08751,岩国市美和町生見 民家の裏山 / 栗の木の食害を認めたことから、総合支所職員及び警察官と確認したところ木に登った痕跡（熊棚）を発見したもの / 不明頭 / 体長: 不明
130,2023,10,8,10,0,0,34.22331,132.13358,岩国市美和町長谷 付近 / 柿の木の食害を認めたことから、総合支所職員及び警察官と確認したところ木に登った痕跡（熊棚）や糞を発見したもの / 不明頭 / 体長: 不明
131,2023,10,8,17,46,0,34.36437,131.19141,長門市東深川 主要地方道下関長門線上 / 車で走行中に、山林から山林に道路を横断する熊を目撃したもの / 1頭 / 体長: 約70㎝
132,2023,10,8,11,0,0,34.32952,131.9931,岩国市錦町須川 付近 / 折れた柿の木や糞様のものを発見したことから、総合支所職員及び警察官と確認し、熊によるものと認めたもの / 不明頭 / 体長: 不明
133,2023,10,8,11,0,0,34.33723,132.00646,岩国市錦町須川 畑内 / 害獣対策の柵が倒され折れ、柿が食べられた形跡及び糞様のものを発見したことから、総合支所職員及び警察官と確認し、熊によるものと認めたもの / 不明頭 / 体長: 不明
134,2023,10,9,15,13,0,34.18113,131.677,山口市徳地山畑 国道３７６号上 / 車で走行中、国道を横切る熊を目撃したもの / 1頭 / 体長: 約1ｍ
135,2023,10,10,7,30,0,34.29524,132.03734,岩国市本郷町本郷 岩国市立本郷中学校グラウンド / グラウンドに糞様のものを発見したことから、総合支所職員、猟友会員及び警察官と確認し、熊のものと認めたもの / 不明頭 / 体長: 不明
136,2023,10,10,13,30,0,34.22308,132.08611,岩国市美和町渋前 畑内 / 柿の食害、爪跡、糞様のものを発見したことから、総合支所職員及び警察官と確認し、熊のものと認めたもの / 不明頭 / 体長: 不明
137,2023,10,10,10,30,0,34.32807,131.99237,岩国市錦町須川 山林 / 柿の食害及び熊棚を発見したことから、猟友会員、警察官等が確認し、熊のものと認めたもの / 不明頭 / 体長: 不明
138,2023,10,11,18,40,0,34.1656,131.71847,山口市徳地島地 県道１９２号線上 / 車で走行中、県道沿いにいる熊を目撃したもの / 1頭 / 体長: 約1ｍ
139,2023,10,11,12,0,0,34.33669,132.00244,岩国市錦町須川 市道上 / 猟友会員が、自宅付近の市道上に熊の糞を発見し、警察官と総合支所職員が確認して、熊のものと認めたもの / 不明頭 / 体長: 不明
140,2023,10,13,6,0,0,34.24695,132.08421,岩国市美和町生見 山中 / 栗の木に熊棚を発見し、総合支所職員、猟友会員及び警察官が確認したところ、付近に熊の糞等を認めたもの / 不明頭 / 体長: 不明
141,2023,10,13,17,30,0,34.41602,131.51768,萩市大字福井上 高ノ須トンネル出入口付近市道上 / 車で走行中、市道上にいた熊を目撃したもの / 1頭 / 体長: 約1ｍ
142,2023,10,14,7,25,0,34.23643,132.08208,岩国市美和町生見 主要地方道岩国佐伯線上 / 車で走行中、県道から山に入る熊を目撃したもの / 1頭 / 体長: 約1ｍ
143,2023,10,14,10,0,0,34.28478,131.11441,長門市俵山 山中 / 「熊の鳴き声を聞いた」旨の通報を受けた市役所職員が猟友会とともに現場を捜索して爪痕を発見、警察官も現場を確認し、熊のものと認めたもの / 不明頭 / 体長: 不明
144,2023,10,14,13,0,0,34.2325,132.10256,岩国市美和町渋前 畑内 / 畑で折れた栗の木、熊棚、糞を発見したことから、総合支所職員及び警察官が確認し、熊によるものと認めたもの / 不明頭 / 体長: 不明
145,2023,10,14,10,0,0,34.32135,131.98578,岩国市錦町深川 畑内 / 畑で折れた栗の木、熊棚を発見したことから、総合支所職員及び警察官と確認し、熊によるものと認めたもの / 不明頭 / 体長: 不明
146,2023,10,14,16,0,0,34.22635,132.09602,岩国市美和町渋前 付近 / 柿の食害、爪跡、糞を発見したことから、総合支所職員、猟友会員及び警察官と確認し、熊のものと認めたもの / 不明頭 / 体長: 不明
147,2023,10,14,19,22,0,34.22844,132.1157,岩国市美和町佐坂 県道岩国美和線上 / ●車で走行中、県道を横断する熊と思われる動物と接触したもの / 1頭 / 体長: 約1ｍ
148,2023,10,15,21,15,0,34.22582,132.20327,岩国市小瀬 県道北中山岩国線上 / 車で走行中、県道から山に入る熊を目撃したもの / 1頭 / 体長: 約1ｍ
149,2023,10,16,14,50,0,34.21716,131.5551,山口市仁保中郷 市道上 / 車で走行中、市道を横断し藪の中に入る熊２頭を目撃したもの / 2頭 / 体長: 約50㎝ 約50㎝
150,2023,10,17,11,0,0,34.22707,132.10039,岩国市美和町渋前 市道上 / 徒歩で散歩中、市道を横断し、山に入る熊２頭を目撃したもの / 2頭 / 体長: 約１ｍ 約50㎝
151,2023,10,17,8,0,0,34.33099,131.99399,岩国市錦町須川 畑内 / 電気柵や養蜂箱が倒され、糞が落ちていたため、猟友会員と確認し、熊のものと認めたもの / 不明頭 / 体長: 不明
152,2023,10,17,7,30,0,34.29782,132.0413,岩国市本郷町本郷 畑内 / 畑で柿の木が折られ、実を食べられた跡を発見し、猟友会員と現場を確認し、熊によるものと認めたもの / 不明頭 / 体長: 不明
153,2023,10,18,8,0,0,34.29795,132.04127,岩国市本郷町本郷 主要地方道岩国錦線上 / 県道を横断し、山に入る熊を目撃したもの / 1頭 / 体長: 約1ｍ
154,2023,10,18,19,0,0,34.17393,131.47845,山口市駅通り一丁目 市道上 / 車で走行中、熊の可能性のある動物１頭を目撃したもの / 1頭 / 体長: 約1ｍ
155,2023,10,18,21,0,0,34.11209,131.73069,周南市大字馬神 国道４８９号上 / 車で走行中、道路端で佇立していた熊を目撃したもの / 1頭 / 体長: 約1ｍ
156,2023,10,18,10,0,0,34.11024,132.04232,岩国市周東町下久原 主要地方道周東美川線上 / 車で走行中、県道を横断し、山に入る熊を目撃したもの / 1頭 / 体長: 約1ｍ
157,2023,10,19,20,42,0,34.22718,131.81793,周南市大字鹿野上 市道上 / 車で走行中、市道を進行した後、畑に入る熊３頭を目撃したもの / 3頭 / 体長: 約１ｍ 約80㎝ 約80㎝
158,2023,10,20,10,50,0,34.33384,132.00839,岩国市錦町須川 畑内 / 畑で柿の木が折られ、実を食べられ、付近に糞を発見したことから、猟友会員と現場を確認し、熊によるものと認めたもの / 不明頭 / 体長: 不明
159,2023,10,21,10,34,0,34.22226,131.81366,周南市大字鹿野中 国道３１５号上 / 車で走行中、県道を横断する熊を目撃したもの / 2頭 / 体長: 約80㎝ 約80㎝
160,2023,10,21,5,30,0,34.13425,132.09892,岩国市大山 国道２号上 / ●車で走行中に、国道を横断する熊と思われる動物と衝突したもの / 1頭 / 体長: 約1ｍ
161,2023,10,21,,,,34.2261,132.06711,岩国市美和町生見 市道上 / 原付で走行中に、市道を横断する熊を目撃したもの / 1頭 / 体長: 約1ｍ
162,2023,10,22,6,10,0,34.17322,132.12382,岩国市瓦谷 国道２号上 / 車で走行中、国道を横断する熊を目撃したもの / 1頭 / 体長: 約80㎝
163,2023,10,23,6,30,0,34.22533,131.82039,周南市大字鹿野下 市道上 / 車で走行中、市道を横断し、山中に立ち去る熊を目撃したもの / 1頭 / 体長: 約1ｍ
164,2023,10,23,7,30,0,34.22728,131.96129,岩国市錦町野谷 畑内 / ネットが外され、壁が壊されており、付近の畑で熊のものと認められる足跡を発見したことから、総合支所職員及び猟友会員と現場を確認し、熊によるものと認めたもの / 不明頭 / 体長: 不明
165,2023,10,23,21,41,0,34.13669,131.90145,周南市大字中須北 国道４３４号上 / 車で走行中、国道を進行する熊を目撃したもの / 1頭 / 体長: 約60㎝
166,2023,10,24,22,50,0,34.36939,131.11349,長門市日置上 県道日置上油谷線上 / 車で走行中、県道中央に佇む熊を目撃したもの / 1頭 / 体長: 約1ｍ
167,2023,10,26,9,0,0,34.09344,132.10091,岩国市玖珂町 畑内 / 柿の木の幹に爪痕が残され、枝が折られ、柿の実が食べられているのを発見したことから、総合支所職員及び猟友会員と現場を確認したところ、熊によるものと認めたもの / 不明頭 / 体長: 不明
168,2023,10,26,20,45,0,34.13153,131.81162,周南市大字道理 県道新南陽津和野線上 / 車で走行中、県道を対向から進行してくる熊２頭を目撃したもの / 2頭 / 体長: 約１ｍ 約80㎝
169,2023,10,27,6,30,0,34.23141,132.10458,岩国市美和町渋前 県道上 / 徒歩で散歩中、県道を横断する熊を目撃したもの / 1頭 / 体長: 約1ｍ
170,2023,10,27,7,30,0,34.15201,132.10288,岩国市土生 市道上 / 児童の登校に付き添っていた保護者が、熊と思われる糞を発見し、総合支所職員及び猟友会員と現場を確認したところ、熊によるものと認めたもの / 不明頭 / 体長: 不明
171,2023,10,26,15,30,0,34.02401,130.98508,下関市大字松小田 四王司山五合目付近の山中 / 登山の下山中、茂みに佇んでいる熊ようの動物を目撃したもの / 1頭 / 体長: 約1ｍ
172,2023,10,27,10,0,0,34.1876,132.13121,岩国市阿品 畑内 / 柿の木の幹に爪痕が残され、枝が折られ、柿の実が食べられているのを発見したことから、岩国市役所職員と現場を確認し、熊によるものと認めたもの / 不明頭 / 体長: 不明
173,2023,10,29,22,30,0,34.30771,131.20135,長門市渋木 国道３１６号上 / 車で走行中、国道を横断する熊を目撃したもの / 1頭 / 体長: 約1.5ｍ
174,2023,10,30,22,0,0,34.08264,131.13717,山陽小野田市大字山野井 県道山陽豊田線上 / 車で走行中、県道を横断する熊を目撃したもの / 1頭 / 体長: 約１ｍ
175,2023,10,31,13,40,0,34.0922,131.95926,周南市大字八代 林道 / 車で走行中、林道を横切る熊を目撃したもの / 1頭 / 体長: 約80㎝
176,2023,10,31,21,15,0,33.92891,132.0754,熊毛郡平生町大字大野南 町道上 / 自転車で走行中、町道を歩いている熊を目撃したもの / 1頭 / 体長: 約１ｍ
177,2023,10,31,7,40,0,34.22898,132.10442,岩国市美和町渋前 造成地 / 柿の木の枝が折られ、柿の実が食されており、柿の木の幹に熊の爪痕を猟友会員が発見したもの / 不明頭 / 体長: 不明
178,2023,11,2,0,50,0,34.04839,131.97298,周南市大字安田 市道上 / 車で走行中、市道に飛び出し、茂みに入る熊を目撃したもの / 1頭 / 体長: 約50cm
179,2023,11,2,7,30,0,34.15196,132.10332,岩国市土生 付近 / 前日と比べて柿の実が減っていた木を認め、柿の実が食され、柿の木が折られていたことから、岩国市役所職員と現場を確認し、熊によるものと認めたもの / 不明頭 / 体長: 不明
180,2023,11,2,9,0,0,34.46794,131.57315,萩市大字吉部上 市道千石台菅谷線上 / 車で走行中、市道を横断する熊を目撃したもの / 1頭 / 体長: 約１ｍ
181,2023,11,2,11,40,0,34.19716,131.81674,周南市大字鹿野下 国道３１５号上 / 車で走行中、国道を横切る熊を目撃したもの / 1頭 / 体長: 約１ｍ
182,2023,11,2,7,50,0,34.3354,132.00966,岩国市錦町須川 空き地 / 柿の木が折られ、柿の実が食されているのを猟友会員が発見したもの / 不明頭 / 体長: 不明
183,2023,11,2,16,15,0,34.41087,132.0471,岩国市錦町宇佐 中国自動車道上 / 車で走行中、中国自動車道から山中に立ち去る熊を目撃したもの / 1頭 / 体長: 約１ｍ
184,2023,11,3,4,30,0,34.26376,132.0637,岩国市美和町下畑 県道上 / 県道上にいる熊を目撃したもの / 3頭 / 体長: 不明
185,2023,11,3,10,30,0,34.15942,132.10295,岩国市土生 付近 / 柿の木に爪痕及び動物の糞様のものを発見したことから、岩国市役所職員と現場を確認し、熊によるものと認めたもの / 不明頭 / 体長: 不明
186,2023,11,3,18,0,0,34.20883,131.55699,山口市仁保中郷 県道上 / 車で走行中、県道を横断する熊を目撃したもの / 1頭 / 体長: 約50cm
187,2023,11,3,19,35,0,34.13682,131.84378,周南市大字長穂 市道上 / 車で走行中、市道上を歩いている熊を目撃したもの / 3頭 / 体長: 約１ｍ 約50cm 約50cm
188,2023,11,4,8,30,0,34.15216,132.09664,岩国市土生 付近 / 柿の木に爪痕が認められ。枝が折られ、柿の実が食されていたことから、岩国市役所職員が現場を確認し、熊によるものと認めたもの / 不明頭 / 体長: 不明
189,2023,11,4,14,0,0,34.16153,132.10146,岩国市角 付近 / 柿の木に爪痕が認められ、枝が折られ、柿の実が食されていたことから、岩国市役所職員が現場を確認し、熊によるものと認めたもの / 不明頭 / 体長: 不明
190,2023,11,4,11,15,0,34.30877,130.92522,下関市豊北町大字阿川 市道上 / 市道を歩いている熊を目撃したもの / 1頭 / 体長: 約１ｍ
191,2023,11,4,18,3,0,34.1025,132.09625,岩国市玖珂町 県道１５号岩国久我線上 / 車で走行中、県道を横切る熊を目撃したもの / 1頭 / 体長: 約１ｍ
192,2023,11,6,22,35,0,34.02312,131.52195,防府市大字西浦 市道上 / 車で走行中、熊の可能性のある動物を目撃したもの / 1頭 / 体長: 約１ｍ
193,2023,11,7,6,40,0,34.2288,132.07976,岩国市美和町生見 県道上 / 車で走行中、県道を横切る熊を目撃したもの / 1頭 / 体長: 約１ｍ
194,2023,11,7,14,38,0,34.09171,131.87638,下松市大字下谷 県道下松鹿野線上 / 車で走行中、県道を横断する熊を目撃したもの / 1頭 / 体長: 約１ｍ
195,2023,11,7,16,30,0,34.42864,131.51258,萩市大字福井上 市道山崎堂ケ迫線上 / 車で走行中、市道の脇にいる熊を目撃したもの / 1頭 / 体長: 約１ｍ
196,2023,11,8,9,0,0,34.22181,132.08215,岩国市美和町渋前 付近 / 柿の木の実が食され、糞が落ちているのを発見したことから、岩国市役所職員が現場を確認し、熊によるものと認めたもの / 不明頭 / 体長: 不明
197,2023,11,8,20,45,0,34.07875,131.83525,周南市大字徳山 国道上 / 車で走行中、国道を歩いている熊を目撃したもの / 1頭 / 体長: 約１ｍ
198,2023,11,9,8,5,0,34.22103,132.08435,岩国市美和町渋前 県道上 / 車で走行中、県道の歩道を進行する熊を目撃したもの / 1頭 / 体長: 約１ｍ
199,2023,11,9,11,40,0,34.16849,132.09779,岩国市下 国道上 / 車で走行中、国道を横断する熊を目撃したもの / 1頭 / 体長: 約１ｍ
200,2023,11,10,8,39,0,34.1604,131.63306,山口市徳地伊賀地 県道上 / 車で走行中、県道の歩道で熊を目撃したもの / 1頭 / 体長: 約80㎝
201,2023,11,11,11,0,0,34.21365,131.81018,周南市大字鹿野中 付近 / 壁が損壊していることに気付き、付近に動物の足跡を発見したことから、周南市鹿野総合支所職員が現場を確認し、熊によるものと認めたもの / 不明頭 / 体長: 不明
202,2023,11,11,20,20,0,34.36957,131.11575,長門市日置上 田 / 車で走行中、田の中に熊様の動物を目撃したもの / 1頭 / 体長: 約１ｍ
203,2023,11,11,22,17,0,34.07861,131.83517,周南市大字徳山 国道上 / 車で走行中、国道の路肩にいた熊を目撃したもの / 1頭 / 体長: 約１ｍ
204,2023,11,12,6,30,0,34.22731,131.20368,美祢市於福町下 田畑 / 車で走行中、田畑に熊様の動物を目撃したもの / 1頭 / 体長: 約１ｍ
205,2023,11,12,16,24,0,34.07926,131.72969,周南市大字福川 市道付近 / 自転車で走行中、市道付近の斜面を歩いている熊様の動物を目撃したもの / 1頭 / 体長: 約１ｍ
206,2023,11,13,5,50,0,34.22665,131.82045,周南市大字鹿野下 市道上 / 市道を横切り山中に入っていく熊を目撃したもの / 1頭 / 体長: 約1.2ｍ
207,2023,11,14,13,10,0,34.34367,131.05622,長門市油谷河原 国道上 / 車で走行中、国道上にいた熊を目撃したもの / 1頭 / 体長: 約１ｍ
208,2023,11,14,19,35,0,34.23185,131.81229,周南市大字鹿野上 国道上 / 国道を横断し、畑に入っていく熊を目撃したもの / 1頭 / 体長: 約70㎝
209,2023,11,17,8,10,0,34.10127,131.77627,周南市大字四熊 畑 / 畑から県道に向かって歩いている熊を目撃したもの / 1頭 / 体長: 約70㎝
210,2023,11,17,9,0,0,34.10923,132.03366,岩国市周東町川上 畑 / 獣除けの柵が倒れ、熊のものと認められる足跡を発見し、柿の木の枝が折られ、柿の実が食されていたことから、猟友会員、周南市周東総合支所職員が現場を確認し、熊によるものと認めたもの / 不明頭 / 体長: 不明
211,2023,11,19,16,10,0,33.987,131.29096,宇部市あすとぴあ１丁目 市道上 / 車で走行中、市道を山方向へ横断する熊様の動物を目撃したもの / 1頭 / 体長: 約70cm
212,2023,11,20,5,30,0,34.22724,132.20358,岩国市小瀬 県道上 / 車で走行中、県道を横断し、住宅街に入る熊を目撃したもの / 1頭 / 体長: 約80㎝
213,2023,11,20,20,5,0,34.2271,132.10327,岩国市美和町渋前 市道上 / 車で走行中、市道を横断する熊を目撃したもの / 1頭 / 体長: 約１ｍ
214,2023,11,20,11,0,0,34.10961,131.78076,周南市大字四熊 市道上 / 車で走行中、市道で直立した熊を目撃したもの / 1頭 / 体長: 約1.2ｍ
215,2023,11,21,10,0,0,34.26618,131.95993,岩国市錦町 畑 / 猿除けの柵が倒れ、糞を発見したことから、岩国市錦総合支所職員が現場を確認し、熊の糞と認めたもの / 不明頭 / 体長: 不明
216,2023,11,22,19,0,0,34.30806,131.13877,長門市俵山 県道上 / 車で走行中、県道上にいた熊を目撃したもの / 1頭 / 体長: 約50cm
217,2023,11,24,8,40,0,34.11251,131.99382,岩国市周東町 国道上 / 車で走行中、国道を横断し、山中に入る熊を目撃したもの / 1頭 / 体長: 約1.5ｍ
218,2023,11,24,17,11,0,34.23369,131.82297,周南市大字鹿野上 県道鹿野吉賀線上 / 県道を横断する熊を目撃し、約８分後、再度県道を横断する熊を目撃したもの / 1頭 / 体長: 約１ｍ
219,2023,11,23,2,0,0,34.31632,130.99014,下関市豊北町大字粟野 山中 / 居宅に繋がる道路の石垣を飛び降り、山中に入る熊を目撃したもの / 1頭 / 体長: 約１ｍ
220,2023,11,29,19,0,0,34.02255,132.13817,柳井市伊陸 付近 / 防犯カメラに熊が映っていたもの / 1頭 / 体長: 約１ｍ
221,2023,12,2,10,0,0,34.11131,132.02547,岩国市周東町川上 県道上 / 車で走行中、県道上から山中に入る熊を目撃したもの / 1頭 / 体長: 約１ｍ
222,2023,12,2,11,30,0,34.23532,132.08386,岩国市美和町生見 山中 / 狩猟中、山中を進行する熊２頭を目撃したもの / 2頭 / 体長: 約１ｍ 約50㎝
223,2023,12,5,22,35,0,34.22117,132.09868,岩国市美和町渋前 付近 / 柿の木に登っている熊を目撃したもの / 1頭 / 体長: 約１ｍ
224,2023,12,6,9,30,0,34.32695,130.97193,下関市豊北町大字粟野 山中 / 作業車で走行中、山道下の谷間に熊様の動物を目撃したもの / 1頭 / 体長: 約１ｍ
225,2023,12,25,22,40,0,34.12675,131.9982,岩国市周東町 県道上 / 車で走行中、県道を横断し、川側に行く熊を目撃したもの / 1頭 / 体長: 約１ｍ
226,2023,12,24,14,0,0,34.44111,131.56236,萩市大字吉部下 県道吉部下萩線上 / 車で走行中、県道を横断し、藪に入っていく熊を目撃したもの / 1頭 / 体長: 約80㎝
227,2023,12,30,17,0,0,34.17042,131.43709,山口市吉敷上東三丁目 竹藪 / 竹藪に入っていく熊を目撃したもの / 1頭 / 体長: 約1.4ｍ
228,2024,1,4,18,40,0,34.39233,131.1368,長門市日置上 県道上 / 車で走行中に、道路上にいた熊を目撃したもの / 1頭 / 体長: 約60cm
229,2024,1,4,12,30,0,34.07751,131.56148,防府市大字下右田 右田小学校グランド内 / グランド内に動物の足跡を発見したことから、猟友会員が現場を確認し、熊によるものと認めたもの / 不明頭 / 体長: 不明
230,2024,1,11,7,30,0,34.13179,131.42555,山口市小郡上郷 市道上 / 自転車で走行中に、道路を横切った熊を目撃したもの / 1頭 / 体長: 約１ｍ
231,2024,1,16,6,41,0,34.08188,131.56965,防府市大字上右田 市道上 / 防犯カメラに、熊の可能性のある動物が映っていたもの / 1頭 / 体長: 約80cm
232,2024,2,10,16,30,0,34.41128,131.37494,萩市大字山田 市道上 / 公会堂に立ち寄った際、付近で熊を目撃したもの / 2頭 / 体長: 約２ｍ 約１ｍ
233,2024,2,16,20,30,0,34.16156,131.19979,美祢市伊佐町伊佐 市道上 / 車で走行中に、道路脇にいた熊様の動物を目撃したもの / 1頭 / 体長: 約1.5ｍ
234,2024,2,18,18,0,0,34.29511,130.9302,下関市豊北町大字滝部 市道上 / 車で走行中に、道路を横切る熊様の黒い動物を目撃したもの / 1頭 / 体長: 約１ｍ
235,2024,3,7,11,15,0,34.11689,131.38557,山口市小郡上郷 空き地 / 草刈り作業中、駐車した自動車内で休憩していた際、山中に向かって歩いている熊を目撃したもの / 1頭 / 体長: 約60cm
236,2024,3,11,15,0,0,34.11171,131.39232,山口市小郡金堀町 畑 / 徒歩で進行中に、動物が畑に顔をうずめていたのを目撃し、目撃者に向けて顔をあげたことから熊と認めたもの / 1頭 / 体長: 約１ｍ
237,2024,3,13,13,30,0,34.45948,131.48618,萩市大字紫福 県道上 / 車で走行中に、道路を横断する熊を目撃したもの / 1頭 / 体長: 約１ｍ
238,2024,3,19,12,16,0,34.17402,132.16821,岩国市御庄 県道沿いの法面 / 車で走行中に、県道沿いの法面にいた熊を目撃したもの / 1頭 / 体長: 約50cm
239,2024,4,5,7,55,0,34.2937,131.97089,岩国市錦町 国道沿いの法面 / 車で走行中に、県道沿いの法面にいた熊を目撃したもの / 1頭 / 体長: 約150cm
240,2024,4,7,8,0,0,34.26448,132.12413,岩国市美和町釜ヶ原 市道上 / 歩行中、市道を横切る熊を目撃したもの / 1頭 / 体長: 約90cm
241,2024,4,8,14,0,0,34.10777,132.09672,岩国市玖珂町 国道上 / 歩行中、国道を横切る熊を目撃したもの / 1頭 / 体長: 約50cm
242,2024,4,8,14,30,0,34.17006,132.17761,岩国市横山 市道上 / 歩行中、市道上にいる熊を目撃したもの / 1頭 / 体長: 約50cm
243,2024,4,10,7,40,0,34.37913,131.45246,萩市川上 市道上 / 車で走行中、市道を横切る熊を目撃したもの / 1頭 / 体長: 約100cm
244,2024,4,13,18,10,0,34.26839,131.97676,岩国市錦町広瀬 錦川 / 車で走行中、川を横切る熊を目撃したもの / 1頭 / 体長: 約100cm
245,2024,4,17,18,34,0,34.08681,131.88419,下松市大字下谷 県道上 / 車で走行中、県道上にいる熊を目撃したもの / 1頭 / 体長: 約100cm
246,2024,4,19,11,50,0,34.27677,132.09627,岩国市美和町北中山 山中 / 山中を移動中、タケノコを食べる熊を目撃したもの / 1頭 / 体長: 約100cm
247,2024,4,25,17,30,0,34.05746,131.9848,周南市大字清尾 市道上 / 歩行中、市道上にいる熊を目撃したもの / 1頭 / 体長: 不明
248,2024,4,26,12,0,0,34.30385,131.76386,周南市大字大潮 国道上 / 車で走行中、国道を横切る熊を目撃したもの / 1頭 / 体長: 不明
249,2024,4,26,15,0,0,34.20335,132.22507,玖珂郡和木町和木二丁目 山中 / 付近公園で遊戯中、山中にいる熊ようの動物を目撃したもの / 1頭 / 体長: 約100cm
250,2024,4,29,16,0,0,34.34289,131.39042,萩市大字明木 市道上 / 車で走行中、山中から市道に出てきた熊を目撃したもの / 1頭 / 体長: 約100cm
251,2024,4,30,11,0,0,34.47135,131.58853,萩市大字高佐下 市道上 / 車で走行中、市道上にいる熊を目撃したもの / 2頭 / 体長: 約100cm
252,2024,4,30,17,35,0,34.61872,131.59038,萩市大字須佐 線路上 / 列車で走行中、線路上にいる熊を目撃したもの / 1頭 / 体長: 約100cm
253,2024,5,1,16,0,0,34.23294,131.67774,山口市徳地三谷 県道上 / 車で走行中、県道を横切ろうとする熊を目撃したもの / 1頭 / 体長: 約70～80cm
254,2024,5,3,3,1,0,34.07582,131.44127,山口市鋳銭司 県道上 / バイクで走行中、県道を横切る熊ようの動物を目撃したもの / 1頭 / 体長: 約40cm
255,2024,5,6,11,35,0,34.47223,131.59026,萩市大字高佐上 市道上 / 徒歩で通行中、市道を横切る熊を目撃したもの / 1頭 / 体長: 約120cm
256,2024,5,5,12,0,0,34.23492,132.11944,岩国市美和町佐坂 山中（竹藪） / 竹藪において、若竹の食害を発見したことから、市職員と確認したところ、熊によるものと認めたもの / 不明頭 / 体長: 不明
257,2024,4,30,5,57,0,34.11971,131.63961,防府市大字久兼 山中 / 熊ようの動物が猪用の罠に向けて設置された定点カメラに撮影されていたことから通報したもの / 1頭 / 体長: 不明
258,2024,5,8,6,45,0,34.31201,130.8948,下関市豊北町大字神田 山中（竹藪） / 散歩中、竹藪の中で熊ようの動物が移動しているのを目撃したもの / 1頭 / 体長: 不明
259,2024,5,8,9,0,0,34.28146,132.10657,岩国市美和町北中山 山中（竹藪） / タケノコ掘りのため、竹藪に入ったところ、タケノコの食害及び動物の糞を発見したことから、市職員、猟友会員と確認したところ、熊によるものと認めたもの / 不明頭 / 体長: 不明
260,2024,5,9,18,55,0,34.09733,131.8019,周南市大字上村 市道上 / 同僚と談笑中、市道を横切る熊を目撃したもの / 1頭 / 体長: 約100cm
261,2024,5,10,7,45,0,34.12531,130.88995,下関市豊浦町大字室津下 県道上 / ランニング中、県道を横切る熊を目撃したもの / 1頭 / 体長: 約100cm
262,2024,5,10,22,45,0,34.01601,132.21592,岩国市由宇町 線路上 / 列車で進行中、線路上に熊ようの動物を目撃したもの / 1頭 / 体長: 約100cm
263,2024,5,11,7,0,0,34.02598,131.90781,下松市葉山 県道上 / 車で走行中、県道を横切る熊ようの動物を目撃したもの / 1頭 / 体長: 約100cm
264,2024,5,11,9,17,0,34.00107,132.21019,岩国市由宇町神東 市道上 / 在宅中、市道を横切る熊を目撃したもの / 1頭 / 体長: 約100cm
265,2024,5,11,15,30,0,33.98107,132.18913,柳井市神代 市道上 / 在宅中、市道を横切る熊を目撃したもの / 1頭 / 体長: 約170cm
266,2024,5,12,17,30,0,34.43367,131.50715,萩市大字福井下 県道上 / 車で走行中、県道を横切る熊を目撃したもの / 1頭 / 体長: 約130cm
267,2024,5,14,15,35,0,34.19647,132.21434,玖珂郡和木町瀬田 公園付近 / 歩行中、公園敷地内で熊ようの動物を目撃したもの / 1頭 / 体長: 約100cm
268,2024,5,14,15,30,0,34.12103,131.97545,岩国市周東町獺越 県道上 / 車で走行中、県道上にいる熊を目撃したもの / 1頭 / 体長: 約100cm
269,2024,5,14,17,0,0,34.09573,132.13461,岩国市叶木 市道上 / 車で走行中、市道上にいる熊を目撃したもの / 1頭 / 体長: 約100cm
270,2024,5,15,11,45,0,34.44059,131.55152,萩市大字吉部下 県道上 / 車で走行中、県道を横切る熊を目撃したもの / 1頭 / 体長: 約100cm
271,2024,5,14,19,30,0,34.06716,131.95503,周南市大字奥関屋 県道上 / 車で走行中、県道上を横切る熊を目撃したもの / 1頭 / 体長: 約60cm
272,2024,5,15,14,30,0,34.09355,131.95649,周南市大字八代 山中 / 車で走行中、山の斜面に熊を目撃したもの / 1頭 / 体長: 約100cm
273,2024,5,15,16,30,0,34.38533,131.42953,萩市大字椿東 畑 / 在宅中、畑の中にいる熊を目撃したもの / 1頭 / 体長: 約60cm
274,2024,5,18,18,30,0,34.08398,131.34858,山口市嘉川 県道上 / 車で走行中、県道を横切る熊を目撃したもの / 1頭 / 体長: 約80cm
275,2024,5,18,12,5,0,34.09496,131.74773,周南市大字小畑 国道上 / 車で走行中、国道を横切る熊を目撃したもの / 1頭 / 体長: 約100cm
276,2024,5,21,7,55,0,34.54726,131.56239,阿武郡阿武町大字福田下 県道上 / 車で走行中、山中に入っていく熊を目撃したもの / 1頭 / 体長: 約100cm
277,2024,5,21,4,57,0,34.41479,131.06316,長門市油谷津黄 県道上 / 車で走行中、県道を横切る熊を目撃したもの / 1頭 / 体長: 約100cm
278,2024,5,21,14,55,0,34.28796,131.36852,美祢市美東町絵堂 田んぼの中 / 車で走行中、田んぼの中にいる熊を目撃したもの / 1頭 / 体長: 約100cm
279,2024,5,20,19,7,0,34.18266,131.7178,山口市徳地鯖河内 県道上 / 車で走行中、県道を横切る熊を目撃したもの / 1頭 / 体長: 約100cm
280,2024,5,21,18,27,0,34.06571,132.20009,岩国市通津 市道上 / 散歩中、山中から市道に出てくる熊を目撃したもの / 1頭 / 体長: 約60cm
281,2024,5,21,18,0,0,34.13355,132.14667,岩国市柱野 山中 / 在宅中、山中に入っていく熊を目撃したもの / 1頭 / 体長: 約100cm
282,2024,5,21,23,0,0,34.20551,131.57014,山口市仁保中郷 国道上 / 車で走行中、国道を横切る熊を目撃したもの / 1頭 / 体長: 約100cm
283,2024,5,22,18,51,0,33.95425,131.98647,熊毛郡田布施町大字上田布施 県道上 / 車で走行中、県道を横切る熊を目撃したもの / 1頭 / 体長: 約80cm
284,2024,5,22,16,5,0,34.08598,131.9006,下松市大字温見 県道上 / 車で走行中、県道を横切る熊を目撃したもの / 1頭 / 体長: 約60cm
285,2024,5,22,18,15,0,34.32664,131.39983,萩市大字明木 駐車場 / 車で走行中、駐車場にいた熊を目撃したもの / 1頭 / 体長: 約100cm
286,2024,5,23,17,30,0,34.36005,131.44705,萩市川上 県道上 / 車で走行中、山中にいる熊を目撃したもの / 1頭 / 体長: 不明
287,2024,5,23,19,0,0,34.40061,131.70032,山口市阿東徳佐下 国道上 / 車で走行中、国道を横切る熊を目撃したもの / 1頭 / 体長: 約200cm
288,2024,5,24,6,30,0,34.39613,131.04869,長門市油谷蔵小田 民家敷地内 / 自宅敷地内で作業中、山へ走り去る熊を目撃したもの / 1頭 / 体長: 約100cm
289,2024,5,25,18,30,0,34.1832,132.17179,岩国市関戸 県道上 / 徒歩で進行中、県道を横切る熊を目撃したもの / 1頭 / 体長: 約100cm
290,2024,5,26,10,30,0,34.45988,131.60644,萩市大字高佐下 畑 / 徒歩で進行中、畑の中にいる熊を目撃したもの / 1頭 / 体長: 約100cm
291,2024,5,27,16,35,0,34.03111,131.94925,周南市清光台町 公園内 / 公園内で遊戯中、公園内の法面にいる熊を目撃したもの / 2頭 / 体長: 不明
292,2024,5,27,18,45,0,34.06727,131.95908,周南市大字原 県道上 / 車で走行中、県道を横切る熊を目撃したもの / 1頭 / 体長: 約100cm
293,2024,5,29,17,30,0,34.5084,131.4931,阿武郡阿武町大字奈古 県道上 / ウォーキング中、県道を横切る熊を目撃したもの / 1頭 / 体長: 約80cm
294,2024,5,30,10,58,0,34.34915,132.0038,岩国市錦町須川 国道上 / 車で走行中、国道を横切る熊を目撃したもの / 1頭 / 体長: 約100cm
295,2024,5,30,12,50,0,34.4572,131.5933,萩市大字高佐下 市道上 / 車で走行中、市道を横切る熊を目撃したもの / 1頭 / 体長: 約100cm
296,2024,5,29,14,0,0,34.22188,131.46102,山口市上宇野令 山中 / 登山中、山中で熊を目撃したもの / 1頭 / 体長: 約120cm
297,2024,5,30,16,40,0,33.98781,132.02641,光市大字塩田 田 / 車で走行中、田んぼの中にいる熊を目撃したもの / 1頭 / 体長: 約120cm
298,2024,5,30,17,45,0,34.03922,131.94919,周南市大字大河内 国道上 / 自転車で走行中、山中にいる熊を目撃したもの / 1頭 / 体長: 約100cm
299,2024,6,1,6,44,0,34.11917,132.10487,岩国市廿木 国道上 / 車で走行中、竹藪から山中に移動する熊を目撃したもの / 1頭 / 体長: 約150cm
300,2024,6,1,8,10,0,34.22702,131.50615,山口市宮野上 県道上 / 車で走行中、県道を横切る熊を目撃したもの / 1頭 / 体長: 約50cm
301,2024,6,2,18,30,0,34.00004,131.52612,防府市大字田島 海岸 / 海岸で釣り中、２頭の熊を目撃したもの / 2頭 / 体長: 約100cm
302,2024,6,2,9,20,0,33.98989,131.24483,宇部市大字中山 山中 / 登山中、山中で熊を目撃したもの / 1頭 / 体長: 約100cm
303,2024,6,2,4,15,0,34.10054,132.0584,岩国市玖珂町 空き地 / 車で走行中、市道沿いの空き地で熊を目撃したもの / 1頭 / 体長: 約100cm
304,2024,6,3,6,50,0,34.49627,131.48666,阿武郡阿武町大字奈古 県道上 / 車で走行中、県道上にいる熊を目撃したもの / 1頭 / 体長: 約80cm
305,2024,6,3,17,40,0,34.10265,131.93171,周南市大字中須南 国道上 / 車で走行中、国道を横切る熊を目撃したもの / 1頭 / 体長: 約100cm
306,2024,6,3,17,40,0,34.18922,131.88749,周南市大字金峰 県道上 / 車で走行中、県道を横切る熊を目撃したもの / 1頭 / 体長: 約100cm
307,2024,6,4,10,15,0,34.01098,132.15324,柳井市日積 県道上 / 車で走行中、県道を横切る熊を目撃したもの / 1頭 / 体長: 約80cm
308,2024,6,5,15,45,0,34.38303,131.43345,萩市大字椿東 県道上 / 車で走行中、県道を横切る熊を目撃したもの / 1頭 / 体長: 約100cm
309,2024,6,5,17,42,0,34.38242,131.43509,萩市大字椿東 県道上 / 車で走行中、県道上にいる熊を目撃したもの / 1頭 / 体長: 約150cm
310,2024,6,5,19,30,0,34.17826,132.06687,岩国市天尾 民家敷地内 / 自宅窓を開けたところ、自宅敷地内にいる熊を目撃したもの / 1頭 / 体長: 約150m
311,2024,6,6,4,37,0,34.00166,131.4305,山口市秋穂東 市道上 / 車で走行中、市道上にいる熊を目撃したもの / 1頭 / 体長: 約100cm
312,2024,6,6,15,40,0,34.34498,131.71612,山口市徳地柚木 国道上 / 車で走行中、国道上にいる熊を目撃したもの / 1頭 / 体長: 約100cm
313,2024,6,7,8,2,0,34.10408,131.32774,宇部市大字小野 県道 / 車で走行中、県道脇の木にぶら下がっている熊を目撃したもの / 1頭 / 体長: 約100cm
314,2024,6,6,18,30,0,33.9884,131.24826,宇部市大字中山 山中 / 登山道を自転車で走行中、山中にいる熊を目撃したもの / 1頭 / 体長: 約100cm
315,2024,6,7,11,10,0,33.98043,131.90475,光市大字浅江 市道上 / 車で走行中、市道上を歩く熊を目撃したもの / 1頭 / 体長: 約150cm
316,2024,6,8,6,15,0,34.00126,132.13815,柳井市日積 路上 / 徒歩にて移動中、熊ようの動物の足跡を発見したもの / 不明頭 / 体長: 不明
317,2024,6,8,11,20,0,34.29665,131.12657,長門市俵山 県道上 / 車で走行中、県道上にいる熊を目撃したもの / 1頭 / 体長: 約100cm
318,2024,6,8,17,0,0,34.07489,131.16673,山陽小野田市大字鴨庄 市道上 / 徒歩にて移動中、市道上にいる熊を目撃したもの / 1頭 / 体長: 約150cn
319,2024,6,10,13,30,0,34.27201,132.03903,岩国市本郷町本郷 県道上 / 車両から降車した際、県道を横切る熊を目撃したもの / 1頭 / 体長: 約200cm
320,2024,6,10,18,20,0,33.99714,132.10425,柳井市柳井 県道上 / 車両で走行中、県道を横切る熊を目撃したもの / 1頭 / 体長: 約100cm
321,2024,6,10,19,55,0,34.06737,131.95941,周南市大字原 県道上 / 車両で走行中、県道を歩く熊を目撃したもの / 1頭 / 体長: 約120cm
322,2024,6,11,11,10,0,34.19857,131.92128,周南市大字須万 市道上 / 目撃者が自宅から外を見たところ、市道を歩く熊を目撃したもの / 1頭 / 体長: 約100cm
323,2024,6,11,11,0,0,34.28544,131.56467,山口市阿東篠目 市道上 / 車両で走行中、市道を横切る熊を目撃したもの / 1頭 / 体長: 約100cm
324,2024,6,7,18,0,0,34.25336,131.53319,山口市阿東篠目 山中 / 環境調査のため設置していた定点カメラに、山中を移動する熊が映っていたもの / 1頭 / 体長: 不明
325,2024,6,8,22,50,0,34.09275,132.02676,岩国市周東町西長野 休耕田内 / 目撃者が換気のため窓を開けたところ、休耕田から山中に移動する熊を目撃したもの / 1頭 / 体長: 約100cm
326,2024,6,12,2,20,0,34.36406,131.07852,長門市油谷久富 農道上 / 車で走行中、農道を横切る熊を目撃したもの / 1頭 / 体長: 約120cm
327,2024,6,13,1,0,0,33.99133,131.88427,下松市大字東豊井 国道上 / 車で走行中、国道を横切る熊を目撃したもの / 1頭 / 体長: 約100cm
328,2024,6,14,17,55,0,33.94586,132.06894,熊毛郡平尾町大字平生村 町道上 / 徒歩にて進行中、町道上に熊を目撃したもの / 2頭 / 体長: 約100cm 約50cm
329,2024,6,14,19,50,0,34.10121,131.74034,周南市大字小畑 国道上 / 車で走行中、国道を横切る熊を目撃したもの / 1頭 / 体長: 約80cm
330,2024,6,14,20,43,0,33.96672,132.05282,熊毛郡田布施町大字波野 町道上 / 車で走行中、町道を横切る熊を目撃したもの / 1頭 / 体長: 約100cm
331,2024,6,13,12,0,0,34.36561,132.01489,岩国市錦町宇佐郷 市道上 / 散歩中、市道を歩く熊を目撃したもの / 1頭 / 体長: 約100cm
332,2024,6,16,5,0,0,34.55576,131.68116,萩市大字鈴野川 道路上 / 車で走行中、道路を横切る熊を目撃したもの / 1頭 / 体長: 約100cm
333,2024,6,14,9,15,0,34.37141,131.62047,山口市阿東生雲西分 県道上 / 車で走行中、県道を横切る熊を目撃したもの / 1頭 / 体長: 約100cm
334,2024,6,16,9,30,0,34.18207,131.84687,周南市大字大向 県道上 / 車で走行中、県道を横切る熊を目撃したもの / 1頭 / 体長: 約60cm
335,2024,6,16,14,0,0,34.1184,131.99218,岩国市周東町上須通 国道上 / 車で走行中、国道を横切る熊を目撃したもの / 1頭 / 体長: 約100cm
336,2024,6,16,18,30,0,34.0109,132.02283,光市大字束荷 広域農道上 / 車で走行中、林の中にいる熊を目撃したもの / 1頭 / 体長: 約150cm
337,2024,6,17,7,7,0,34.11657,131.9186,周南市大字中須南 県道上 / 車で走行中、県道を横切る熊を目撃したもの / 1頭 / 体長: 約100cm
338,2024,6,15,17,0,0,34.25271,132.09603,岩国市錦町宇佐郷 市道上 / 車で走行中、市道を歩く熊を目撃したもの / 1頭 / 体長: 約100cm
339,2024,6,14,21,0,0,34.04197,131.9534,周南市大字呼坂 市道脇 / 目撃者が庭先から、市道にいる熊を目撃したもの / 1頭 / 体長: 約150cm
340,2024,6,14,17,10,0,34.26476,130.92552,下関市豊北町大字北宇賀 山中 / 職場敷地から、山中を歩く熊を目撃したもの / 1頭 / 体長: 約100cm
341,2024,6,17,13,0,0,34.0484,131.91725,下松市大字切山 県道上 / 目撃者がランニング中、県道脇にいる熊を目撃したもの / 1頭 / 体長: 約100cm
342,2024,6,19,17,30,0,34.32296,131.60674,山口市阿東生雲東分 阿武川内 / 目撃者が犬の散歩中、阿武川内を歩く熊を目撃したもの / 1頭 / 体長: 約100cm
343,2024,6,20,6,10,0,33.99452,132.00212,光市大字岩田 市道上 / 車で走行中、市道上にいる熊を目撃したもの / 1頭 / 体長: 約120cm
344,2024,6,20,8,35,0,34.32869,131.35909,萩市大字山田 県道上 / 車で走行中、県道を横切る熊を目撃したもの / 1頭 / 体長: 約80cm
345,2024,6,18,19,5,0,33.98542,132.02446,熊毛郡田布施町大字宿井 県道上 / 車で走行中、県道を横切る熊を目撃したもの / 1頭 / 体長: 約70cm
346,2024,6,20,6,25,0,34.30564,131.45691,萩市大字佐々並 国道上 / 車で走行中、国道を横切る熊を目撃したもの / 1頭 / 体長: 約150cm
347,2024,6,20,14,40,0,34.17621,131.68699,山口市徳地山畑 国道上 / 車で走行中、国道を横切る熊を目撃したもの / 1頭 / 体長: 約150cm
348,2024,6,20,7,50,0,34.36414,131.05408,長門市油谷新別名 市道脇 / 車で走行中、市道脇にいる熊を目撃したもの / 1頭 / 体長: 約100cm
349,2024,6,21,21,0,0,34.31481,130.96788,下関市豊北町大字粟野 県道上 / 車で走行中、県道を横切る熊を目撃したもの / 1頭 / 体長: 約100cm
350,2024,6,23,15,45,0,34.34567,131.73613,山口市徳地柚木 民家敷地内 / 自宅の外で物音がしたため、窓を開けたところ、熊を目撃したもの / 1頭 / 体長: 約150cm
351,2024,6,23,17,30,0,33.9846,131.30423,宇部市大字西岐波 市道脇 / 車で走行中、市道脇にいる熊を目撃したもの / 1頭 / 体長: 約50cm
352,2024,6,24,20,33,0,34.12933,131.83251,周南市大字長穂 市道上 / 車に乗り込もうとした際に、市道上を歩く熊を目撃したもの / 1頭 / 体長: 約100cm
353,2024,6,25,11,5,0,34.52422,131.58893,阿武郡阿武町大字福田下 県道上 / 車で走行中、県道を横切る熊を目撃したもの / 1頭 / 体長: 約100cm
354,2024,6,24,17,30,0,34.03053,132.07525,岩国市周東町田尻 農道上 / 車で走行中、農道を横切る熊を目撃したもの / 1頭 / 体長: 約100cm
355,2024,6,26,7,10,0,34.01316,132.03156,光市大字塩田 市道上 / 車で走行中、市道上にいる熊を目撃したもの / 1頭 / 体長: 約120cm
356,2024,6,26,8,44,0,34.29038,131.25742,美祢市秋芳町嘉万 県道上 / 車で走行中、県道を横切る熊を目撃したもの / 1頭 / 体長: 約100cm
357,2024,6,25,17,55,0,34.04201,131.95344,周南市大字呼坂 市道脇 / 車で走行中、市道脇にいる熊を目撃したもの / 1頭 / 体長: 約100cm
358,2024,6,26,17,55,0,34.23799,132.08097,岩国市美和町生見 県道上 / 車で走行中、県道を横切る熊を目撃したもの / 1頭 / 体長: 約50cm
359,2024,6,25,18,0,0,34.06726,131.95307,周南市大字屋関屋 県道脇 / 車で走行中、県道脇にいる熊を目撃したもの / 1頭 / 体長: 約80cm
360,2024,6,27,10,30,0,34.56712,131.66514,萩市大字上小川西分 県道上 / 車で走行中、県道を横切る熊を目撃したもの / 1頭 / 体長: 約80cm
361,2024,6,27,15,45,0,34.13086,131.8335,周南市大字長穂 路上 / 徒歩にて移動中、路上を横切る熊を目撃したもの / 2頭 / 体長: 約100cm 約50cm
362,2024,6,29,5,15,0,34.32016,131.18487,長門市深川湯本 国道上 / 車で走行中、国道沿いを移動する熊を目撃したもの / 1頭 / 体長: 約100cm
363,2024,6,30,12,5,0,34.13461,131.7358,周南市大字米光 国道上 / 車で走行中、国道を横切る熊を目撃したもの / 1頭 / 体長: 約100cm
364,2024,6,30,17,40,0,34.45827,131.59231,萩市大字高佐下 田畑 / 近所の者と雑談中、田畑内を横切る熊を目撃したもの / 1頭 / 体長: 約100cm
365,2024,6,29,9,40,0,34.38268,131.06603,長門市油谷藏小田 / 車で走行中、市道脇にいる熊を目撃したもの / 1頭 / 体長: 約100cm
366,2024,7,1,18,18,0,34.55052,131.6144,萩市大字弥富上 国道上 / 車で走行中、国道脇にいる熊を目撃したもの / 1頭 / 体長: 約100cm
367,2024,7,1,17,10,0,34.30369,130.97615,下関市豊北町大字粟野 市道上 / 犬の散歩中、山に移動していく熊を目撃したもの / 1頭 / 体長: 約70ccm
368,2024,7,2,18,35,0,34.38206,131.72119,山口市阿東徳佐下 国道上 / 車で走行中、国道上にいる熊を目撃したもの / 1頭 / 体長: 約120cm
369,2024,7,2,19,25,0,33.94383,132.0106,熊毛郡田布施町大字上田布施 田畑 / 自宅の外にいたところ、田んぼの中を移動する熊ようの動物を目撃したもの / 1頭 / 体長: 約100cm
370,2024,7,3,15,0,0,34.28573,131.46581,萩市大字佐々並 市道上 / 自転車で走行中、市道脇にいる熊を目撃したもの / 1頭 / 体長: 約100cm
371,2024,7,3,17,10,0,34.07292,131.94812,周南市大字奥関屋 県道上 / 車で走行中、県道脇にいる熊を目撃したもの / 1頭 / 体長: 約50cm
372,2024,7,4,20,45,0,33.98621,132.0978,柳井市柳井 県道上 / 車で走行中、県道を横切ろうとする熊を目撃したもの / 1頭 / 体長: 約100cm
373,2024,7,5,10,10,0,34.27636,131.2267,美祢市秋芳町別府 山中 / 花尾山から下山中、登山道を横切る熊を目撃したもの / 1頭 / 体長: 約130cm
374,2024,7,6,7,20,0,34.06348,131.0232,下関市清末鞍馬一丁目 藪の中 / 目撃者徒歩にて進行中、藪の中を移動する熊ようの動物を目撃したもの / 1頭 / 体長: 約100cm
375,2024,7,7,5,30,0,34.03797,131.47488,山口市秋穂東大河内地区 海岸沿い / 目撃者が散歩中、海から砂浜に上がってきた熊を目撃したもの / 1頭 / 体長: 約100cm
376,2024,7,7,7,34,0,34.0434,131.47587,防府市台道 県道上 / 車で走行中、県道を横切る熊を目撃したもの / 1頭 / 体長: 約100cm
377,2024,7,8,14,40,0,34.02451,132.12724,柳井市伊陸 川土手 / 車で走行中、川土手において熊ようの動物を目撃したもの / 1頭 / 体長: 約100cm
378,2024,7,7,11,0,0,34.00936,132.04849,光市大字塩田 水田 / 水田内に熊の足跡を発見したもの / 不明頭 / 体長: 不明
379,2024,7,8,16,41,0,34.25019,132.02718,岩国市本郷町波野 県道上 / 車で走行中、県道を横切る熊を目撃したもの / 1頭 / 体長: 約100cm
380,2024,7,8,19,16,0,34.12297,131.71502,周南市大字馬神 県道上 / 車で走行中、県道を横切る熊を目撃したもの / 1頭 / 体長: 約100cm
381,2024,7,8,20,30,0,34.37907,131.69899,山口市阿東徳佐下 国道上 / 車で走行中、国道脇にいる熊を目撃したもの / 1頭 / 体長: 約100cm
382,2024,7,9,7,30,0,34.49581,131.60845,萩市大字高佐上 むつみ演習場内 / むつみ演習場内にいる熊を目撃したもの / 1頭 / 体長: 約100cm
383,2024,7,9,10,40,0,34.41116,131.4821,萩市大字福井下 山中 / 車で走行中、山中を移動する熊を目撃したもの / 1頭 / 体長: 約100cm
384,2024,7,9,17,50,0,34.42675,131.56497,萩市大字吉部下 県道上 / 車で走行中、県道を横切る熊を目撃したもの / 1頭 / 体長: 約100cm
385,2024,7,10,16,40,0,34.48649,131.59597,萩市大字高佐上 むつみ演習場内 / むつみ演習場内にいる熊を目撃したもの / 1頭 / 体長: 約90cm
386,2024,7,9,15,0,0,34.0586,131.96627,周南市大字原 田んぼの畔 / 草刈中、田んぼの畔を移動する熊を目撃したもの / 1頭 / 体長: 約100cm
387,2024,7,11,7,30,0,34.33065,131.57265,山口市阿東生雲中 遊歩道 / 設置している定点カメラに、遊歩道を移動する熊が映っていたもの / 1頭 / 体長: 不明
388,2024,7,11,11,0,0,34.10173,132.00712,岩国市周東町西長野 国道上 / 自転車で走行中、国道上にいる熊を目撃したもの / 1頭 / 体長: 約100cm
389,2024,7,11,18,45,0,34.04677,131.87589,下松市大字末武上 県道上 / 車で走行中、県道を横切る熊を目撃したもの / 1頭 / 体長: 約80cm
390,2024,7,12,11,0,0,34.17369,132.1302,岩国市守内 国道上 / バス停でバスを待っていたところ、国道を横切る熊を目撃したもの / 1頭 / 体長: 約100cm
391,2024,7,12,17,0,0,34.05128,131.44118,山口市秋穂二島 田んぼの中 / 田んぼ内を移動する熊を目撃したもの / 1頭 / 体長: 約50cm
392,2024,7,14,4,40,0,34.24018,132.12419,岩国市美和町中垣内 一般民家敷地内 / 一般民家敷地内に設置している防犯カメラに熊が録画されていたもの / 1頭 / 体長: 約150cm
393,2024,7,18,0,56,0,33.97447,131.24821,宇部市大字小串 市道上 / 市道上にいる熊ようの動物を目撃したもの / 1頭 / 体長: 約100cm
394,2024,7,18,8,0,0,34.01024,132.07812,柳井市柳井 県道上 / 車で走行中、県道を横切る熊ようの動物を目撃したもの / 1頭 / 体長: 約100cm
395,2024,7,18,9,0,0,34.10427,131.93686,周南市大字八代 国道上 / 車で走行中、国道を横切る熊を目撃したもの / 1頭 / 体長: 約150cm
396,2024,7,18,14,53,0,33.99748,132.10432,柳井市柳井 県道上 / 車で走行中、県道を横切る熊を目撃したもの / 1頭 / 体長: 約100cm
397,2024,7,19,1,0,0,33.97039,131.25224,宇部市大字小串 県道上 / 車で走行中、県道を横切る熊ようの動物を目撃したもの / 1頭 / 体長: 約50cm
398,2024,7,21,10,51,0,34.21218,131.52848,山口市仁保中郷 山中 / 国道沿いの山中に熊ようの動物を目撃したもの / 1頭 / 体長: 不明
399,2024,7,22,19,40,0,34.17242,131.57332,山口市仁保中郷 県道上 / 車で走行中、県道を横切る熊を目撃したもの / 1頭 / 体長: 約100cm
400,2024,7,24,6,15,0,34.56111,131.65749,萩市大字上小川西分 県道上 / 車で走行中、県道を横切る熊を目撃したもの / 1頭 / 体長: 約150cm
401,2024,7,24,6,30,0,34.52526,131.4904,阿武町大字奈古 藪の中 / 車を駐車場に止めて降車した際、そばの藪の中に熊を目撃したもの / 1頭 / 体長: 約80cm
402,2024,7,24,6,10,0,34.49579,131.5516,萩市大字紫福 県道上 / 車で走行中、県道端にいる熊を目撃したもの / 1頭 / 体長: 約100cm
403,2024,7,28,8,32,0,34.294,131.37272,美祢市美東町絵堂 国道上 / 車で走行中、国道を横切る熊を目撃したもの / 1頭 / 体長: 約100cm
404,2024,7,29,12,0,0,34.32,131.18513,長門市深川湯本 川土手 / 草刈り作業をしていたところ、草むらから出てきた熊を目撃したもの / 1頭 / 体長: 約100cm
405,2024,7,29,17,0,0,34.45666,131.67634,山口市阿東嘉年下 国道上 / 車で走行中、国道を横切る熊を目撃したもの / 1頭 / 体長: 約100cm
406,2024,7,29,16,40,0,34.25565,132.09586,岩国市美和町生見 付近住民管理の敷地 / 敷地内に設置してある養蜂箱が熊によって荒らされていたもの / ー頭 / 体長: ー
407,2024,7,30,20,2,0,34.20993,131.67289,山口市徳地 国道上 / 車で走行中、国道を横切る熊を目撃したもの / 1頭 / 体長: 約150cm
408,2024,7,30,19,20,0,34.21468,131.66767,山口市徳地 川沿い / 知人と立ち話していたところ、川沿いの茂みに熊を目撃したもの / 1頭 / 体長: 約90cm
409,2024,7,31,7,15,0,34.06784,131.96202,周南市大字原 県道上 / 車で走行中、県道を横切る熊を目撃したもの / 1頭 / 体長: 約100cm
410,2024,7,31,20,30,0,34.04243,131.42829,山口市秋穂二島 県道上 / 車で走行中、県道脇にいる熊ようの動物を目撃したもの / 1頭 / 体長: 約100cm
411,2024,8,2,17,0,0,34.25673,132.09664,岩国市美和町生見 一般民家の敷地内 / 敷地内を散歩中、熊に荒らされた養蜂箱を発見したもの / ー頭 / 体長: ー
412,2024,8,3,7,45,0,34.1678,131.75614,周南市大字高瀬 島地川 / 溝掃除中、島地川を横切る熊を目撃したもの / 1頭 / 体長: 約100cm
413,2024,8,5,6,30,0,34.31352,132.09155,岩国市美和町北中山 県道沿い / 県道沿いにある柿の木から降りてくる熊を目撃したもの / 1頭 / 体長: 約100cm
414,2024,8,6,10,30,0,34.38331,131.45709,萩市川上 市道上 / 車で走行中、市道沿いにいる熊を目撃したもの / 1頭 / 体長: 約100cm
415,2024,8,7,11,20,0,34.36754,131.19643,長門市東深川 県道上 / 車で走行中、県道を横切る熊を目撃したもの / 1頭 / 体長: 約120cm
416,2024,8,8,9,50,0,34.13198,131.91763,周南市大字中須北 県道上 / 車で走行中、県道を横切る熊を目撃したもの / 1頭 / 体長: 約100cm
417,2024,8,9,6,20,0,34.05453,131.95445,周南市大字呼坂 農免道路上 / 車で走行中、農免道路上に熊を目撃したもの / 1頭 / 体長: 約150cm
418,2024,8,10,5,30,0,34.24817,132.08905,岩国市美和町生見 生見川沿い / 目撃者が自宅庭から、生見川沿いを移動する熊を目撃したもの / 1頭 / 体長: 約80cm
419,2024,8,9,17,0,0,34.32944,131.17532,長門市深川湯本 墓地横の通路 / 車で走行中、墓地横の通路にいる熊ようの動物を目撃したもの / 1頭 / 体長: 約50cm
420,2024,8,12,22,0,0,34.05725,131.97113,周南市大字原 市道上 / 車で走行中、市道上にいる熊を目撃したもの / 1頭 / 体長: 約100cm
421,2024,8,13,10,15,0,34.04405,131.93724,周南市大字呼坂 農免道路上 / 自転車で走行中、農免道路を横切る熊を目撃したもの / 1頭 / 体長: 約100cm
422,2024,8,14,6,30,0,34.23618,132.10446,岩国市美和町田ノ口 畑 / 畑内にあったハチの巣が、熊により荒らされていたもの / 不明頭 / 体長: 不明
423,2024,8,14,6,0,0,34.23232,131.57029,山口市仁保上郷 山中 / 養蜂箱が熊によって荒らされていたもの / 不明頭 / 体長: 不明
424,2024,8,15,8,0,0,34.18783,132.13557,岩国市阿品 養蜂場 / 養蜂箱が熊によって荒らされていたもの / 不明頭 / 体長: 不明
425,2024,8,15,21,0,0,34.39344,131.09596,長門市日置中 水田 / 目撃者が徒歩にて移動中、水田内に熊を目撃したもの / 1頭 / 体長: 約120cm
426,2024,8,16,6,10,0,34.45468,131.48721,萩市大字紫福 県道上 / 車で走行中、県道脇にいる熊を目撃したもの / 1頭 / 体長: 約100cm
427,2024,8,17,18,30,0,34.56555,131.55712,阿武郡阿武町大字宇田 山道及び田畑 / 目撃者が自宅内から外を見たところ、山道と田畑に１頭ずつ熊を目撃したもの / 2頭 / 体長: 不明
428,2024,8,17,19,25,0,34.3456,131.73598,山口市徳地柚木 庭先 / 目撃者が自宅内から庭先にいる熊を目撃したもの / 1頭 / 体長: 約100cm
429,2024,8,20,7,0,0,34.08667,131.92476,周南市大字八代 畑 / 発見者が管理する畑の梨が荒らされているのを発見したもの / 不明頭 / 体長: 不明
430,2024,8,21,7,0,0,34.11389,132.01698,岩国市周東町獺越 蔵 / 近所の蔵の壁板が破壊され、熊の爪痕が残っていたもの / 不明頭 / 体長: 不明
431,2024,8,21,12,5,0,34.07477,131.8332,周南市大字徳山 国道上 / 車で走行中、路肩に熊ようの動物が座っていたもの / 1頭 / 体長: 約80cm
432,2024,8,22,6,50,0,34.11389,132.01698,下松市大字下谷 県道上 / 車で走行中、法面から出てきた熊を目撃したもの / 1頭 / 体長: 約150cm
433,2024,8,22,18,53,0,34.04458,130.97363,下関市大字井田 県道脇 / 車で走行中、県道脇にいる熊を目撃したもの / 1頭 / 体長: 約100cm
434,2024,8,23,9,5,0,34.12436,131.72638,周南市大字米光 畑付近 / 発見者の所有する畑の周辺に熊ようの動物の足跡を発見したもの / 不明頭 / 体長: 不明
435,2024,8,23,21,0,0,34.37817,131.20393,長門市仙崎 みすゞ公園付近 / 車で走行中、付近の山際を歩く熊を目撃したもの / 1頭 / 体長: 約80ｃｍ
436,2024,8,23,16,35,0,34.48115,131.62438,萩市大字片俣 県道上 / 車で走行中、県道を横切る熊を目撃したもの / 1頭 / 体長: 約150cm
437,2024,8,24,7,0,0,34.24921,132.05851,岩国市美和町下畑 畑 / 発見者所有の畑の柿の木が熊により折られ、木の皮が剥がされていたもの / 不明頭 / 体長: 不明
438,2024,8,26,17,0,0,33.93023,131.98664,光市大字室積村 県道上 / 自転車で走行中、県道上にいる熊を目撃したもの / 1頭 / 体長: 約100cm
439,2024,8,25,21,49,0,34.05516,131.48628,防府市大字台道 路上 / 車で走行中、熊ようの動物を目撃したもの / 1頭 / 体長: 約100cm
440,2024,9,1,12,0,0,34.62944,131.66881,萩市大字上田万 市道上 / 車で走行中、市道を横切る熊を目撃したもの / 1頭 / 体長: 約60cm
441,2024,9,2,5,30,0,34.48997,131.57623,阿武郡阿武町大字宇生賀 町道上 / バイクで走行中、町道を横切る熊ようの動物を目撃したもの / 1頭 / 体長: 約130cm
442,2024,8,31,8,0,0,34.10993,132.17247,岩国市六呂師 空き家 / 近所の空き家の壁が剥がされ、養蜂箱が荒らされていたもの / 不明頭 / 体長: 不明
443,2024,9,3,8,0,0,34.12203,131.63125,防府市久兼 山中 / 車で走行中、山中から路上に出てくる熊を目撃したもの / 1頭 / 体長: 約100cm
444,2024,9,4,19,30,0,34.15665,131.81918,周南市大字大道理 国道上 / 車で走行中、国道上を移動する熊を目撃したもの / 4頭 / 体長: 約100cm 他３頭 約80cm
445,2024,9,4,7,0,0,34.08084,131.9252,周南市大字八代 畑 / 畑において、熊ようの足跡を発見したもの / 不明頭 / 体長: 不明
446,2024,9,4,16,25,0,34.32814,131.35978,萩市大字山田 県道上 / 車で走行中、県道脇にいる熊を目撃したもの / 1頭 / 体長: 約120cm
447,2024,9,4,12,0,0,34.26808,132.07933,岩国市美和町 林道 / 林道沿いの柿の木に熊の爪痕等を発見したもの / 不明頭 / 体長: 不明
448,2024,9,6,16,0,0,34.28628,131.10731,長門市俵山 県道上 / 徒歩で移動中、県道脇にいる熊を目撃したもの / 2頭 / 体長: 約120cm 約60cm
449,2024,9,6,7,30,0,34.09589,132.13971,岩国市叶木 田 / 田の近くの柿の木に、皮が剥がされた痕、糞を発見したもの / 不明頭 / 体長: 不明
450,2024,9,6,15,0,0,34.09094,131.84231,周南市大字徳山 国道上 / 車で走行中、熊と車両が接触したもの / 1頭 / 体長: 約100cm
451,2024,9,6,17,15,0,34.0633,131.8782,下松市大字下谷 県道上 / 原付で走行中、県道を移動する熊を目撃したもの / 1頭 / 体長: 約50cm
452,2024,9,7,13,7,0,34.1601,131.63294,山口市徳地岸見 県道上 / 車で走行中、県道を横切る熊を目撃したもの / 1頭 / 体長: 約100cm
453,2024,9,8,9,48,0,34.28405,131.10743,長門市俵山 共同墓地 / 墓地の藪の中に熊を目撃したもの / 1頭 / 体長: 約80cm
454,2024,9,8,10,50,0,34.07777,131.1322,山陽小野田市大字山野井 県道付近 / コンバインで走行中、県道付近で熊を目撃したもの / 1頭 / 体長: 約70cm
455,2024,9,9,6,45,0,34.09707,131.87814,下松市大字下谷 県道上 / 車で走行中、県道を横切る熊を目撃したもの / 1頭 / 体長: 約100cm
456,2024,9,8,6,0,0,34.24531,132.08873,岩国市美和町 畑 / 畑の柿の木の枝が折られ、柿の実も食べられ、爪痕も発見されたもの / 不明頭 / 体長: 不明
457,2024,9,8,17,0,0,34.3376,132.00636,岩国市錦町 草地 / 柿の木の柿が食べられているのを発見したもの / 不明頭 / 体長: 不明
458,2024,9,9,5,30,0,34.05939,132.13171,岩国市周東町 栗畑 / 栗の木２本の枝が折られ、栗の実１０個程度食べられていたもの / 不明頭 / 体長: 不明
459,2024,9,10,13,15,0,34.26616,131.95822,岩国市錦町広瀬 / 発見者の自宅北側にいる熊を目撃したもの / 1頭 / 体長: 約100cm
460,2024,9,10,12,5,0,34.16815,132.09732,岩国市下 国道上 / 車で走行中、国道上にいる熊を目撃したもの / 2頭 / 体長: 約100cm 約50cm
461,2024,9,10,21,45,0,34.22957,132.12574,岩国市美和町 県道上 / 車で走行中、県道を横切る熊を目撃したもの / 1頭 / 体長: 約100cm
462,2024,9,10,17,0,0,34.25259,132.10173,岩国市美和町 市道上 / 犬の散歩中、市道を横断する熊を目撃したもの / 1頭 / 体長: 約150cm
463,2024,9,10,18,0,0,34.11542,131.87274,周南市大字須々万本郷 市道上 / 畑作業中、市道を横断する熊を目撃したもの / 1頭 / 体長: 約100cm
464,2024,9,11,7,50,0,34.41539,131.50801,萩市大字福井上 県道上 / 車で走行中、県道付近に熊を目撃したもの / 1頭 / 体長: 約100cm
465,2024,9,11,8,30,0,34.23121,132.13496,岩国市美和町 栗林 / 栗林の栗の木の枝が折られ、栗の実数個の食害を認め、木の枝に爪痕を発見したもの / 不明頭 / 体長: 不明
466,2024,9,11,21,17,0,34.34383,131.41365,萩市大字明木 県道上 / 目撃者が県道を歩いていたところ、熊を目撃したもの / 1頭 / 体長: 約170cm
467,2024,9,12,8,0,0,34.44727,131.60273,萩市大字高佐下 県道上 / 車で走行中、県道を横切る熊を目撃したもの / 1頭 / 体長: 約150cm
468,2024,9,12,8,30,0,34.06054,132.13454,岩国市周東町祖生 イチョウの木 / 車で走行中、イチョウの木に熊棚を発見したもの / 不明頭 / 体長: 不明
469,2024,9,12,0,30,0,34.27436,132.06557,岩国市美和町 柿の木 / 目撃者が在宅中、付近の柿の木に登る熊を目撃したもの / 1頭 / 体長: 不明
470,2024,9,11,8,30,0,34.18269,132.05413,岩国市天尾 国道上 / 車で走行中、国道を横切る熊を目撃したもの / 1頭 / 体長: 約50cm
471,2024,9,13,7,35,0,34.10446,131.87608,下松市大字下谷 県道上 / 車で走行中、県道を横切る熊を目撃したもの / 1頭 / 体長: 約100cm
472,2024,9,12,16,50,0,34.43592,131.48515,萩市大字福井下 市道上 / 目撃者が市道を歩いていたところ、熊を目撃したもの / 3頭 / 体長: 約150cm 他２頭 不明
473,2024,9,13,8,0,0,34.26894,132.11219,岩国市美和町 山中 / イノシシ用の罠が熊により倒されていたもの / 不明頭 / 体長: 不明
474,2024,9,14,7,0,0,34.07424,132.17304,岩国市通津 市道上 / 市道上にいる熊を目撃したもの / 1頭 / 体長: 約100cm
475,2024,9,15,5,33,0,34.3139,131.13105,長門市俵山 山中 / 目撃者方の裏庭から山中に移動する熊を目撃したもの / 1頭 / 体長: 約60cm
476,2024,9,15,8,10,0,34.33646,132.0089,岩国市錦町須川 畑付近 / 畑付近の路上にいる熊を目撃したもの / 1頭 / 体長: 約100cm
477,2024,9,15,11,50,0,34.42525,131.45986,萩市大字福井下 市道上 / 車で走行中、熊を目撃したもの / 1頭 / 体長: 約80cm
478,2024,9,15,19,20,0,34.31435,131.36508,萩市大字山田 国道上 / 車で走行中、熊を目撃したもの / 1頭 / 体長: 約100cm
479,2024,9,15,19,30,0,34.6271,131.67191,萩市大字上田万 市道上 / 車で走行中、熊を目撃したもの / 1頭 / 体長: 約60cm
480,2024,9,16,8,20,0,34.11691,132.00401,岩国市周東町獺越 県道上 / 車で走行中、熊を目撃したもの / 1頭 / 体長: 約100cm
481,2024,9,16,8,0,0,34.11514,131.85303,周南市大字須々万本郷 柿の木 / 柿の実が食べられており、熊ようの動物の足跡が残っていたもの / 不明頭 / 体長: 不明
482,2024,9,14,10,55,0,34.43825,132.06822,岩国市錦町宇佐 栗林 / 熊に栗の木の枝が折られており、付近に糞が落ちていたもの / 不明頭 / 体長: 不明
483,2024,9,16,17,0,0,34.41297,132.05451,岩国市錦町宇佐 栗林 / 熊に栗の木の枝が折られており、付近に糞が落ちていたもの / 不明頭 / 体長: 不明
484,2024,9,17,11,25,0,34.22823,131.82008,周南市大字鹿野上 市道上 / 車で走行中、熊を目撃したもの / 1頭 / 体長: 約100cm
485,2024,9,17,16,0,0,34.10691,131.39472,山口市小郡山手上町 路上 / 目撃者が徒歩で移動中、熊ようの動物を目撃したもの / 1頭 / 体長: 約30cm
486,2024,9,17,19,35,0,33.92876,132.08476,平生町大字大野南 町道上 / 目撃者が徒歩で移動中、熊ようの動物を目撃したもの / 1頭 / 体長: 約100cm
487,2024,9,18,8,5,0,34.267,131.9667,岩国市錦町広瀬 国道上 / 車で走行中、国道を横切る熊を目撃したもの / 1頭 / 体長: 約100cm
488,2024,9,18,7,20,0,34.33696,132.00678,岩国市錦町須川 柿の木 / 熊に柿の木の枝を折られ、柿の実を食べられていたもの / 不明頭 / 体長: 不明
489,2024,9,18,8,20,0,34.33623,131.99817,岩国市錦町須川 栗の木 / 熊に栗の木の枝が折られ、栗の実を食べられていたもの / 不明頭 / 体長: 不明
490,2024,9,17,11,30,0,34.02151,131.97047,光市大字小周防 田んぼ / 田んぼの中に熊の足跡を発見したもの / 不明頭 / 体長: 不明
491,2024,9,19,7,30,0,34.33752,132.00634,岩国市錦町須川 柿の木 / 熊に柿の木の枝を折られ、柿の実を食べられていたもの / 不明頭 / 体長: 不明
492,2024,9,19,9,15,0,34.27607,131.99497,岩国市錦町府谷 養蜂箱 / 熊により養蜂箱を倒されていたもの / 不明頭 / 体長: 不明
493,2024,9,19,19,30,0,34.21739,131.94863,岩国市錦町野谷 市道上 / 車で走行中、熊を目撃したもの / 1頭 / 体長: 約80cm
494,2024,9,19,6,0,0,34.26349,132.04293,岩国市本郷町 県道上 / 車で走行中、県道を横切る熊を目撃したもの / 1頭 / 体長: 約70cm
495,2024,9,19,6,30,0,34.14729,132.08589,岩国市伊房 栗の木 / 熊に栗の木の枝が折られ、栗の実を食べられていたもの / 不明頭 / 体長: 不明
496,2024,9,19,3,0,0,34.03849,131.89632,下松市大字山田 山中 / 自宅から確認したところ、山中にいる熊を目撃したもの / 1頭 / 体長: 約150m
497,2024,9,20,6,20,0,34.31324,131.98867,岩国市錦町深川 柿の木 / 熊に柿の木の枝を折られ、柿の実を食べられていたもの / 不明頭 / 体長: 不明
498,2024,9,20,7,55,0,34.10199,131.9097,周南市大字中須南 県道上 / 車で走行中、県道を横切る熊を目撃したもの / 1頭 / 体長: 約100cm
499,2024,9,19,15,5,0,34.39645,131.05133,長門市油谷蔵小田 市道上 / 原付で走行中、県道を移動する熊を目撃したもの / 1頭 / 体長: 約60cm
500,2024,9,19,16,0,0,34.13988,132.07729,岩国市伊房 栗の木 / 熊に栗の木の枝が折られ、栗の実を食べられていたもの / 不明頭 / 体長: 不明
501,2024,9,20,15,30,0,34.11131,131.94427,周南市大字八代 祠 / 熊により祠の地蔵が倒されていたもの / 不明頭 / 体長: 不明
502,2024,9,20,0,0,0,34.03855,131.89621,下松市大字山田 山中 / 民家に設置してある防犯カメラに熊が映っていたもの / 1頭 / 体長: 不明
503,2024,9,20,23,50,0,34.28684,132.13291,岩国市美和町釜ヶ原 庭先 / 目撃者の庭にいる熊を目撃したもの / 1頭 / 体長: 約120cm
504,2024,9,21,11,0,0,34.14038,132.08262,岩国市伊房 栗の木 / 熊に栗の木の枝が折られ、栗の実を食べられていたもの / 不明頭 / 体長: 不明
505,2024,9,21,15,30,0,34.32716,131.69093,山口市徳地柚木 市道上 / 車で走行中、市道を横切る熊を目撃したもの / 1頭 / 体長: 約80cm
506,2024,9,22,7,30,0,34.3316,131.99499,岩国市錦町須川 柿の木 / 熊に柿の木の枝を折られ、柿の実を食べられていたもの / 不明頭 / 体長: 不明
507,2024,9,22,7,0,0,34.15013,131.64933,防府市大字奥畑 庭先 / 熊により養蜂箱を荒らされていたもの / 不明頭 / 体長: 不明
508,2024,9,21,18,40,0,34.27279,132.06792,岩国市美和町阿賀 敷地内 / 空き家に設置してある防犯カメラに熊が映っていたもの / 1頭 / 体長: 約100cm
509,2024,9,23,11,0,0,34.23963,132.13394,岩国市美和町岸根 養蜂箱 / 熊により養蜂箱を倒されていたもの / 不明頭 / 体長: 不明
510,2024,9,23,10,0,0,34.28548,132.13353,岩国市美和町釜ヶ原 山中 / 熊に栗と柿の木の枝を折られ、栗と柿の実を食べられていたもの / 不明頭 / 体長: 不明
511,2024,9,24,6,17,0,34.33162,131.99492,岩国市錦町須川 養蜂箱 / 熊により養蜂箱を倒されていたもの / 不明頭 / 体長: 不明
512,2024,9,24,5,30,0,34.14997,131.64948,防府市大字奥畑 庭先 / 目撃者の庭にいる熊を目撃したもの / 1頭 / 体長: 約120cm
513,2024,9,24,16,0,0,34.14245,132.09796,岩国市入野 栗の木 / 熊に栗の木の枝が折られ、栗の実を食べられていたもの / 不明頭 / 体長: 不明
514,2024,9,25,5,25,0,34.12143,131.85994,周南市大字須々万本郷 市道上 / 車で走行中、市道を横切る熊を目撃したもの / 1頭 / 体長: 約100cm
515,2024,9,25,7,15,0,34.2273,132.05905,岩国市美和町下畑 県道上 / 車で走行中、県道を横切る熊を目撃したもの / 1頭 / 体長: 約80cm
516,2024,9,24,16,0,0,34.15084,132.11843,岩国市寺山 柿の木 / 熊に柿の木の枝を折られ、柿の実を食べられていたもの / 不明頭 / 体長: 不明
517,2024,9,25,8,0,0,34.1062,131.97527,岩国市周東町樋余地 栗の木 / 熊に栗の実を食べられていたもの / 不明頭 / 体長: 不明
518,2024,9,26,10,0,0,34.26894,132.11219,岩国市周東町祖生 栗の木 / 熊に栗の木の枝が折られ、栗の実を食べられていたもの / 不明頭 / 体長: 不明
519,2024,9,26,12,0,0,34.26396,132.06459,岩国市美和町下畑 山中 / 自宅で作業中、山から出てきた熊を目撃したもの / 1頭 / 体長: 約70cm
520,2024,9,27,15,10,0,34.13125,131.76276,周南市大字中野 市道上 / 車で走行中、市道を横切る熊を目撃したもの / 2頭 / 体長: 約100cm 約50cm
521,2024,9,27,6,50,0,34.21426,132.0158,岩国市美川町南桑 錦川 / 錦川を横断する熊を目撃したもの / 1頭 / 体長: 約100cm
522,2024,9,27,8,0,0,34.326,131.99309,岩国市錦町須川 柿の木 / 熊に柿の木の枝を折られ、柿の実を食べられていたもの / 不明頭 / 体長: 不明
523,2024,9,26,17,30,0,34.21214,132.08106,岩国市美和町渋前 栗の木 / 熊に栗の木の枝が折られ、栗の実を食べられていたもの / 不明頭 / 体長: 不明
524,2024,9,27,9,0,0,34.14074,132.08573,岩国市大山 栗の木 / 熊に栗の木の枝が折られ、栗の実を食べられていたもの / 不明頭 / 体長: 不明
525,2024,9,28,8,0,0,33.99348,131.95927,光市三井 児童遊園地付近路上 / 自転車で進行中、熊を目撃したもの / 2頭 / 体長: 不明
526,2024,9,28,16,55,0,34.58855,131.71851,萩市大字下小川 田んぼ / 自宅庭で作業中、田んぼにいる熊を目撃したもの / 1頭 / 体長: 約100cm
527,2024,9,28,16,0,0,34.31708,131.98791,岩国市錦町深川 栗の木 / 熊に栗の木の枝が折られ、栗の実を食べられていたもの / 不明頭 / 体長: 不明
528,2024,9,29,16,0,0,34.06389,132.13916,岩国市周東町祖生 柿の木 / 熊に柿の木の枝を折られ、柿の実を食べられていたもの / 不明頭 / 体長: 不明
529,2024,9,27,15,0,0,34.0662,131.94951,周南市大字奥関屋 栗の木 / 熊に栗の木の枝が折られ、栗の実を食べられていたもの / 不明頭 / 体長: 不明
530,2024,9,30,17,0,0,34.26217,131.47795,萩市大字佐々並 国道上 / 車で走行中、国道を横切る熊を目撃したもの / 1頭 / 体長: 約50cm
531,2024,9,30,22,52,0,34.37148,131.44749,萩市川上 山中 / 在宅中、物音がしたため裏山を確認したところ、熊を目撃したもの / 2頭 / 体長: 約150cm 約50cm
532,2024,9,29,11,0,0,34.09329,131.93109,周南市大字八代 栗の木 / 熊に栗の木の枝が折られ、栗の実を食べられていたもの / 不明頭 / 体長: 不明
533,2024,10,1,16,0,0,34.29239,131.47382,萩市大字佐々並 県道上 / 車で走行中、県道を横切る熊を目撃したもの / 1頭 / 体長: 約60cm
534,2024,10,1,20,13,0,34.42499,131.73285,山口市阿東徳佐中 線路上 / 電車で進行中、線路上で熊と衝突したもの / 1頭 / 体長: 不明
535,2024,10,2,6,30,0,34.33,131.9967,岩国市錦町須川 柿の木 / 熊に柿の木の枝を折られ、柿の実を食べられていたもの / 不明頭 / 体長: 不明
536,2024,9,30,7,0,0,34.28685,132.03678,岩国市本郷町本郷 畑 / 畑において、熊の足跡を発見したもの / 不明頭 / 体長: 不明
537,2024,10,2,10,0,0,34.15507,132.10888,岩国市上田 栗の木 / 熊に栗の木の枝が折られ、栗の実を食べられていたもの / 不明頭 / 体長: 不明
538,2024,10,3,8,0,0,34.15664,132.11227,岩国市寺山 栗の木 / 熊に栗の木の枝が折られ、栗の実を食べられていたもの / 不明頭 / 体長: 不明
539,2024,10,3,18,30,0,34.16916,131.48821,山口市大内御堀 路上 / 犬の散歩中、熊ようの動物を目撃したもの / 1頭 / 体長: 約150cm
540,2024,10,4,11,45,0,34.33755,131.16975,長門市深川湯本 山中 / 車で走行中、トンネルの上の山中にいる熊を目撃したもの / 1頭 / 体長: 約100cm
541,2024,10,4,16,30,0,34.18124,132.14212,岩国市阿品 栗の木 / 熊に栗の木の枝が折られ、栗の実を食べられていたもの / 不明頭 / 体長: 不明
542,2024,10,4,14,30,0,34.07359,132.17233,岩国市通津 県道上 / 車で走行中、県道上にいる熊を目撃したもの / 2頭 / 体長: 約80cm 約40cm
543,2024,10,5,22,30,0,34.09158,131.71407,周南市大字夜市 路上 / ランニング中、背後から熊に襲われたもの / 1頭 / 体長: 約100cm
544,2024,10,6,11,23,0,34.22905,131.81866,周南市大字鹿野上 市道上 / 徒歩で進行中、市道を横切る熊を目撃したもの / 1頭 / 体長: 約100cm
545,2024,10,6,13,30,0,34.13835,131.03529,下関市菊川町下岡枝 山中 / 車で走行中、山裾にいる熊を目撃したもの / 1頭 / 体長: 約100cm
546,2024,10,6,11,0,0,34.28551,132.13359,岩国市美和町釜ヶ原 柿の木 / 熊に柿の木の枝を折られ、柿の実を食べられていたもの / 不明頭 / 体長: 不明
547,2024,10,6,9,0,0,34.14179,132.08255,岩国市大山 栗の木 / 熊に栗の木の枝が折られ、栗の実を食べられていたもの / 不明頭 / 体長: 不明
548,2024,10,6,9,0,0,34.14027,132.08256,岩国市大山 栗の木 / 熊に栗の木の枝が折られ、栗の実を食べられていたもの / 不明頭 / 体長: 不明
549,2024,10,3,9,0,0,34.14022,132.08695,岩国市大山 栗の木 / 熊に栗の木の枝が折られ、栗の実を食べられていたもの / 不明頭 / 体長: 不明
550,2024,10,3,9,15,0,34.14038,132.08601,岩国市大山 柿の木 / 熊に柿の木の枝を折られ、熊の爪痕があったもの / 不明頭 / 体長: 不明
551,2024,10,5,13,0,0,34.14784,132.0876,岩国市竹安 栗の木 / 熊に栗の木の枝が折られ、栗の実を食べられていたもの / 不明頭 / 体長: 不明
552,2024,10,7,7,20,0,34.55461,131.59861,萩市大字弥富上 市道上 / 車で走行中、市道脇にいる熊を目撃したもの / 1頭 / 体長: 約100cm
553,2024,10,7,9,10,0,34.2909,130.96306,下関市豊北町大字田耕 国道上 / 車で走行中、国道を横切る熊ようの動物を目撃したもの / 1頭 / 体長: 約100cm
554,2024,10,4,13,0,0,34.30411,132.0661,岩国市美和町秋掛 敷地内 / 空き家の草刈りをしていたところ、庭の木が折れ、熊の糞を発見したもの / 不明頭 / 体長: 不明
555,2024,10,7,17,0,0,34.11496,131.85633,周南市大字須々万本郷 国道沿い / 車で走行中、国道沿いにいる熊を目撃したもの / 1頭 / 体長: 約100cm
556,2024,10,8,11,45,0,34.14238,132.09846,岩国市入野 水田 / 水田の水路に熊の糞及び付近の柿の木に実の食害を発見したもの / 不明頭 / 体長: 不明
557,2024,10,8,6,0,0,34.22732,132.12725,岩国市美和町大根川 栗の木 / 熊に栗の木の枝が折られ、栗の実を食べられていたもの / 不明頭 / 体長: 不明
558,2024,10,9,8,0,0,34.42682,132.06311,岩国市錦町宇佐 栗の木 / 熊に栗の実を食べられ、熊棚及び爪痕を発見したもの / 不明頭 / 体長: 不明
559,2024,10,9,10,0,0,34.30256,132.09414,岩国市美和町北中山 一般民家（空き家） / 熊に屋根瓦を剥がされていたもの / 不明頭 / 体長: 不明
560,2024,10,10,12,2,0,34.2406,132.0616,岩国市美和町下畑 県道上 / 車で走行中、県道上にいる熊を目撃したもの / 1頭 / 体長: 約70cm
561,2024,10,10,16,0,0,34.57802,131.67536,萩市大字上小川東分 市道上 / 車で走行中、市道上にいる熊を目撃したもの / 1頭 / 体長: 約100cm
562,2024,10,10,17,45,0,34.22125,131.80873,周南市大字鹿野中 県道上 / 車で走行中、県道を横切る熊を目撃したもの / 2頭 / 体長: 約50cm 約50cm
563,2024,10,10,18,37,0,34.21732,131.81843,周南市大字鹿野下 国道上 / 車で走行中、国道上にいる熊を目撃したもの / 1頭 / 体長: 約100cm
564,2024,10,11,8,0,0,34.28768,132.13796,岩国市美和町釜ヶ原 栗の木 / 熊に栗の木の枝が折られ、栗の実を食べられていたもの / 不明頭 / 体長: 不明
565,2024,10,11,9,10,0,34.17993,132.17346,岩国市多田 県道上 / 車で走行中、県道を横切る熊を目撃したもの / 1頭 / 体長: 約100cm
566,2024,10,11,20,13,0,34.5506,131.62067,萩市大字弥富上 国道上 / 車で走行中、国道脇にいる熊を目撃したもの / 1頭 / 体長: 約100cm
567,2024,10,11,17,0,0,34.43062,132.06109,岩国市錦町宇佐 柿の木 / 柿の木に熊棚、熊の爪痕があったもの / 不明頭 / 体長: 不明
568,2024,10,11,19,30,0,34.34983,131.30514,長門市三隅 田んぼ / 養蜂箱付近に設置された防犯カメラに熊が映っていたもの / 1頭 / 体長: 約100cm
569,2024,10,11,16,0,0,34.13899,132.07711,岩国市伊房 栗の木 / 栗の木に熊棚、食害があったもの / 不明頭 / 体長: 不明
570,2024,10,12,9,0,0,34.13901,132.07779,岩国市伊房 栗の木 / 栗の木に熊棚、食害があったもの / 不明頭 / 体長: 不明
571,2024,10,12,8,0,0,34.15133,132.11902,岩国市寺山 栗の木柿の木 / 熊に栗の木柿の木の枝が折られ、実を食べられていたもの / 不明頭 / 体長: 不明
572,2024,10,12,19,30,0,33.93168,132.07286,熊毛郡平生町大字曽根 町道上 / 自転車で走行中、町道にいる熊ようの動物を目撃したもの / 1頭 / 体長: 約50cm
573,2024,10,13,17,45,0,34.27506,131.6382,山口市徳地野谷 一般民家敷地内 / 目撃者が在宅中、屋外で物音がしたため確認したところ、熊を目撃したもの / 1頭 / 体長: 約150m
574,2024,10,14,6,50,0,34.31869,131.6895,山口市徳地野谷 国道上 / 車で走行中、国道を横切る熊を目撃したもの / 1頭 / 体長: 約70cm
575,2024,10,13,10,0,0,34.31975,131.93745,岩国市錦町大野 栗の木 / 熊に栗の木の枝が折られ、栗の実を食べられていたもの / 不明頭 / 体長: 不明
576,2024,10,14,9,35,0,34.23227,131.67656,山口市徳地三谷 県道上 / 車で走行中、県道を横切る熊を目撃したもの / 1頭 / 体長: 約100cm
577,2024,10,14,7,0,0,34.20202,132.03615,岩国市美川町南桑 栗の木 / 栗畑に赴いたところ、熊を目撃したもの / 2頭 / 体長: 約80cm 約80cm
578,2024,10,14,16,0,0,34.5908,131.68275,萩市大字中小川 県道上 / 車で走行中、県道を横切る熊を目撃したもの / 1頭 / 体長: 約100cm
579,2024,10,15,8,53,0,34.13482,131.72202,周南市大字米光 国道上 / 車で走行中、国道を横切る熊を目撃したもの / 1頭 / 体長: 約80cm
580,2024,10,15,8,42,0,34.13694,131.71952,山口市徳地上村 市道脇 / 散歩中、市道脇にいる熊を目撃したもの / 1頭 / 体長: 約100cm
581,2024,10,14,11,0,0,34.27971,132.00161,岩国市錦町府谷 栗の木 / 栗の木に熊棚、糞があったもの / 不明頭 / 体長: 不明
582,2024,10,14,9,0,0,34.14341,132.07888,岩国市伊房 栗の木 / 栗の木に熊棚、爪痕、足跡、糞があったもの / 不明頭 / 体長: 不明
583,2024,10,14,9,0,0,34.15273,132.10784,岩国市上田 栗の木 / 栗の木が折られ、爪痕、食害があったもの / 不明頭 / 体長: 不明
584,2024,10,15,10,0,0,34.06854,131.97647,周南市大字樋口 市道上 / 目撃者が自宅付近において熊を目撃したもの / 3頭 / 体長: 約70cm 約50cm 約50cm
585,2024,10,15,12,35,0,34.27381,131.75164,山口市徳地三谷 県道上 / 車で進行中、県道を横切る熊を目撃したもの / 3頭 / 体長: 約100cm 約70cm 約70cm
586,2024,10,15,8,30,0,34.41368,132.05356,岩国市錦町宇佐 栗の木 / 栗の木が折られ、爪痕、食害があったもの / 不明頭 / 体長: 不明
587,2024,10,16,8,0,0,34.23579,132.09014,岩国市美和町生見 栗の木 / 栗の木が折られ、食害があったもの / 不明頭 / 体長: 不明
588,2024,10,12,7,0,0,34.31266,131.97825,岩国市錦町深川 栗の木 / 栗の木が折られ、熊棚があったもの / 不明頭 / 体長: 不明
589,2024,10,16,11,30,0,34.24691,131.97974,岩国市美川町四馬神 栗の木 / 栗の木が折られ、爪痕、食害があったもの / 不明頭 / 体長: 不明
590,2024,10,15,15,0,0,34.24419,132.14373,岩国市美和町岸根 栗の木 / 栗の木が折られ、食害、糞があったもの / 不明頭 / 体長: 不明
591,2024,10,16,20,0,0,34.01986,131.97169,光市大字小周防 市道上 / 自転車で走行中、市道を横断しようとする熊を目撃したもの / 1頭 / 体長: 約100cm
592,2024,10,16,23,0,0,34.22117,131.82983,周南市大字鹿野下 市道上 / 車で走行中、市道上にいる熊を目撃したもの / 1頭 / 体長: 約100cm
593,2024,10,16,15,0,0,34.1374,132.0943,岩国市大山 栗の木 / 栗の木が折られ、爪痕、食害があったもの / 不明頭 / 体長: 不明
594,2024,10,17,17,20,0,34.06782,131.96165,周南市大字原 県道上 / 車で走行中、県道を横切る熊を目撃したもの / 3頭 / 体長: 約100cm 約50cm 約50cm
595,2024,10,17,4,10,0,34.25143,132.06795,岩国市美和町下畑 / イノシシ用の箱罠に入っている熊が防犯カメラに映っていたもの / 1頭 / 体長: 約100cm
596,2024,10,18,6,30,0,34.24289,132.06629,岩国市美和町下畑 栗の木 / 栗の木が折られ、食害があったもの / 不明頭 / 体長: 不明
597,2024,10,18,12,0,0,34.22105,132.10703,岩国市美和町渋前 栗の木 / 栗の木が折られ、爪痕、食害、糞があったもの / 不明頭 / 体長: 不明
598,2024,10,19,9,20,0,34.02525,132.16238,岩国市由宇町 竹藪 / 知人宅付近の竹藪にいた熊を目撃したもの / 1頭 / 体長: 約100cm
599,2024,10,19,11,0,0,34.22658,132.06556,岩国市美和町生見 栗の木 / 栗の木が折られ、爪痕、食害があったもの / 不明頭 / 体長: 不明
600,2024,10,19,23,47,0,34.20214,131.81542,周南市大字鹿野下 市道上 / 自宅にいたところ、付近から物音がしたため、懐中電灯で照らしたところ、熊を目撃したもの / 1頭 / 体長: 約100cm
601,2024,10,20,7,0,0,34.07571,131.66505,周南市大字戸田 自宅敷地内 / 敷地内の倉庫の壁面が剥がされ、付近に熊ようの動物の足跡を発見したもの / 不明頭 / 体長: 足跡約6cm
602,2024,10,20,7,0,0,34.05047,132.14962,岩国市周東町祖生 / 養蜂箱が壊され、はちみつの食害があったもの / 不明頭 / 体長: 不明
603,2024,10,19,17,0,0,34.26788,132.11101,岩国市美和町上駄床 栗の木 / 栗の木が折られ、栗の実の食害があったもの / 不明頭 / 体長: 不明
604,2024,10,20,19,46,0,34.28659,131.96204,岩国市錦町中ノ瀬 国道上 / 車で走行中、国道を横切る熊を目撃したもの / 2頭 / 体長: 約80cm 約60cm
605,2024,10,19,18,0,0,34.09822,132.15966,岩国市六呂師 自宅敷地の倉庫付近 / 物音がしたので確認したところ、養蜂箱がひっくり返されており、数日後同所に熊を目撃したもの / 1頭 / 体長: 約100cm
606,2024,10,21,9,0,0,34.23314,132.11574,岩国市美和町佐坂 栗の木 / 栗の木が折られ、栗の実の食害及び糞があったもの / 不明頭 / 体長: 不明
607,2024,10,20,9,0,0,34.22447,132.08564,岩国市美和町渋前 栗の木 / 栗の木が折られ、爪痕、熊棚、栗の実の食害及び糞があったもの / 不明頭 / 体長: 不明
608,2024,10,21,7,0,0,34.22428,132.10573,岩国市美和町渋前 栗の木 / 栗の木が折られ、爪痕、栗の実の食害及び糞があったもの / 不明頭 / 体長: 不明
609,2024,10,20,16,0,0,34.21329,132.02688,岩国市美川町南桑 栗の木 / 栗の木が折られ、爪痕、栗の実の食害があったもの / 不明頭 / 体長: 不明
610,2024,10,21,14,50,0,34.15653,132.11518,岩国市寺山 栗の木 / 栗の木が折られ、爪痕、熊棚、栗の実の食害があったもの / 不明頭 / 体長: 不明
611,2024,10,21,10,0,0,34.28524,132.13325,岩国市美和町釜ヶ原 栗の木 / 栗の木が折られ、爪痕、栗の実の食害があったもの / 不明頭 / 体長: 不明
612,2024,10,21,8,0,0,34.24097,132.14072,岩国市美和町百合谷 栗の木 / 栗の木が折られ、爪痕、栗の実の食害があったもの / 不明頭 / 体長: 不明
613,2024,10,22,8,0,0,34.22315,132.05614,岩国市美和町下畑 自宅敷地内の物置 / 自宅敷地内の物置の蜂の巣が落とされ、物置の壁が壊されていたもの / 不明頭 / 体長: 不明
614,2024,10,22,11,0,0,34.11846,131.69212,周南市大字湯野 山中 / 車で走行中、山中にいる熊を目撃したもの / 1頭 / 体長: 約90cm
615,2024,10,21,7,0,0,34.25694,132.06447,岩国市美和町下畑 栗の木 / 散歩中、栗の木の上にいる熊を目撃したもの / 1頭 / 体長: 約100cm
616,2024,10,22,15,50,0,34.00081,132.14799,柳井市日積 市道沿いの法面 / 車で走行中、市道沿いの法面にいる熊を目撃したもの / 1頭 / 体長: 約100cm
617,2024,10,22,8,0,0,34.06281,132.12779,岩国市周東町祖生 畑 / 養蜂箱が倒され、食害があったもの / 不明頭 / 体長: 不明
618,2024,10,21,16,30,0,34.1413,132.10035,岩国市入野 栗の木 / 栗の木が折られ、爪痕、栗の実の食害があったもの / 不明頭 / 体長: 不明
619,2024,10,23,16,38,0,34.08347,131.87935,下松市大字瀬戸 県道上 / 車で走行中、県道を横切る熊を目撃したもの / 1頭 / 体長: 約120cm
620,2024,10,23,17,0,0,33.98859,131.97205,光市大字島田 市道上 / 犬の散歩中、市道脇にいる熊を目撃したもの / 1頭 / 体長: 約80cm
621,2024,10,23,18,50,0,33.94382,132.07312,熊毛郡平生町大字平生村 道路脇 / 車で走行中、道路脇にいる熊ようの動物を目撃したもの / 1頭 / 体長: 約70cm
622,2024,10,24,0,5,0,34.21688,131.82253,周南市大字鹿野下 市道上 / 車で走行中、市道上にいる熊を目撃したもの / 1頭 / 体長: 約100cm
623,2024,10,23,7,30,0,34.25482,132.0902,岩国市美和町生見 栗の木 / 栗の木が折られ、栗の実の食害があったもの / 不明頭 / 体長: 不明
624,2024,10,23,7,35,0,34.33285,131.99281,岩国市錦町須川 栗の木 / 栗の木が折られ、熊棚、栗の実の食害があったもの / 不明頭 / 体長: 不明
625,2024,10,23,9,30,0,34.14227,132.09726,岩国市大山 栗の木 / 栗の木が折られ、栗の実の食害、糞があったもの / 不明頭 / 体長: 不明
626,2024,10,23,9,40,0,34.33555,131.99923,岩国市錦町須川 / イノシシ用の箱罠が壊されているのを発見したもの / 不明頭 / 体長: 不明
627,2024,10,27,17,30,0,34.26353,131.94819,岩国市錦町広瀬 栗の木 / 栗の木が折られ、栗の実の食害があったもの / 不明頭 / 体長: 不明
628,2024,10,23,14,0,0,34.10849,131.64783,周南市大字湯野 山中 / 倉庫の板壁が剥がされ、ミツバチの巣が壊されていたもの / 不明頭 / 体長: 不明
629,2024,10,23,8,0,0,34.26931,132.13446,岩国市美和町釜ヶ原 栗の木 / 栗の木が折られ、栗の実の食害、糞があったもの / 不明頭 / 体長: 不明
630,2024,10,23,14,20,0,34.05855,132.14059,岩国市周東町祖生 栗の木 / 栗の木が折られ、熊棚、爪痕、糞を発見、また柿の実の食害があったもの / 不明頭 / 体長: 不明
631,2024,10,24,8,30,0,34.22945,132.10842,岩国市美和町佐坂 栗の木 / 栗の木が折られ、爪痕、栗の実の食害、糞があったもの / 不明頭 / 体長: 不明
632,2024,10,24,11,25,0,34.22905,132.05966,岩国市美和町下畑 栗の木 / 栗の木が折られ、栗の実の食害があったもの / 不明頭 / 体長: 不明
633,2024,10,24,14,0,0,34.1394,132.10095,岩国市入野 栗の木 / 栗の木が折られ、爪痕、栗の実の食害があったもの / 不明頭 / 体長: 不明
634,2024,10,24,9,0,0,34.22649,132.09233,岩国市美和町渋前 栗の木 / 栗の木が折られ、栗の実の食害があったもの / 不明頭 / 体長: 不明
635,2024,10,23,16,0,0,34.05855,132.14059,防府市大字久兼 栗の木 / 栗の木が折られ、爪痕、栗の実の食害、糞があったもの / 不明頭 / 体長: 不明
636,2024,10,25,6,0,0,34.41833,131.72821,山口市阿東徳佐中 山中 / 犬の散歩中、山中から出てきた熊を目撃したもの / 1頭 / 体長: 約100cm
637,2024,10,26,7,55,0,34.10754,131.68048,周南市大字湯野 山裾 / 駐車場で作業中、山裾にいる熊を目撃したもの / 1頭 / 体長: 約100cm
638,2024,10,26,10,55,0,34.0816,131.87772,下松市大字下谷 駐車場 / 駐車場の金網フェンスをよじ登る熊を目撃したもの / 1頭 / 体長: 約80cm
639,2024,10,25,21,30,0,34.2386,132.13436,岩国市美和町岸根 県道脇 / 車で走行中、県道脇にいる熊を目撃したもの / 1頭 / 体長: 約70cm
640,2024,10,26,19,35,0,34.11107,131.75339,周南市大字四熊 市道上 / 車で走行中、市道を横切る熊を目撃したもの / 1頭 / 体長: 約150cm
641,2024,10,27,6,0,0,34.22282,131.80519,周南市大字鹿野中 一般住宅敷地内 / 在宅中、屋外で物音がしたため外を確認したところ、熊を目撃したもの / 1頭 / 体長: 約120cm
642,2024,10,27,5,50,0,34.27352,132.03799,岩国市本郷町本郷 県道上 / 車で走行中、熊を目撃したもの / 1頭 / 体長: 約70cm
643,2024,10,21,15,0,0,34.13954,132.10093,岩国市入野 栗の木 / 栗の木が折られ、爪痕、栗の実の食害があったもの / 不明頭 / 体長: 不明
644,2024,10,24,15,0,0,34.14215,132.09738,岩国市大山 栗の木 / 栗の木が折られ、爪痕、熊棚、栗の実の食害があったもの / 不明頭 / 体長: 不明
645,2024,10,24,17,0,0,34.27979,132.08949,岩国市美和町北中山 栗の木 / 栗の木が折られ、栗の実の食害があったもの / 不明頭 / 体長: 不明
646,2024,10,25,7,50,0,34.30018,132.03238,岩国市本郷町宇塚 イノシシの罠 / 設置していたイノシシ用の箱罠付近に足跡を発見したもの / 不明頭 / 体長: 不明
647,2024,10,25,7,50,0,34.30747,131.97717,岩国市錦町深川 栗の木 / 栗の木が折られ、爪痕、栗の実の食害があったもの / 不明頭 / 体長: 不明
648,2024,10,25,8,0,0,34.28896,132.01351,岩国市錦町府谷 倉庫 / 倉庫の土壁の破損を発見したもの / 不明頭 / 体長: 不明
649,2024,10,25,16,0,0,34.14126,132.10919,岩国市近延 栗の木 / 栗の木が折られ、爪痕、栗の実の食害、糞があったもの / 不明頭 / 体長: 不明
650,2024,10,26,7,40,0,34.33283,131.99253,岩国市錦町須川 栗の木 / 栗の木が折られ、栗の実の食害、熊棚があったもの / 不明頭 / 体長: 不明
651,2024,10,26,7,0,0,34.14559,132.08868,岩国市竹安 栗の木・柿の木 / 栗の木・柿の木が折られ、実の食害があったもの / 不明頭 / 体長: 不明
652,2024,10,26,7,30,0,34.23471,132.12025,岩国市美和町佐坂 栗の木 / 栗の木が折られ、栗の実の食害があったもの / 不明頭 / 体長: 不明
653,2024,10,26,12,15,0,34.28897,132.0135,岩国市錦町府谷 倉庫 / 倉庫内の床板が引っ張り出されているのを発見したもの / 不明頭 / 体長: 不明
654,2024,10,26,11,0,0,34.29769,132.046,岩国市本郷町本郷 柿の木 / 柿の木が折られ、爪痕を発見したもの / 不明頭 / 体長: 不明
655,2024,10,27,8,0,0,34.14921,132.10429,岩国市行正 柿の木 / 柿の木が折られ、爪痕、柿の実の食害、糞があったもの / 不明頭 / 体長: 不明
656,2024,10,26,8,30,0,34.25786,132.09057,岩国市美和町生見 栗の木 / 栗の木が折られ、爪痕、栗の実の食害があったもの / 不明頭 / 体長: 不明
657,2024,10,28,2,55,0,34.29704,132.04064,岩国市本郷町本郷 市道上 / 車で走行中、市道上にいる熊を目撃したもの / 1頭 / 体長: 約60cm
658,2024,10,28,7,0,0,34.27317,132.13242,岩国市美和町釜ヶ原 柿の木 / 柿の木が折られ、柿の実の食害、糞があったもの / 不明頭 / 体長: 不明
659,2024,10,29,8,20,0,34.08138,131.87738,下松市大字下谷 駐車場 / 目撃者の職場駐車場内にいる熊を目撃したもの / 1頭 / 体長: 約80cm
660,2024,10,29,17,45,0,34.595,131.71782,萩市大字下小川 市道上 / 車で走行中、市道上にいる熊を目撃したもの / 3頭 / 体長: 約100cm 約60cm 約60cm
661,2024,10,29,7,30,0,34.33312,131.99273,岩国市錦町須川 栗の木 / 栗の木が折られ、栗の実の食害があったもの / 不明頭 / 体長: 不明
662,2024,10,26,7,0,0,34.0925,131.7786,周南市大字下上 柿の木 / 柿の木が折られ、爪痕、糞があったもの / 不明頭 / 体長: 不明
663,2024,10,28,10,0,0,34.1194,131.63733,防府市大字久兼 柿の木 / 柿の木が折られ、爪痕、糞があったもの / 不明頭 / 体長: 不明
664,2024,10,29,1,0,0,34.10586,131.62998,防府市大字久兼 柿の木 / 柿の木が折られ、爪痕があったもの / 不明頭 / 体長: 不明
665,2024,10,30,20,40,0,34.08715,131.88581,下松市大字下谷 県道上 / 車で走行中、県道上にいる熊を目撃したもの / 1頭 / 体長: 約70cm
666,2024,10,30,10,0,0,34.13713,132.09446,岩国市大山 栗の木 / 栗の実の食害、糞があったもの / 不明頭 / 体長: 不明
667,2024,10,30,13,30,0,34.14391,132.09718,岩国市入野 栗の木 / 栗の実の食害があったもの / 不明頭 / 体長: 不明
668,2024,10,29,14,0,0,34.13899,131.68581,山口市徳地藤木 柿の木 / 柿の木の枝が折れ、爪痕があったもの / 不明頭 / 体長: 不明
669,2024,10,31,7,0,0,34.14558,132.10224,岩国市入野 柿の木 / 柿の木の枝が折れ、爪痕があったもの / 不明頭 / 体長: 不明
670,2024,10,31,8,0,0,34.11765,131.69927,周南市大字馬神 県道上 / 県道を横切る熊を目撃したもの / 1頭 / 体長: 約100cm
671,2024,11,1,4,20,0,34.2552,131.80089,周南市大字大潮 国道上 / 車で走行中、国道上で熊と衝突したもの / 1頭 / 体長: 約150cm
672,2024,11,2,13,50,0,34.22262,131.81129,周南市大字鹿野中 一般住宅敷地内 / 自宅敷地内で車に乗り込んだ時、付近に熊がいるのを目撃したもの / 1頭 / 体長: 約70cm
673,2024,11,2,14,0,0,34.02908,132.08922,柳井市伊陸 市道上 / 市道を散歩中、道路上にいる熊を目撃したもの / 1頭 / 体長: 約100cm
674,2024,11,3,15,10,0,34.15379,132.11008,岩国市寺山 山中 / 狩猟中に熊に襲われた / 1頭 / 体長: 約130cm
675,2024,11,3,19,30,0,34.11618,131.86243,周南市大字須々万 市道上 / 車で走行中、市道を横切る熊を目撃したもの / 1頭 / 体長: 約100cm
676,2024,11,3,20,10,0,34.05654,131.16497,山陽小野田市大字鴨庄 駐車場 / 車のバックモニターに熊ようの動物が映ったもの / 1頭 / 体長: 約100cm
677,2024,11,3,23,25,0,34.06919,131.95212,周南市大字奥関屋 県道上 / 車で走行中、県道脇にいる熊を目撃したもの / 1頭 / 体長: 約120cm
678,2024,11,3,1,0,0,34.14174,132.09611,岩国市大山 一般民家敷地内 / 防犯カメラに、熊が映っていたもの / 1頭 / 体長: 約100cm
679,2024,11,5,17,40,0,34.13653,131.82977,周南市大字長穂 国道上 / 車で信号停止中、国道を横切る熊を目撃したもの / 2頭 / 体長: 約60cm 約60cm
680,2024,11,5,17,50,0,34.13913,131.82893,周南市大字長穂 国道上 / 車で走行中、熊と衝突したもの / 1頭 / 体長: 約70cm
681,2024,11,5,14,45,0,34.09571,131.90336,周南市大字中須南 県道上 / 車で走行中、県道脇にいる熊を目撃したもの / 1頭 / 体長: 約100cm
682,2024,11,3,15,57,0,34.10131,131.66871,周南市大字湯野 柿の木 / 熊の糞を発見し、柿の木の枝が折れ、樹皮が剥がされていたもの / 不明頭 / 体長: 不明
683,2024,11,4,8,0,0,34.10557,131.67798,周南市大字湯野 柿の木 / 柿の木の枝が折れ、糞を発見したもの / 不明頭 / 体長: 不明
684,2024,11,2,12,0,0,34.1642,131.74999,周南市大字高瀬 柿の木 / 柿の木の枝が折れ、爪痕を発見したもの / 不明頭 / 体長: 不明
685,2024,11,5,8,0,0,34.17467,131.75739,周南市大字高瀬 柿の木 / 柿の木の枝が折れ、爪痕を発見したもの / 不明頭 / 体長: 不明
686,2024,11,1,8,0,0,34.23657,131.66075,山口市徳地八幡 柿の木 / 柿の木の枝が折れ、実の食害を発見したもの / 不明頭 / 体長: 不明
687,2024,11,4,9,0,0,34.18435,131.66979,山口市徳地掘 柿の木 / 柿の木の枝が折れ、爪痕を発見したもの / 不明頭 / 体長: 不明
688,2024,11,6,9,30,0,34.13866,132.10065,岩国市入野 柿の木 / 柿の木の枝が折れ、実の食害及び糞を発見したもの / 不明頭 / 体長: 不明
689,2024,11,7,9,0,0,33.99867,132.0518,光市大字塩田 柿の木 / 柿の木付近に糞及び実の食害を発見したもの / 不明頭 / 体長: 不明
690,2024,11,8,7,12,0,34.14292,131.80446,周南市大字大道理 国道上 / 車で走行中、国道を横断する熊を目撃したもの / 1頭 / 体長: 約150cm
691,2024,11,8,14,30,0,34.46515,131.60459,萩市大字高佐下 山中 / 山中に入ったところ、柿の木の登っている熊を目撃したもの / 1頭 / 体長: 約100cm
692,2024,11,8,14,5,0,34.09753,131.31223,宇部市大字小野 国道上 / バイクで走行中、国道を横断する熊を目撃したもの / 1頭 / 体長: 約50cm
693,2024,11,8,6,0,0,34.24876,132.13171,岩国市美和町岸根 山中 / 車で走行中、山中にいる熊を目撃したもの / 1頭 / 体長: 約200cm
694,2024,11,9,6,0,0,34.21949,131.80771,周南市大字鹿野中 市道上 / 車で走行中、市道を横断する熊を目撃したもの / 1頭 / 体長: 約120cm
695,2024,11,8,18,30,0,34.08534,131.88056,下松市大字下谷 市道上 / 車で走行中、市道上にいる熊を目撃したもの / 1頭 / 体長: 約80cm
696,2024,11,10,7,30,0,34.22262,131.81694,周南市大字鹿野下 一般民家 / 自宅から外を確認したところ、栗の木に登っている熊を目撃したもの / 1頭 / 体長: 約100cm
697,2024,11,8,15,0,0,34.21854,132.12767,岩国市美和町日宛 倉庫 / 倉庫を確認したところ、壁が壊され、同所に熊の爪痕跡を発見したもの / 不明頭 / 体長: 不明
698,2024,11,8,7,20,0,34.00451,132.04624,光市大字塩田 柿の木 / 柿の木に爪痕、熊棚、実の食害を発見したもの / 不明頭 / 体長: 不明
699,2024,11,8,8,55,0,34.12065,131.63571,防府市大字久兼 柿の木 / 柿の木の枝が折れ、実の食害、爪痕、糞を発見したもの / 不明頭 / 体長: 不明
700,2024,11,8,7,30,0,34.11877,131.63583,防府市大字久兼 柿の木 / 柿の木に爪痕、実の食害を発見したもの / 不明頭 / 体長: 不明
701,2024,11,11,0,0,0,34.03994,131.88431,下松市生野屋一丁目 一般家屋庭 / 庭先で物音がするため確認したところ、熊を目撃したもの / 1頭 / 体長: 約100cm
702,2024,11,10,23,30,0,34.03709,131.88434,下松市生野屋一丁目 一般家屋駐車場 / 駐車中の車両に乗車したところ、車両のそばを歩く熊を目撃したもの / 1頭 / 体長: 約100cm
703,2024,11,11,20,19,0,34.11091,131.75379,周南市大字四熊 市道上 / 車で走行中、市道に出てきた熊を目撃したもの / 1頭 / 体長: 約150cm
704,2024,10,21,11,0,0,34.0352,132.16726,岩国市由宇町 柿の木 / 柿の木に爪痕を発見したもの / 不明頭 / 体長: 不明
705,2024,11,11,10,30,0,34.02281,132.13628,柳井市伊陸 山中 / 山中のどんぐりの木の枝が折れ、付近に熊の足跡を発見したもの / 不明頭 / 体長: 不明
706,2024,11,12,23,30,0,34.13155,131.83803,周南市大字長穂 国道上 / 車で走行中、国道上にいる熊を目撃したもの / 1頭 / 体長: 約80cm
707,2024,11,12,15,0,0,34.20371,131.81099,周南市大字鹿野下 柿の木 / 柿の木の付近に糞を発見したもの / 不明頭 / 体長: 不明
708,2024,11,13,9,30,0,34.03142,131.8774,下松市生野屋南 市道上 / 散歩中、市道を横切る熊を目撃したもの / 1頭 / 体長: 約60cm
709,2024,11,13,16,50,0,34.13604,131.00071,下関市菊川町大字楢崎 雑木林 / 雑木林内にいる熊を目撃したもの / 1頭 / 体長: 約110cm
710,2024,11,13,8,10,0,34.14282,132.09699,岩国市大山 柿の木 / 柿の木に爪痕、付近に糞を発見したもの / 不明頭 / 体長: 不明
711,2024,11,13,10,0,0,34.14527,132.10575,岩国市入野 柿の木 / 柿の木に爪痕、実の食害、熊棚を発見したもの / 不明頭 / 体長: 不明
712,2024,11,14,12,30,0,34.11037,131.08468,下関市菊川町大字轡井 山中 / 山中において、熊の唸り声及び足音を聞いたもの / 不明頭 / 体長: 不明
713,2024,11,14,8,0,0,34.14171,132.09588,岩国市大山 柿の木 / 柿の木の枝が折れ、実の食害及び糞を発見したもの / 不明頭 / 体長: 不明
714,2024,11,16,17,54,0,33.99135,130.97956,下関市大字豊浦村 藪 / 徒歩にて県道を進行中、県道沿いの藪に熊を目撃したもの / 1頭 / 体長: 約100cm
715,2024,11,16,16,0,0,34.0147,132.10777,柳井市伊陸 農道上 / 車で走行中、農道を横切る熊ようの動物を目撃したもの / 1頭 / 体長: 約100cm
716,2024,11,17,18,20,0,34.2687,132.10702,岩国市美和町上駄床 市道上 / 車で走行中、市道上にいる熊を目撃したもの / 1頭 / 体長: 約100cm
717,2024,11,19,12,30,0,34.17389,132.18357,岩国市岩国 山中 / 車で走行中、山中にいる熊を目撃したもの / 1頭 / 体長: 約100cm
718,2024,11,20,14,15,0,33.95872,132.15976,柳井市大畠 市道上 / 車に乗車中、後方の市道を横切る熊ようの動物を目撃したもの / 1頭 / 体長: 約100cm
719,2024,11,21,8,0,0,34.00053,132.07552,柳井市余田 柿の木 / 柿の木に熊の爪痕、付近に糞を発見したもの / 不明頭 / 体長: 不明
720,2024,11,25,10,0,0,34.13167,131.4065,山口市小郡上郷 畑 / 畑内に熊の足跡を発見したもの / 不明頭 / 体長: 不明
721,2024,11,28,9,25,0,34.10403,131.88552,下松市大字下谷 市道上 / 車で走行中、市道上を横切る熊を目撃したもの / 1頭 / 体長: 約100cm
722,2024,11,28,11,55,0,33.99765,132.12249,柳井市柳井 柿の木 / 柿の木の枝が折れ、木の幹に爪痕を発見したもの / 不明頭 / 体長: 不明
723,2024,11,30,19,37,0,34.19103,131.71504,山口市徳地串 道路上 / 車で走行中、道路上にいる熊を目撃したもの / 1頭 / 体長: 約150cm
724,2024,11,30,14,30,0,34.02205,132.08765,柳井市伊陸 柿の木 / 柿の木の枝が折れ、柿の実の食害を発見したもの / 不明頭 / 体長: 不明
725,2024,12,3,20,19,0,34.07116,131.94772,周南市大字屋関屋 県道上 / 車で走行中、県道上にいる熊を目撃したもの / 1頭 / 体長: 約100cm
726,2024,12,4,19,30,0,34.05546,131.95677,周南市大字呼坂 農免道路上 / 車で走行中、道路を横切る熊を目撃したもの / 1頭 / 体長: 約130cm
727,2024,12,5,9,40,0,34.60581,131.70672,萩市大字下小川 市道脇 / 車で走行中、市道脇の柿の木に登る熊を目撃したもの / 3頭 / 体長: 約100cm 約40cm 約40cm
728,2024,12,6,18,5,0,34.28444,130.89354,下関市豊北町大字神田上 国道脇 / 車で走行中、国道脇の崖を駆け上がる熊ようの動物を目撃したもの / 1頭 / 体長: 約100cm
729,2024,12,7,18,50,0,34.16998,131.48756,山口市大内御堀一丁目 市道上 / 車で走行中、市道上にいる熊を目撃したもの / 1頭 / 体長: 約150cm
730,2024,12,8,16,30,0,33.96466,132.0108,熊毛郡田布施町大字川西 県道上 / 車で走行中、県道を横切る熊ようの動物を目撃したもの / 1頭 / 体長: 約50cm
731,2024,12,14,10,30,0,33.9904,132.09824,柳井市柳井 県道脇 / 車で走行中、県道脇の法面を駆け上がる熊を目撃したもの / 1頭 / 体長: 約50cm
732,2024,12,16,9,45,0,33.95486,132.09973,柳井市伊保圧 山中 / 目撃者が山の斜面にいる熊を目撃したもの / 1頭 / 体長: 約100cm
733,2024,12,17,16,50,0,34.16311,132.16671,岩国市横山 山中 / 登山中、山中で熊を目撃したもの / 1頭 / 体長: 約100cm
734,2024,12,19,10,50,0,34.09739,131.92601,周南市大字八代 県道上 / 車で走行中、県道を横切る熊を目撃したもの / 1頭 / 体長: 約100cm
735,2024,12,29,23,0,0,34.41202,131.01187,長門市油谷後畑 県道上 / 車で走行中、県道上にいる熊を目撃したもの / 1頭 / 体長: 約80cm
736,2025,1,13,7,0,0,34.04552,131.4321,山口市秋穂二島 田んぼの中 / 車で走行中、田んぼの中にいる熊ようの動物を目撃したもの / 1頭 / 体長: 約100cm
737,2025,1,19,17,30,0,34.36687,131.04046,長門市油谷河原 田畑 / 犬の散歩中、付近の木に登る熊を目撃したもの / 1頭 / 体長: 約60cm
738,2025,1,29,21,40,0,33.99036,131.94572,光市大字三井 田んぼの中 / 車で走行中、田んぼの中にいる熊を目撃したもの / 1頭 / 体長: 約100cm
739,2025,2,11,17,40,0,34.38443,131.13334,長門市日置上 道路脇 / 徒歩で進行中、道路脇にいる熊を目撃したもの / 1頭 / 体長: 約80cm
740,2025,2,11,15,5,0,34.09518,131.58572,防府市大字真尾 柿の木 / 柿の木に熊の爪痕を発見したもの / 不明頭 / 体長: 不明
741,2025,2,26,9,45,0,34.39794,131.13061,長門市日置上 市道脇 / 車で走行中、市道脇にいる熊を目撃したもの / 1頭 / 体長: 約80cm
742,2025,2,27,7,5,0,34.3987,131.41236,萩市大字椿東 空き家敷地内 / 徒歩で進行中、空き家敷地内にいる熊を目撃したもの / 1頭 / 体長: 約50cm
743,2025,2,27,17,20,0,34.40039,131.41373,萩市大字椿東 線路上 / 線路上にいる熊を目撃したもの / 1頭 / 体長: 約150cm
744,2025,3,10,18,5,0,34.03295,131.3068,宇部市大字善和 山中 / 車で走行中、市道を横断する熊ようの動物を目撃したもの / 1頭 / 体長: 約50cm
745,2025,3,27,15,30,0,34.37867,131.19925,長門市仙崎 公園付近 / 公園にいたところ、公園直近の茂みにいる熊を目撃したもの / 1頭 / 体長: 約100cm
746,2025,3,28,16,10,0,34.07439,132.06392,岩国市周東町上久原 竹林 / 空き地にいたところ、竹林にいる熊ようの動物を目撃したもの / 2頭 / 体長: 約100cm
747,2025,4,3,6,37,0,34.17307,132.16563,岩国市多田 河川敷 / 車で走行中、河川敷にいる熊ようの動物を目撃したもの / 1頭 / 体長: 約120cm
748,2025,4,4,7,40,0,34.25476,132.10572,岩国市美和町上駄床 山中 / 車で走行中、山中にいる熊を目撃したもの。 / 1頭 / 体長: 約100cm
749,2025,4,7,7,40,0,33.98805,130.97821,下関市長府浜浦西町 県道付近 / 車で走行中、付近にいる熊ようの動物を目撃したもの / 1頭 / 体長: 約80cm
750,2025,4,8,15,50,0,34.25406,132.09775,岩国市美和町生見 市道付近 / 徒歩で進行中、法面にいる熊を目撃したもの / 1頭 / 体長: 約50cm
751,2025,4,9,13,10,0,34.32161,131.0665,長門市油谷河原 国道付近 / 車で走行中、国道を横断する熊を目撃したもの / 1頭 / 体長: 約60cm
752,2025,4,9,16,35,0,34.25397,132.09771,岩国市美和町生見 市道付近 / 徒歩で進行中、法面にいる熊を目撃したもの / 1頭 / 体長: 約50cm
753,2025,4,9,19,7,0,34.3829,131.07547,長門市油谷久富 国道付近 / 電車運転中、畦道にいる熊を目撃したもの / 1頭 / 体長: 約120cm
754,2025,4,10,6,40,0,34.07127,130.91517,下関市吉見下 県道付近 / 車で走行中、県道を横断する熊を目撃したもの / 1頭 / 体長: 約100cm
755,2025,4,10,16,0,0,34.30515,131.45848,萩市大字佐々並 国道付近 / 車で走行中、国道を横断する熊を目撃したもの / 1頭 / 体長: 約100cm
756,2025,4,14,6,30,0,34.34927,130.95158,下関市豊北町大字粟野 国道付近 / 車で走行中、国道にいる熊ようの動物を目撃したもの / 1頭 / 体長: 約170cm
757,2025,4,14,6,15,0,34.37444,131.12139,長門市日置上 国道付近 / 車で走行中、国道沿い法面にいる熊を目撃したもの / 1頭 / 体長: 約80cm
758,2025,4,18,19,0,0,34.12897,130.91913,下関市豊浦町大字黒井 田んぼの中 / 徒歩で進行中、田んぼの中にいる熊ようの動物を目撃したもの / 1頭 / 体長: 約100cm
759,2025,4,22,20,0,0,34.27661,131.30199,美祢市秋芳町青景 県道付近 / 車で走行中、県道にいる熊を目撃したもの / 1頭 / 体長: 約70cm
760,2025,4,23,14,0,0,34.08516,131.87824,下松市大字下谷 田んぼの中 / 車で走行中、田んぼの中にいる熊を目撃したもの / 1頭 / 体長: 約150cm
761,2025,4,27,12,0,0,34.08606,131.71571,周南市大字夜市 法面付近 / 自転車で走行中、法面にいる熊を目撃したもの / 1頭 / 体長: 約100cm
762,2025,5,1,12,10,0,34.28295,131.30922,美祢市秋芳町青景 県道付近 / 車で走行中、県道にいる熊を目撃したもの / 1頭 / 体長: 約120cm
763,2025,5,1,19,10,0,34.10788,131.94214,周南市大字八代 国道上 / 車で走行中、国道にいる熊を目撃したもの / 1頭 / 体長: 約100cm
764,2025,5,3,14,57,0,34.06833,131.88752,下松市大字瀬戸 登山道 / 登山中に登山道の熊を目撃したもの / 1頭 / 体長: 約100cm
765,2025,5,7,10,10,0,34.09302,131.92912,周南市大字八代 藪付近 / 藪付近にいる熊を目撃したもの / 1頭 / 体長: 約100cm
766,2025,5,7,18,30,0,34.233,132.08072,岩国市美和町生見 休耕田 / 車で走行中、休耕田にいる熊を目撃したもの / 1頭 / 体長: 約100cm
767,2025,5,8,12,0,0,34.26647,132.07915,岩国市美和町北中山 山道 / 山道沿いで筍の食害を発見したもの / 不明頭 / 体長: 不明
768,2025,5,9,10,30,0,34.15254,131.82014,周南市大字大道理 国道上 / 車で走行中、国道を横断する熊を目撃したもの / 1頭 / 体長: 約100cm
769,2025,5,10,9,50,0,33.99472,132.1024,柳井市柳井 県道上 / 車で走行中、県道を横断する熊ようの動物を目撃したもの / 1頭 / 体長: 約50cm
770,2025,5,12,6,50,0,34.01906,130.98856,下関市長府松小田西町 雑木林 / 徒歩で進行中、雑木林に熊ようの動物を目撃したもの / 1頭 / 体長: 約100cm
771,2025,5,13,19,7,0,34.03991,131.92363,下松市大字切山 県道付近 / 車で走行中、県道沿いの法面にいる熊を目撃したもの / 1頭 / 体長: 約100cm
772,2025,5,13,17,25,0,34.09613,131.45888,山口市鋳銭司 県道上 / 車で走行中、県道を横断する熊を目撃したもの / 1頭 / 体長: 約100cm
773,2025,5,15,7,55,0,34.07856,131.87766,下松市大字瀬戸 県道上 / 車で走行中、県道を横断する熊を目撃したもの / 1頭 / 体長: 約120cm
774,2025,5,15,10,10,0,34.33664,131.71043,山口市徳地柚木 県道上 / 県道を横断する熊を目撃したもの / 2頭 / 体長: 約100cm
775,2025,5,18,19,0,0,34.07903,131.43548,山口市陶 市道上 / 車で走行中、市道上にいる熊ようの動物を目撃したもの / 1頭 / 体長: 約100cm
776,2025,5,18,4,7,0,34.05178,131.42467,山口市秋穂二島 山中 / 定点カメラに熊ようの動物が撮影されていたもの / 1頭 / 体長: 約100cm
777,2025,5,18,16,37,0,34.07378,131.94673,周南市大字八代 県道付近 / 車で走行中、県道脇に熊がいるのを目撃したもの / 1頭 / 体長: 約100cm
778,2025,5,21,8,55,0,34.04482,131.94565,周南市大字呼坂 市道上 / 散歩中、市道上に熊がいるのを目撃したもの / 1頭 / 体長: 約100cm
779,2025,5,22,5,10,0,34.11568,132.08036,岩国市玖珂町 畑 / 畑に生えている、さくらんぼの木にいる熊を目撃したもの / 1頭 / 体長: 約100cm
780,2025,5,22,9,30,0,34.2224,132.12445,岩国市美和町大根川 公園 / 公園にいたところ、公園内にいる熊を目撃したもの / 1頭 / 体長: 約100cm
781,2025,5,22,20,15,0,34.24079,131.99001,岩国市美川町小川 県道上 / 車で走行中、県道を横断する熊を目撃したもの / 1頭 / 体長: 約100cm
782,2025,5,23,12,17,0,34.12643,131.80788,周南市大字大道理 県道付近 / 車で走行中、県道付近にいる熊を目撃したもの / 1頭 / 体長: 約100cm
783,2025,5,25,8,5,0,34.01899,132.20728,岩国市由宇町神東 県道上 / 車で走行中、県道を横断する熊を目撃したもの / 1頭 / 体長: 約100cm
784,2025,5,25,16,30,0,34.3491,131.37804,萩市大字明木 国道付近 / 車で走行中、国道付近にいた熊を目撃したもの / 1頭 / 体長: 約50cm
785,2025,5,26,8,40,0,34.31039,131.68612,山口市徳地野谷 山中 / 山中にいる熊を目撃したもの / 1頭 / 体長: 約60cm
786,2025,5,27,9,40,0,34.10116,131.92493,周南市大字中須南 国道上 / 車で走行中、国道を横断する熊を目撃したもの / 1頭 / 体長: 約100cm
787,2025,5,27,14,0,0,34.05667,131.88146,下松市大字瀬戸 市道上 / 作業中、市道を横断する熊を目撃したもの / 1頭 / 体長: 約100cm
788,2025,5,27,19,20,0,34.28524,131.56622,山口市阿東篠目 市道上 / 市道上にいる熊を目撃したもの / 1頭 / 体長: 約100cm
789,2025,5,28,10,0,0,34.30208,131.69057,山口市徳地野谷 市道上 / 車で走行中、市道上にいる熊を目撃したもの / 1頭 / 体長: 約40cm
790,2025,5,28,15,40,0,34.49394,131.61698,萩市大字高佐上 市道上 / 車で走行中、市道上にいる熊を目撃したもの / 1頭 / 体長: 約100cm
791,2025,5,29,8,0,0,34.46395,131.59721,萩市大字高佐下 山中 / 車で走行中、山中の木に登っている熊を目撃したもの / 1頭 / 体長: 不明
792,2025,5,28,19,0,0,34.27018,130.92659,下関市豊北町大字神田上 市道上 / 歩行中、市道を横切る熊を目撃したもの / 1頭 / 体長: 約100cm
793,2025,5,31,17,50,0,34.04506,131.9672,周南市大字安田 市道上 / 歩行中、市道上にいる熊を目撃したもの / 1頭 / 体長: 約100cm
794,2025,6,1,10,0,0,34.27809,131.47224,萩市大字佐々並 国道上 / 車で走行中、国道を横断する熊を目撃したもの / 1頭 / 体長: 約150cm
795,2025,6,2,17,10,0,34.10185,131.78317,周南市大字四熊 県道上 / 車で走行中、県道にいる熊を目撃したもの / 1頭 / 体長: 約150cm
796,2025,6,2,18,0,0,34.09093,131.92181,周南市大字八代 市道付近 / 車で走行中、市道付近にいる熊を目撃したもの / 1頭 / 体長: 約100cm
797,2025,6,2,20,40,0,34.0462,131.95951,周南市大字呼坂 市道上 / 車で走行中、市道を横断する熊を目撃したもの / 1頭 / 体長: 約100cm
798,2025,6,4,17,20,0,34.368,131.04198,長門市油谷河原 国道上 / 車で走行中、国道を横断する熊を目撃したもの / 1頭 / 体長: 約100cm
799,2025,6,4,8,30,0,34.35352,132.03334,岩国市錦町宇佐郷 市道上 / 作業中、市道上にいる熊を目撃したもの / 2頭 / 体長: 約100cm
800,2025,6,5,16,30,0,34.07328,130.8987,下関市吉見里町 公園 / 公園にいたところ、公園にいる熊を目撃したもの / 1頭 / 体長: 約100cm
801,2025,6,7,15,30,0,34.52843,131.56758,阿武町大字宇生賀 山中 / 山中にいる熊を目撃したもの / 1頭 / 体長: 約50cm
802,2025,6,8,2,8,0,34.0782,131.44227,山口市鋳銭司 市道上 / 車両で走行中、市道にいる熊ようの動物を目撃したもの / 1頭 / 体長: 約50cm
803,2025,6,8,17,57,0,34.51308,131.48338,阿武町大字奈古 国道付近 / 車両で走行中、国道付近にいる熊を目撃したもの / 1頭 / 体長: 約60cm
804,2025,6,5,16,0,0,34.37008,131.40073,萩市大字椿 畑 / 畑において、熊の足跡を発見したもの / 不明頭 / 体長: 不明
805,2025,6,9,19,47,0,34.35117,131.2931,長門市三隅上 田畑 / 車両で走行中、田畑にいる熊を目撃したもの / 3頭 / 体長: 約100cm
806,2025,6,17,7,40,0,34.5879,131.70505,萩市大字下小川 市道上 / 外にいたところ、市道を横断する熊を目撃したもの / 1頭 / 体長: 約100cm
807,2025,6,17,16,10,0,34.09052,131.60525,防府市大字真尾 市道上 / 車で走行中、市道を横断する熊ようの動物を目撃したもの / 1頭 / 体長: 約100cm
808,2025,6,18,6,30,0,34.16836,131.69514,山口市徳地山畑 国道上 / 車で走行中、国道を横断する熊を目撃したもの / 1頭 / 体長: 約100cm
809,2025,6,18,7,40,0,34.55952,131.65203,萩市大字上小川西分 県道上 / 車で走行中、県道を横断する熊を目撃したもの / 1頭 / 体長: 約100cm
810,2025,6,20,4,30,0,34.1309,131.39943,山口市小郡上郷 県道上 / 車で走行中、県道を横断する熊を目撃したもの / 2頭 / 体長: 約100cm
811,2025,6,23,12,25,0,34.11524,131.7824,周南市大字川上 市道上 / ジョギング中、市道を横断する熊を目撃したもの / 1頭 / 体長: 約100cm
812,2025,6,25,10,25,0,33.99089,132.18594,柳井市神代 国道上 / 車で走行中、国道を横断する熊を目撃したもの / 1頭 / 体長: 約100cm
813,2025,6,25,18,0,0,34.01947,132.01562,光市大字束荷 山道 / 山道にて、熊の足跡を発見したもの / 不明頭 / 体長: 不明
814,2025,6,27,6,45,0,34.4585,131.53395,萩市大字紫福 県道上 / 車で走行中、県道上にいる熊を目撃したもの / 1頭 / 体長: 約80cm
815,2025,6,29,18,10,0,34.38493,131.70691,山口市阿東徳佐下 国道上 / 車で走行中、国道を横断する熊を目撃したもの / 1頭 / 体長: 約100cm
816,2025,7,1,14,25,0,34.44139,131.56542,萩市大字吉部下 県道上 / 車で走行中、県道を横断する熊を目撃したもの / 1頭 / 体長: 約80cm
817,2025,7,3,8,0,0,34.13432,131.88393,周南市大字須々万奥 県道上 / 車で走行中、県道を横断する熊を目撃したもの / 1頭 / 体長: 約60cm
818,2025,7,3,15,0,0,34.38131,131.43388,萩市大字椿 国道脇 / バスに乗車中、国道脇にいる熊を目撃したもの / 1頭 / 体長: 約120cm
819,2025,7,4,16,30,0,34.04467,132.09213,柳井市伊陸 市道上 / 車で走行中、市道上にいる熊を目撃したもの / 3頭 / 体長: 約100cm
820,2025,7,6,13,25,0,34.12759,131.85182,周南市大字長穂 市道上 / 二輪車で走行中、市道を横断する熊を目撃したもの / 1頭 / 体長: 約50cm
821,2025,7,6,8,25,0,34.2154,131.70263,山口市徳地深谷 駐車場 / 駐車場にて熊の糞を発見したもの / 不明頭 / 体長: 不明
822,2025,7,7,10,30,0,34.34764,131.62418,山口市阿東生雲東分 三谷川 / 作業中に川にいる熊を目撃したもの / 1頭 / 体長: 約150cm
823,2025,7,8,7,35,0,34.08668,131.88869,下松市大字下谷 県道上 / 徒歩で進行中、県道を横断する熊を目撃したもの / 1頭 / 体長: 約50cm
824,2025,7,8,8,40,0,34.10842,131.94596,周南市大字八代 国道上 / 車で走行中、国道を横断する熊を目撃したもの / 1頭 / 体長: 約100cm
825,2025,7,8,11,9,0,34.26934,132.09227,岩国市美和町生見 県道沿い / 車で走行中、県道沿いにいる熊を目撃したもの / 1頭 / 体長: 約50cm
826,2025,7,9,6,30,0,34.27609,132.09113,岩国市美和町北中山 県道上 / 車で走行中、県道上にいる熊を目撃したもの / 2頭 / 体長: 約100cm
827,2025,7,9,17,30,0,34.32276,131.68342,山口市徳地野谷 路肩 / 車で走行中、路肩にいる熊を目撃したもの / 1頭 / 体長: 約100cm
828,2025,7,10,11,0,0,34.63589,131.60164,萩市大字須佐 県道上 / 車内にいたところ、県道を横断する熊を目撃したもの / 1頭 / 体長: 約100cm
829,2025,7,10,6,30,0,34.09697,131.86274,下松市大字下谷 市道上 / 車で走行中、市道を横断する熊を目撃したもの / 1頭 / 体長: 約100cm
830,2025,7,11,9,0,0,33.97414,132.07216,柳井市余田 市道上 / 車で走行中、市道にいる熊ようの動物を目撃したもの / 1頭 / 体長: 約100cm
831,2025,7,12,3,0,0,34.04319,131.85961,周南市大字久米 市道上 / 車で走行中、市道を横断する熊を目撃したもの / 1頭 / 体長: 約100cm
832,2025,7,12,9,0,0,34.03415,132.10052,柳井市伊陸 県道上 / 車で走行中、県道にいる熊を目撃したもの / 1頭 / 体長: 約50cm
833,2025,7,12,8,50,0,34.25003,131.83803,周南市大字鹿野上 県道上 / 車で走行中、県道を横断する熊を目撃したもの / 1頭 / 体長: 約80cm
834,2025,7,12,15,40,0,34.26502,131.35455,美祢市美東町絵堂 市道 / 二輪車で走行中、市道を横断する熊を目撃したもの / 1頭 / 体長: 約120cm
835,2025,7,13,15,0,0,34.28278,130.97299,下関市豊北町大字田耕 田んぼ / 作業中、田に熊がいるのを目撃したもの / 1頭 / 体長: 約150cm
836,2025,7,13,17,50,0,34.61403,131.60497,萩市大字須佐 山林 / 車で走行中、山林に熊がいるのを目撃したもの / 1頭 / 体長: 約100cm
837,2025,7,14,16,40,0,34.37325,131.44687,萩市川上 民家先 / 徒歩で散策中、熊を目撃したもの / 1頭 / 体長: 約140cm
838,2025,7,14,18,3,0,34.42342,131.52683,萩市大字福井上 県道上 / 車で走行中、県道にいる熊を目撃したもの / 1頭 / 体長: 約110cm
839,2025,7,14,19,0,0,34.30235,131.13141,長門市俵山 田んぼ / 車で走行中、田に熊がいるのを目撃したもの / 1頭 / 体長: 約100cm
840,2025,7,15,11,40,0,34.04743,132.14467,岩国市周東町祖生 国道上 / 車で走行中、国道場にいる熊を目撃したもの / 1頭 / 体長: 約120cm
841,2025,7,17,8,30,0,34.43054,131.57228,萩市大字吉部下 畦道 / 畦道にいた熊を目撃したもの / 1頭 / 体長: 約100cm
842,2025,7,17,17,15,0,34.16896,131.15933,美祢市大嶺町奥分 国道上 / 車で走行中、国道を横断する熊を目撃したもの / 1頭 / 体長: 約130cm
843,2025,7,18,13,20,0,34.51393,131.4839,阿武郡阿武町大字奈古 国道上 / 車で走行中、国道にいる熊を目撃したもの / 1頭 / 体長: 約100cm
844,2025,7,17,13,15,0,34.33633,131.70962,山口市徳地柚木 県道上 / 車で走行中、国道を横断する熊を目撃したもの / 1頭 / 体長: 約150cm
845,2025,7,22,7,20,0,34.23473,131.66292,山口市徳地八坂 / 徒歩で進行中、山林に立ち去る熊を目撃したもの / 1頭 / 体長: 約40cm
846,2025,7,21,22,0,0,34.37448,131.69208,山口市阿東徳佐下 国道上 / 車で走行中、国道上にいる熊を目撃したもの / 1頭 / 体長: 約200cm
847,2025,7,25,6,0,0,34.07322,132.17362,岩国市通津 山中 / 作業中、道路上にいる熊を目撃したもの / 1頭 / 体長: 約150cm
848,2025,7,25,17,40,0,34.37263,131.44255,萩市川上 雑木林 / 車で走行中、雑木林にいる熊を目撃したもの / 1頭 / 体長: 約100cm
849,2025,7,27,11,30,0,34.5256,131.53301,阿武郡阿武町大字奈古 県道付近 / 車で走行中、県道付近にいた熊を目撃したもの / 1頭 / 体長: 約100cm
850,2025,7,28,9,40,0,34.51296,131.62218,阿武郡阿武町大字福田上 町道上 / 車で走行中、町道を横断する熊を目撃したもの / 1頭 / 体長: 約100cm
851,2025,7,4,15,35,0,34.11472,131.73173,周南市大字馬神 国道上 / 車で走行中、国道を横断する熊を目撃したもの / 1頭 / 体長: 約100cm
852,2025,7,29,8,5,0,34.46315,131.58143,萩市大字高佐下 市道上 / 車で走行中、市道上にいる熊を目撃したもの / 1頭 / 体長: 約150cm
853,2025,7,31,10,37,0,34.22229,132.07413,岩国市美和町生見 田んぼ / 発見者が田んぼにて、熊の糞を発見したもの / 不明頭 / 体長: 不明
854,2025,8,2,9,0,0,34.13476,131.82462,周南市大字大道理 国道上 / 車で走行中、国道を横断する熊を目撃したもの / 1頭 / 体長: 約100cm
855,2025,8,3,5,10,0,34.42368,131.41821,萩市大字椿東 休耕田 / 散歩中、休耕田に熊ようの動物がいるのを目撃したもの / 1頭 / 体長: 約150cm
856,2025,8,3,22,54,0,34.23979,132.12434,岩国市美和町中垣内 / 動物監視用のスマートフォンに熊が写っているのを確認したもの / 1頭 / 体長: 約120cm
857,2025,8,3,23,46,0,34.18942,132.14597,岩国市阿品 県道上 / 車で走行中、県道上にいる熊を目撃したもの / 1頭 / 体長: 約100cm
858,2025,8,3,16,0,0,34.24045,131.65294,山口市徳地船路 畑 / 発見者が畑にて、柿の木が折られ、咬み痕があるのを発見したもの / 不明頭 / 体長: 不明
859,2025,8,5,19,0,0,34.19473,131.72679,山口市徳地串 県道上 / 車で走行中、県道を横断する熊を目撃したもの / 3頭 / 体長: 約100cm
860,2025,8,6,16,10,0,34.3311,131.6156,山口市阿東地福下 / 発見者が作業中、茂みに走り去る熊を目撃したもの / 1頭 / 体長: 約30cm
861,2025,8,7,6,40,0,34.17643,131.68667,山口市徳地山畑 国道上 / 車で走行中、国道を横断する熊を目撃したもの / 1頭 / 体長: 約100cm
862,2025,8,8,12,36,0,34.66189,131.68365,萩市大字下田万 線路上 / 列車で進行中、線路上にいた熊を目撃したもの / 1頭 / 体長: 約100cm
863,2025,8,8,1,27,0,34.23915,132.13197,岩国市美和町黒沢 / センサーカメラに熊が写っているのを確認したもの / 1頭 / 体長: 約120cm
864,2025,8,11,18,0,0,34.42364,131.41798,萩市大字椿東 休耕田 / 車で走行中、休耕田にいる熊を目撃したもの / 1頭 / 体長: 約150cm
865,2025,8,13,5,30,0,34.40669,131.48732,萩市大字福井下 / 倉庫の屋根にいた熊を目撃したもの / 1頭 / 体長: 約80cm
866,2025,8,13,11,35,0,34.15343,131.64147,防府市大字奥畑 市道上 / 車で走行中、笹やぶの中にいる熊の頭部を目撃したもの / 1頭 / 体長: 不明
867,2025,8,14,20,15,0,34.00084,130.96695,下関市楠乃4丁目 / 散歩中、熊を目撃したもの / 1頭 / 体長: 約100cm
868,2025,8,15,9,25,0,34.26287,131.48116,萩市大字佐々並 県道上 / 車で走行中、県道を横断する熊を目撃したもの / 1頭 / 体長: 約100cm
869,2025,8,16,0,10,0,34.10152,131.90619,周南市大字中須南 / 養蜂の巣箱を倒している熊が防犯カメラに映っていたもの / 1頭 / 体長: 約100cm
870,2025,8,16,18,57,0,34.16024,131.70374,山口市徳地島地 国道上 / 車で走行中、山から下りてきた熊を目撃したもの / 1頭 / 体長: 約100cm
871,2025,8,17,15,48,0,34.30923,131.45285,萩市大字佐々並 国道上 / 車で走行中、国道を横断する熊を目撃したもの / 1頭 / 体長: 約100cm
872,2025,8,18,10,0,0,34.02724,130.98374,下関市大字松小田 登山道 / 登山道を下山中、熊ようの動物を目撃したもの / 1頭 / 体長: 約100cm
873,2025,8,18,13,45,0,34.34449,131.58701,山口市阿東生雲中 / 作業中に熊を目撃したもの / 1頭 / 体長: 約50cm
874,2025,8,21,8,5,0,34.06786,131.96053,周南市大字原 県道上 / 車で走行中、県道を横断する熊と衝突したもの / 1頭 / 体長: 約100cm
875,2025,8,21,14,20,0,34.24778,131.8494,周南市大字鹿野上 中国縦貫自動車道上り / 車で走行中、熊２頭と車両が衝突したもの / 3頭 / 体長: 約100cm
876,2025,8,21,23,10,0,34.00825,130.96946,下関市大字勝谷 / 山付近にいる熊を目撃したもの / 1頭 / 体長: 不明
877,2025,8,22,8,25,0,34.18126,131.67681,山口市徳地掘 国道上 / 車で走行中、国道を横断する熊を目撃したもの / 1頭 / 体長: 約100cm
878,2025,8,23,17,0,0,34.34482,131.73866,山口市徳地 国道上 / 車で走行中、国道を横断する熊を目撃したもの / 1頭 / 体長: 約100cm
879,2025,8,24,20,8,0,34.00396,130.97367,下関市勝谷新町 市道上 / 車で走行中、市道上にいる熊を目撃したもの / 1頭 / 体長: 約100cm
880,2025,8,25,7,0,0,34.32073,132.09048,岩国市美和町秋掛 / 池の水を抜いたところ、熊の糞を発見したもの / 不明頭 / 体長: 不明
881,2025,8,26,6,13,0,34.15397,131.67246,山口市徳地藤木 農免道路上 / 車で走行中、農免道路を横断する熊を目撃したもの / 1頭 / 体長: 約150cm
882,2025,8,27,13,40,0,34.12408,131.84579,周南市大字長穂 山中 / 車で走行中、国道沿いの山中にいる熊を目撃したもの / 1頭 / 体長: 約80cm
883,2025,8,28,15,30,0,34.34253,131.74343,山口市徳地柚木 国道上 / 車で走行中、国道上にいる熊を目撃したもの / 1頭 / 体長: 約80cm
884,2025,8,28,8,0,0,34.25674,131.60021,山口市仁保上郷 / 家の板壁が剥がされているのを発見したもの / 不明頭 / 体長: 不明
885,2025,8,28,9,10,0,34.32409,131.59975,山口市阿東生雲東分 / 梨の食害を発見したもの / 不明頭 / 体長: 不明
886,2025,8,29,17,0,0,34.09507,131.92831,周南市大字八代 / 車で走行中、県道を横断する熊を目撃したもの / 1頭 / 体長: 約100cm
887,2025,9,1,9,30,0,34.62053,131.6716,萩市大字上田万 県道上 / 車で走行中、県道を横断する熊を目撃したもの / 1頭 / 体長: 約100cm
888,2025,9,1,20,10,0,34.0041,130.96403,下関市一の宮東町 市道上 / 徒歩で進行中、市道を横切る熊を目撃したもの / 1頭 / 体長: 約200cm
889,2025,9,4,6,0,0,34.30264,132.04912,岩国市本郷町本郷 山中 / 山中にいる熊を目撃したもの / 1頭 / 体長: 約120cm
890,2025,9,4,18,0,0,34.08865,132.09256,岩国市玖珂町 市道上 / 車で走行中、市道上にいる熊を目撃したもの / 1頭 / 体長: 約100cm
891,2025,9,6,15,30,0,34.07004,131.79458,周南市浦山２丁目 山裾 / 徒歩で移動中、山裾で熊を目撃したもの / 1頭 / 体長: 約100cm
892,2025,9,10,7,40,0,34.07397,131.6952,周南市大字戸田 / 徒歩で進行中、市道沿いの空き地にいる熊を目撃したもの / 1頭 / 体長: 約50cm
893,2025,9,10,16,50,0,34.26106,132.10939,岩国市美和町生見 / 散歩中、路上に熊の足跡を発見したもの / 不明頭 / 体長: 不明
894,2025,9,11,13,0,0,34.26112,132.10941,岩国市美和町上駄床 県道上 / 車で走行中、県道を横断する熊を目撃したもの / 1頭 / 体長: 約40cm
895,2025,9,14,14,0,0,34.16693,131.57457,山口市仁保中郷 県道上 / 車で走行中、県道を横断する熊を目撃したもの / 1頭 / 体長: 約100cm
896,2025,9,16,10,40,0,34.23084,131.66627,山口市徳地三谷 県道上 / 車で走行中、県道を横断する熊を目撃したもの / 1頭 / 体長: 不明
897,2025,9,17,12,18,0,34.28323,131.55606,山口市阿東篠目 国道上 / 車で走行中、国道を横断する熊を目撃したもの / 1頭 / 体長: 約150cm
898,2025,9,19,17,5,0,34.04731,132.14466,岩国市周東町 国道上 / 車で走行中、国道を横断する熊を目撃したもの / 1頭 / 体長: 約100cm
899,2025,9,22,18,30,0,34.081,131.76105,周南市大神１丁目 市道上 / 徒歩で進行中、市道上にいる熊を目撃したもの / 1頭 / 体長: 約50cm
900,2025,9,26,12,20,0,34.09805,131.87747,下松市大字下谷 県道上 / 車で走行中、県道を横断する熊を目撃したもの / 1頭 / 体長: 約100cm
901,2025,9,27,16,23,0,33.99914,132.10297,柳井市柳井 県道上 / 車で走行中、県道を横断する熊を目撃したもの / 1頭 / 体長: 約100cm
902,2025,9,28,10,12,0,34.09859,131.87708,下松市大字下谷 県道上 / 車で走行中、県道上にいる熊を目撃したもの / 1頭 / 体長: 約100cm
903,2025,9,30,6,40,0,34.02864,132.21702,岩国市由宇町 / 国道方向に移動する熊を目撃したもの / 1頭 / 体長: 約100cm
904,2025,9,30,17,40,0,34.11503,131.85994,周南市大字須々万本郷 市道上 / 徒歩で進行中、熊を目撃したもの / 1頭 / 体長: 不明
905,2025,9,30,14,30,0,34.30026,131.45901,萩市大字佐々並 国道上 / 車で走行中、国道を横断する熊を目撃したもの / 1頭 / 体長: 約100cm
906,2025,10,2,17,50,0,34.15601,131.33779,美祢市美東町真名 田んぼ / 徒歩で進行中、熊を目撃したもの / 2頭 / 体長: 約100cm
907,2025,10,5,6,0,0,34.36438,131.66994,山口市阿東地福上 県道上 / 車で走行中、県道を横断する熊を目撃したもの / 1頭 / 体長: 約50cm
908,2025,10,7,9,44,0,34.13662,131.73468,周南市大字米光 国道上 / 車で走行中、国道を横断する熊を目撃したもの / 1頭 / 体長: 約100cm
909,2025,10,8,17,20,0,34.18933,131.42183,山口市吉敷 国道上 / 車で走行中、国道を横断する熊を目撃したもの / 1頭 / 体長: 約70cm
910,2025,10,10,18,0,0,34.6443,131.60281,萩市大字須佐 市道上 / 車で走行中、市道上で熊を目撃したもの / 1頭 / 体長: 約100cm
911,2025,10,9,9,40,0,34.09643,131.92699,周南市大字八代 県道上 / 車で走行中、県道を横断する熊を目撃したもの / 1頭 / 体長: 約100cm
912,2025,10,10,20,20,0,33.96087,132.15941,柳井市大畠 市道上 / 車で走行中、市道上で熊を目撃したもの / 1頭 / 体長: 約100cm
913,2025,10,10,18,0,0,34.02865,131.88507,下松市大字河内 / 自転車で走行中、山中にいる熊を目撃したもの / 1頭 / 体長: 約50cm
914,2025,10,10,17,35,0,34.38322,131.4332,萩市大字椿東 県道上 / バスに乗車中、県道を横断する熊を目撃したもの / 1頭 / 体長: 約100cm
915,2025,10,11,4,0,0,34.00862,131.8264,周南市大字大島 / 駐車場にて熊を目撃したもの / 1頭 / 体長: 約100cm
916,2025,10,9,17,0,0,34.22163,131.18069,美祢市於福町下 県道上 / 車で走行中、県道上にいる熊を目撃したもの / 1頭 / 体長: 約100cm
917,2025,10,13,8,0,0,34.17662,131.63893,山口市徳地伊賀地 市道上 / ランニング中、市道にいる熊を目撃したもの / 1頭 / 体長: 約70cm
918,2025,10,13,10,30,0,34.15682,131.31604,宇部市大字小野 県道脇 / 車で走行中、道路脇にいる熊を目撃したもの / 1頭 / 体長: 約80cm
919,2025,10,14,13,45,0,34.2035,131.69172,山口市徳地深谷 市道上 / 車で走行中、市道を横断する熊を目撃したもの / 1頭 / 体長: 約100cm
920,2025,10,14,16,45,0,34.21459,131.70473,山口市徳地深谷 市道上 / 車で走行中、市道にいる熊を目撃したもの / 1頭 / 体長: 約100cm
921,2025,10,12,9,28,0,34.22765,132.07538,岩国市美和町生見 栗林 / 栗林にて、熊の糞を発見したもの / 不明頭 / 体長: 不明
922,2025,10,15,18,15,0,34.01348,131.43861,山口市秋穂東 県道上 / 車で走行中、県道を横断する熊を目撃したもの / 1頭 / 体長: 約70cm
923,2025,10,16,9,0,0,34.19563,131.75999,山口市徳地鯖河内 県道上 / 車で走行中、県道を横断する熊を目撃したもの / 1頭 / 体長: 約100cm
924,2025,10,17,15,40,0,34.34116,131.45611,萩市川上 県道上 / ジョギング中、県道を横断する熊を目撃したもの / 1頭 / 体長: 約100cm
925,2025,10,15,18,30,0,34.24154,132.06504,岩国市美和町下畑 / 発見者が栗林にて、栗の食害を発見したもの / 不明頭 / 体長: 不明
926,2025,10,19,14,40,0,34.65124,131.59956,萩市大字須佐 県道上 / 車で走行中、県道上にいる熊を目撃したもの / 1頭 / 体長: 約100cm
927,2025,10,19,15,26,0,34.12262,132.10403,岩国市廿木 山中 / 山中にいる熊を目撃したもの / 1頭 / 体長: 約60cm
928,2025,10,18,6,50,0,34.2987,131.57046,山口市阿東篠目 / 発見者が畑にて、栗及び柿の食害、熊の足跡及び糞を発見したもの / 不明頭 / 体長: 不明
929,2025,10,20,19,0,0,34.02836,132.12422,柳井市伊陸 市道上 / 市道上にいる熊を目撃したもの / 1頭 / 体長: 約100cm
930,2025,10,20,21,10,0,34.37756,131.68714,山口市阿東徳佐下 県道沿い / 車で走行中、県道沿いにいる熊を目撃したもの / 1頭 / 体長: 約100cm
931,2025,10,22,8,45,0,34.46055,131.48662,萩市大字紫福 県道上 / 車で走行中、県道上にいる熊を目撃したもの / 1頭 / 体長: 約100cm
932,2025,10,24,20,15,0,34.03516,132.08866,柳井市伊陸 農道上 / 車で走行中、農道上にいる熊を目撃したもの / 2頭 / 体長: 約60cm
933,2025,10,25,20,0,0,34.12016,131.85169,周南市大字須々万本郷 国道上 / 車で走行中、国道沿いにいる熊を目撃したもの / 1頭 / 体長: 約100cm
934,2025,10,26,8,20,0,34.12526,131.85709,周南市大字須々万本郷 市道上 / 車で走行中、市道を横断する熊を目撃したもの / 1頭 / 体長: 約80cm
935,2025,10,26,17,0,0,34.16697,131.43015,山口市吉敷佐畑四丁目２ 公園内 / 車で走行中、公園内にいる熊を目撃したもの / 1頭 / 体長: 約100cm
936,2025,10,27,0,15,0,33.97982,132.16687,柳井市日積 県道上 / 車で走行中、県道を横断する熊を目撃したもの / 2頭 / 体長: 約100cm
937,2025,10,24,10,0,0,34.31608,132.07329,岩国市美和町秋掛 / 発見者が果樹園にて、柿の木に熊棚、柿の食害、熊の爪痕を発見したもの / 不明頭 / 体長: 不明
938,2025,10,27,6,0,0,34.22802,131.8111,周南市大字鹿野上 国道上 / 車で走行中、国道を横断する熊を目撃したもの / 2頭 / 体長: 約50cm
939,2025,10,24,19,0,0,34.17533,131.43323,山口市吉敷赤田三丁目 / 車で走行中、熊を目撃したもの / 1頭 / 体長: 約100cm
940,2025,10,28,1,45,0,34.19304,131.40699,山口市吉敷 国道上 / 車で走行中、国道沿いにいる熊を目撃したもの / 1頭 / 体長: 約100cm
941,2025,10,26,11,0,0,34.24169,132.06523,岩国市美和町下畑 / 発見者が栗林において、熊の糞を発見したもの / 不明頭 / 体長: 不明
942,2025,10,27,7,0,0,34.24419,132.08587,岩国市美和町生見 / 発見者が散歩中、路上において熊の足跡を発見したもの / 不明頭 / 体長: 不明
943,2025,10,24,11,0,0,34.26864,132.13499,岩国市美和町釜ヶ原 / 発見者が栗林において、栗の食害、折れた栗の木の枝と熊の爪痕を発見したもの / 不明頭 / 体長: 不明
944,2025,10,26,9,0,0,34.27325,132.13294,岩国市美和町釜ヶ原 / 発見者が山中において、栗の食害と熊の糞を発見したもの / 不明頭 / 体長: 不明
945,2025,10,23,6,42,0,34.63246,131.66103,萩市大字下田万 / 目撃者が自宅から外を見た際、熊を目撃したもの / 1頭 / 体長: 約100cm
946,2025,10,22,7,0,0,34.21047,132.07405,岩国市美和町西畑 / 発見者が畑にて、柿の木が折られ、柿の食害と熊の爪痕を発見したもの / 不明頭 / 体長: 不明
947,2025,10,23,16,40,0,34.16869,131.43874,山口市吉敷上東二丁目 市道上 / 車で走行中、市道を横断する熊を目撃したもの / 1頭 / 体長: 約100cm
948,2025,10,29,17,30,0,34.38634,131.13625,長門市日置上 山林 / 目撃者がランニング中、山林内にいる熊を目撃したもの / 1頭 / 体長: 約100cm
949,2025,10,30,0,47,0,34.10156,131.74033,周南市大字小畑 国道上 / 車で走行中、国道上にいる熊を目撃したもの / 1頭 / 体長: 約100cm
950,2025,10,29,16,15,0,34.0024,132.10089,柳井市柳井 / 目撃者が、山方向へ移動する熊を目撃したもの / 1頭 / 体長: 約100cm
951,2025,10,30,19,5,0,34.30223,131.13084,長門市俵山 / 目撃者が作業中、道路上にいる熊を目撃したもの / 1頭 / 体長: 約100cm
952,2025,10,29,22,30,0,34.29356,131.66983,山口市徳地野谷 国道上 / 車で走行中、国道上にいる熊を目撃したもの / 1頭 / 体長: 約100cm
953,2025,10,29,22,32,0,34.28965,131.66129,山口市徳地山口市徳地野谷 国道上 / 車で走行中、国道上にいる熊を目撃したもの / 1頭 / 体長: 約70cm
954,2025,10,31,7,20,0,34.38538,131.57197,山口市阿東蔵目喜 県道上 / 車で走行中、県道上にいる熊を目撃したもの / 1頭 / 体長: 約80cm
955,2025,10,31,8,15,0,33.98509,132.09482,柳井市柳井 雑木林 / 車で走行中、雑木林にいる熊を目撃したもの / 1頭 / 体長: 約100cm
956,2025,10,31,22,0,0,33.99891,132.10301,柳井市柳井 県道沿い / 車で走行中、県道沿いにいる熊を目撃したもの / 1頭 / 体長: 約100cm
957,2025,10,31,21,30,0,34.21151,131.58636,山口市徳地引谷 県道上 / 車で走行中、県道を横断する熊を目撃したもの / 1頭 / 体長: 約100cm
958,2025,11,1,23,3,0,34.23867,131.82623,周南市大字鹿野上 県道上 / 車で走行中、県道を横断する熊を目撃したもの / 2頭 / 体長: 約70cm
959,2025,10,31,17,0,0,34.11189,131.07099,下関市菊川町大字下保木 市道上 / 車で走行中、市道を横断する熊ようの動物を目撃したもの / 1頭 / 体長: 約70cm
960,2025,11,1,14,0,0,34.42359,131.52925,萩市大字福井上 県道上 / 車で走行中、県道上にいる熊を目撃したもの / 2頭 / 体長: 約130cm
961,2025,11,2,17,50,0,34.0373,131.2168,宇部市船木 公園 / 徒歩で通行中、公園内から山へ向かう熊を目撃したもの / 1頭 / 体長: 約100cm
962,2025,11,1,8,30,0,34.21435,131.16039,美祢市大嶺町奥分 県道上 / 車で走行中、県道にいる熊を目撃したもの / 1頭 / 体長: 不明
963,2025,11,3,15,25,0,34.39139,131.52017,萩市大字福井上 県道上 / 車で走行中、県道上にいる熊を目撃したもの / 1頭 / 体長: 約50cm
964,2025,11,4,19,0,0,33.9541,132.10331,柳井市旭ケ丘 山中 / 市道沿いの山中にいる熊ようの動物を目撃したもの / 1頭 / 体長: 約150cm
965,2025,11,6,23,0,0,34.16304,131.42809,山口市吉敷佐畑五丁目 / 目撃者が自宅から外を見た際、熊を目撃したもの / 1頭 / 体長: 約100cm
966,2025,11,3,12,0,0,34.30461,131.57627,山口市阿東篠目 / 発見者がコンクリート階段において、熊の爪痕を発見したもの / 不明頭 / 体長: 不明
967,2025,11,5,13,0,0,34.29335,131.56684,山口市阿東篠目 / 発見者が畑において、折れた柿の木と熊の爪痕、付近に熊の糞を発見したもの / 不明頭 / 体長: 不明
968,2025,11,6,17,0,0,34.31181,131.58485,山口市阿東篠目 / 発見者が裏庭において、折れた柿の木と熊の爪痕、付近に熊の糞を発見したもの / 不明頭 / 体長: 不明
969,2025,11,10,10,0,0,34.22719,132.07475,岩国市美和町生見 / 発見者が山の斜面において、柿の食害、折れた柿の木の枝、熊の爪痕及び糞を発見したもの / 不明頭 / 体長: 不明
970,2025,11,5,6,0,0,34.33222,131.70273,山口市徳地柚木 / 発見者が自宅において、勝手口に吊り下げていた干し柿の食害と熊の糞を発見したもの / 不明頭 / 体長: 不明
971,2025,11,11,7,20,0,34.11199,131.27195,宇部市大字西吉部 県道上 / 車で走行中、県道脇から山中に移動する熊ようの動物を目撃したもの / 1頭 / 体長: 約100cm
972,2025,11,8,15,30,0,34.25553,132.06674,岩国市美和町下畑 / 発見者が自宅敷地内において、柿の食害及び熊の爪痕を発見したもの。 / 不明頭 / 体長: 不明
973,2025,11,11,10,0,0,34.24509,132.06601,岩国市美和町下畑 / 発見者が自宅敷地内において、折れた柿の木の枝、柿の食害、熊の爪痕及び糞を発見したもの。 / 不明頭 / 体長: 不明
974,2025,11,11,16,30,0,34.05391,131.22776,宇部市大字船木 市道沿い / 車で走行中、市道沿いにいる熊を目撃したもの / 1頭 / 体長: 約60cm
975,2025,11,12,9,27,0,34.37366,131.68794,山口市阿東地福上 国道上 / 車で走行中、国道を横断する熊を目撃したもの / 1頭 / 体長: 約100cm
976,2025,11,12,18,50,0,34.28955,131.6628,山口市徳地野谷 国道上 / 車で走行中、国道上にいる熊を目撃したもの / 1頭 / 体長: 約100cm
977,2025,11,12,22,40,0,34.15433,131.43961,山口市維新公園三丁目 県道上 / 車で走行中、県道上にいる熊を目撃したもの / 1頭 / 体長: 約50cm
978,2025,11,13,3,10,0,34.1546,131.33812,美祢市美東町真名 市道上 / 車で走行中、市道を横断する熊を目撃したもの / 1頭 / 体長: 約80cm
979,2025,11,13,7,25,0,34.29355,131.66979,山口市徳地野谷 国道上 / 車で走行中、国道を横断する熊を目撃したもの / 1頭 / 体長: 約100cm
980,2025,11,12,6,0,0,34.21879,131.66715,山口市徳地八坂 / 発見者が自宅敷地内において、折れた柿の木の枝、柿の食害及び熊の糞を発見したもの / 不明頭 / 体長: 不明
981,2025,11,12,15,0,0,34.37698,131.67177,山口市阿東地福上 / 発見者が空き家敷地内において、折れた柿の木の枝、柿の食害、熊の爪痕及び糞を発見したもの / 不明頭 / 体長: 不明
982,2025,11,13,16,30,0,33.98374,132.16101,柳井市日積 市道沿い / 車で走行中、市道沿いから山中に移動する熊を目撃したもの / 1頭 / 体長: 約70cm
983,2025,11,13,23,40,0,34.17834,131.21562,美祢市大嶺町東分 栗林 / 目撃者が栗林内に熊ようの動物を目撃したもの / 1頭 / 体長: 約60cm
984,2025,11,13,10,0,0,34.18698,131.64701,山口市徳地掘 / 発見者が畑において、折れた柿の木の枝、柿の食害及び熊の爪痕を発見したもの / 不明頭 / 体長: 不明
985,2025,11,13,9,30,0,34.3879,131.69918,山口市阿東徳佐下 / 発見者が畑において、熊の糞を発見したもの / 不明頭 / 体長: 不明
986,2025,11,14,9,30,0,34.36377,131.15261,長門市西深川 山中 / 作業中、熊を目撃したもの / 1頭 / 体長: 約100cm
987,2025,11,14,19,40,0,34.14755,131.79746,周南市大字大道理 国道上 / 車で走行中、国道を横断する熊を目撃したもの / 1頭 / 体長: 約150cm
988,2025,11,16,3,35,0,34.06784,131.95872,周南市大字原 県道上 / 車で走行中、県道を横断する熊を目撃したもの / 2頭 / 体長: 約100cm
989,2025,11,16,16,30,0,33.88789,132.09134,熊毛郡平生町大字佐賀 県道上 / 車で走行中、県道沿いにいる熊を目撃したもの / 1頭 / 体長: 約100cm
990,2025,11,17,0,43,0,33.96072,131.26175,宇部市中村 国道上 / 国道上にいる熊ようの動物を目撃したもの / 1頭 / 体長: 約100cm
991,2025,11,14,10,30,0,34.3369,132.00825,岩国市錦町須川 / 発見者が畑において、柿の食害、折れた柿の木の枝、熊の爪痕及び糞を発見したもの / 不明頭 / 体長: 不明
992,2025,11,13,11,0,0,34.14123,131.25407,宇部市大字西吉部 / 発見者が山中において、柿の食害と熊の爪痕及び糞を発見したもの / 不明頭 / 体長: 不明
993,2025,11,15,8,0,0,34.34281,131.72479,山口市徳地柚木 / 発見者が、軽トラックの荷台に積載していた柿の食害及び、その付近において熊の糞を発見したもの / 不明頭 / 体長: 不明
994,2025,11,18,14,40,0,34.34441,131.73265,山口市徳地柚木 / 柿を収穫するため、柿の木に赴いたところ、木に登って柿の実を食べている熊を目撃したもの / 1頭 / 体長: 約100cm
995,2025,11,19,7,32,0,34.37464,131.69332,山口市阿東徳佐下 国道上 / 車で走行中、国道を横断する熊を目撃したもの / 1頭 / 体長: 約100cm
996,2025,11,19,11,0,0,34.31361,131.13046,長門市俵山 / 車で走行中、道路上にいる熊を目撃したもの / 1頭 / 体長: 約50cm
997,2025,11,19,13,30,0,34.18594,131.64684,山口市徳地掘 / 発見者が休耕田において、熊の糞及び付近の柿の木に熊の爪痕を発見したもの / 不明頭 / 体長: 不明
998,2025,11,21,9,40,0,34.11555,131.98822,岩国市周東町上須通 国道上 / 車で走行中、国道を横断する熊を目撃したもの / 1頭 / 体長: 約100cm
999,2025,11,22,14,40,0,34.09496,131.43793,山口市陶 市道上 / 車で走行中、路上にいる熊ようの動物を目撃したもの / 1頭 / 体長: 約50cm
1000,2025,11,23,10,30,0,34.36405,131.68363,山口市阿東地福上 / 発見者が柿の食害、柿の木に熊の爪痕及び糞を発見したもの / 不明頭 / 体長: 不明
1001,2025,11,25,21,30,0,34.29422,131.45623,萩市大字佐々並 国道上 / 車で走行中、国道脇にいる熊を目撃したもの / 1頭 / 体長: 約100cm
1002,2025,11,24,8,30,0,34.36448,131.68337,山口市阿東地福上 / 発見者が柿の食害、柿の木に熊の爪痕及び糞を発見したもの / 不明頭 / 体長: 不明
1003,2025,11,26,14,0,0,34.35887,131.67754,山口市阿東地福上 / 発見者が柿の食害、柿の木に熊の爪痕及び糞を発見したもの / 不明頭 / 体長: 不明
1004,2025,11,28,18,55,0,34.169,131.77656,周南市大字高瀬 道路上 / 車で走行中、道路上にいる熊を目撃したもの / 3頭 / 体長: 約80cm
1005,2025,11,30,7,25,0,34.31375,130.89444,下関市豊北町大字神田 国道上 / 車で走行中、国道を横断する熊ようの動物を目撃したもの / 1頭 / 体長: 約100cm
1006,2025,11,28,13,0,0,34.28977,132.0683,岩国美和町阿賀 / 発見者が畑において、柿の木に熊の爪痕及び糞を発見したもの。 / 不明頭 / 体長: 不明
1007,2025,12,2,22,24,0,34.11969,131.38512,山口市小郡上郷 山中 / 車で走行中、道路を横断する熊を目撃したもの / 2頭 / 体長: 約100cm
1008,2025,12,3,0,0,0,34.11318,131.39923,山口市小郡新町 市道上 / 徒歩で進行中、市道上にいる熊ようの動物を目撃したもの / 1頭 / 体長: 約70cm
1009,2025,12,2,14,0,0,34.23626,132.08058,岩国市美和町生見 林 / 発見者が林において、柿の食害及び柿の木に熊の爪痕を発見したもの / 不明頭 / 体長: 不明
1010,2025,12,5,17,0,0,34.0257,131.88771,下松市大字河内 / 目撃者が敷地内にて熊ようの動物を目撃したもの / 1頭 / 体長: 約50cm
1011,2025,12,6,19,30,0,34.19355,131.72176,山口市徳地串 高速道路上 / 車で走行中、高速道路を横断する熊を目撃したもの / 1頭 / 体長: 約100cm
1012,2025,12,7,17,40,0,34.16884,131.47895,山口市宮島町 川沿い / ランニング中、川沿いにいる熊ようの動物を目撃したもの / 1頭 / 体長: 約100cm
1013,2025,12,7,16,0,0,34.09641,131.92701,周南市大字八代 県道上 / 車で走行中、県道を横断する熊を目撃したもの / 1頭 / 体長: 約100cm
1014,2025,12,8,12,45,0,34.24675,132.08499,岩国市美和町生見 果樹園 / 発見者が果樹園にて、柿の食害、柿の木に熊の爪痕及び糞を発見したもの / 不明頭 / 体長: 不明
1015,2025,12,9,7,0,0,34.42204,132.05619,岩国市錦町宇佐 国道上 / 車で走行中、国道上にいる熊を目撃したもの / 1頭 / 体長: 約100cm
1016,2025,12,9,14,50,0,34.04541,131.19178,宇部市大字船木 山中 / 作業中、熊ようの動物を目撃したもの / 2頭 / 体長: 約120cm
1017,2025,12,9,17,0,0,34.03684,131.95394,周南市大字中村 / 公園付近の藪で熊ようの動物を目撃したもの / 1頭 / 体長: 約50cm
1018,2025,12,10,8,0,0,34.2334,132.10272,岩国市美和町渋前 / 発見者が畑において、柿の食害、熊の爪痕及び糞を発見したもの / 不明頭 / 体長: 不明
1019,2025,12,13,8,2,0,33.98149,131.98521,光市大字岩田 / 車で走行中、田んぼに熊ようの動物を目撃したもの / 1頭 / 体長: 約150cm
1020,2025,12,13,12,52,0,33.99767,130.97557,下関市長府逢坂町 市道上 / 車で走行中、熊ようの動物を目撃したもの / 1頭 / 体長: 約100cm
1021,2025,12,14,8,35,0,33.98764,131.18302,山陽小野田市大字小野田 市道付近 / 市道付近において、熊ようの動物を目撃したもの / 1頭 / 体長: 約100cm
1022,2025,12,14,13,58,0,34.34503,131.45741,萩市川上 / 自宅付近において、熊ようの動物を目撃したもの / 1頭 / 体長: 不明
1023,2025,12,15,7,10,0,34.17327,132.06476,岩国市天尾 / 発見者が自治会館敷地内において、柿の食害、熊の爪痕及び糞を発見したもの / 不明頭 / 体長: 不明
1024,2025,12,17,7,15,0,34.36409,131.68355,山口市阿東地福上 / 柿の木に登っている熊を目撃したもの / 1頭 / 体長: 約80cm
1025,2025,12,17,16,30,0,34.30283,131.13119,長門市俵山 県道上 / 車で進行中、県道を横断する熊を目撃したもの / 1頭 / 体長: 約50cm
1026,2025,12,18,14,5,0,34.25185,131.31741,美祢市美東町長登 / 散策中、展望台付近において、熊ようの動物を目撃したもの / 1頭 / 体長: 約150cm
1027,2025,12,1,,,,34.2018,131.43666,山口市中尾 / 発見者が畑において、柿の食害、柿の木に熊の爪痕を発見したもの / 不明頭 / 体長: 不明
1028,2025,12,12,,,,34.20105,131.43558,山口市中尾 / 発見者が畑において、柿の食害、柿の木に熊の爪痕を発見したもの / 不明頭 / 体長: 不明
1029,2025,12,12,,,,34.197,131.43248,山口市中尾 / 発見者が蜜蜂の巣箱が壊されているのを発見したもの / 不明頭 / 体長: 不明
1030,2025,12,23,17,2,0,34.1057,130.86878,下関市大字吉母 市道上 / 市道上において、熊ようの動物を目撃したもの / 1頭 / 体長: 約60cm
1031,2025,12,24,17,0,0,34.08396,131.87818,下松市大字下谷 市道上 / 市道上において、熊を目撃したもの / 1頭 / 体長: 約50cm
1032,2025,12,23,6,50,0,34.12671,130.94056,下関市豊浦町大字吉永 県道上 / 車で走行中、県道を横断する熊ようの動物を目撃したもの / 1頭 / 体長: 約100cm
1033,2025,12,21,12,0,0,34.37939,131.45145,萩市川上 / 発見者が荒地において、柿の食害、柿の木に熊の爪痕及び糞を発見したもの / 不明頭 / 体長: 不明
1034,2025,12,26,16,35,0,34.63561,131.67509,萩市大字下田万 法面 / 車で走行中、法面にいる熊を目撃したもの / 1頭 / 体長: 約100cm
1035,2025,12,27,15,35,0,33.9976,130.97521,下関市長府逢坂町 市道上 / 車で走行中、市道を横断する熊ようの動物を目撃したもの / 1頭 / 体長: 約100cm
1036,2025,12,30,10,10,0,34.43629,131.44126,萩市大字椿東 県道上 / 車で走行中、路上にいる熊を目撃したもの / 1頭 / 体長: 約100cm
1037,2025,12,27,20,30,0,34.36414,131.6839,山口市阿東地福上 / 自動撮影カメラに熊が撮影されていたもの / 1頭 / 体長: 約140cm
1038,2026,1,4,13,35,0,34.13217,131.88051,周南市大字須々万奥 国道上 / 車で走行中、国道を横断する熊を目撃したもの / 1頭 / 体長: 約70cm
1039,2026,1,4,10,0,0,34.36412,131.68321,山口市阿東地福上 / 自宅倉庫にて、屋根の上に積もっていた雪の上に熊の足跡を発見したもの / 不明頭 / 体長: 不明
1040,2026,1,9,11,0,0,34.01981,132.08593,柳井市伊陸 県道上 / 車で走行中、県道にいる熊を目撃したもの / 3頭 / 体長: 約100cm
1041,2026,1,18,20,4,0,34.10469,131.71256,周南市大字夜市 県道上 / 車で走行中、県道を横断する熊を目撃したもの / 1頭 / 体長: 約100cm
1042,2026,1,25,20,30,0,34.37566,131.61561,山口市阿東生雲西分 空き地 / 車で走行中、県道沿いにいる熊を目撃したもの / 2頭 / 体長: 不明
1043,2026,2,22,11,34,0,34.09119,131.84551,周南市大字徳山 国道付近 / 車で走行中、国道付近にいる熊を目撃したもの / 1頭 / 体長: 約50cm
1044,2026,2,25,17,10,0,34.24634,131.65273,山口市徳地船路 市道上 / 目撃者が散歩中、市道上にいる熊ようの動物を目撃したもの / 1頭 / 体長: 約100cm
1045,2026,3,30,2,48,0,34.3099,131.58469,山口市阿東篠目 国道上 / 車で走行中、国道上にいる熊を目撃したもの / 2頭 / 体長: 約100cm
1046,2026,4,3,2,41,0,34.45742,131.67595,山口市阿東嘉年下 国道上 / 車で走行中、国道上にいる熊を目撃したもの / 1頭 / 体長: 約100cm
1047,2026,4,3,8,0,0,34.21108,131.99775,岩国市美川町南桑 河川敷 / 両で走行中、錦川河川敷にいる熊ようの動物を目撃したもの / 1頭 / 体長: 約100cm
1048,2026,4,6,8,10,0,34.28576,132.09922,岩国市美和町北中山 休耕田 / 散歩中、休耕田にいる熊を目撃したもの / 1頭 / 体長: 約60㎝
1049,2026,4,4,7,15,0,34.2892,131.46963,萩市大字佐々並 県道上 / ジョギング中、県道上にいる熊を目撃したもの / 1頭 / 体長: 約120㎝
1050,2026,4,6,3,40,0,34.26938,132.0849,岩国市美和町北中山 市道上 / 車で走行中、市道上にいる熊を目撃したもの / 1頭 / 体長: 不明
1051,2026,4,7,10,10,0,34.11097,132.0304,岩国市周東町川上 県道上 / 車で走行中、県道上にいる熊を目撃したもの / 1頭 / 体長: 約100cm
1052,2026,4,7,14,25,0,34.09393,131.92932,周南市大字八代 雑木林 / 車で走行中、雑木林にいる熊を目撃したもの / 1頭 / 体長: 約100cm
1053,2026,4,12,18,55,0,34.14873,132.1637,岩国市御庄 県道上 / 車で走行中、県道上にいる熊ようの動物を目撃したもの / 1頭 / 体長: 不明
1054,2026,4,18,14,30,0,34.07586,131.76713,周南市大字富田 永源山公園山中 / 遊歩道を下山中、寝そべっている熊を目撃したもの / 1頭 / 体長: 約50㎝
1055,2026,4,18,21,30,0,34.35607,131.28291,長門市三隅上 国道上 / 車で走行中、国道上にいる熊を目撃したもの / 1頭 / 体長: 約70㎝
1056,2026,4,20,7,30,0,34.38938,131.33883,萩市三見 新石丸橋付近 / 車で走行中、新石丸橋付近にいる熊を目撃したもの / 1頭 / 体長: 不明
1057,2026,4,21,17,20,0,34.3906,131.46443,萩市川上 市道上 / 車で走行中、市道上にいる熊を目撃したもの / 1頭 / 体長: 約100cm
1058,2026,4,21,19,30,0,34.3868,131.34067,萩市三見 市道沿いの法面 / 車で走行中、市道上の法面にいる熊を目撃したもの / 1頭 / 体長: 約100cm
1059,2026,4,24,15,20,0,34.61926,131.61116,萩市大字須佐 市道上 / 徒歩で帰宅中、市道上にいる熊ようの動物を目撃したもの / 1頭 / 体長: 約50cm
1060,2026,4,26,6,22,0,34.43622,131.44116,萩市大字椿東 会社敷地内 / 車で走行中、会社敷地内にいる熊を目撃したもの / 1頭 / 体長: 約150㎝
1061,2026,4,26,22,15,0,34.06383,131.43746,山口市鋳銭司 県道沿いの法面 / 車で走行中、県道沿いの法面にいる熊を目撃したもの / 1頭 / 体長: 約150㎝
1062,2026,4,27,9,0,0,34.28927,132.06733,岩国市美和町阿賀 / 休耕田にて、タケノコの食害を発見したもの / 不明頭 / 体長: 不明
1063,2026,4,27,20,32,0,34.05521,131.53736,防府市大字大崎 市道上 / 車で走行中、市道上にいる熊ようの動物を目撃したもの / 1頭 / 体長: 約100cm
1064,2026,4,28,5,45,0,34.11606,131.90623,周南市大字中須南 国道上 / 車で走行中、国道上にいる熊を目撃したもの / 1頭 / 体長: 約150㎝
1065,2026,4,28,21,30,0,34.00344,131.82763,周南市大字大島 市道上 / 自転車で走行中、市道上にいる熊を目撃したもの / 1頭 / 体長: 約120㎝
1066,2026,4,29,16,10,0,34.26985,132.04051,岩国市本郷町 県道上 / 車で走行中、県道上にいる熊を目撃したもの / 1頭 / 体長: 約100cm
1067,2026,5,2,13,44,0,34.54533,131.64578,萩市大字弥富下 市道上 / 自宅前市道上において、熊を目撃したもの / 1頭 / 体長: 約100cm
1068,2026,5,2,17,50,0,34.28566,131.55842,山口市阿東篠目 国道上 / 車で走行中、国道上にいる熊を目撃したもの / 1頭 / 体長: 約100cm
1069,2026,5,5,19,0,0,34.38833,131.32481,萩市三見 国道上 / 車で走行中、国道上にいる熊を目撃したもの / 2頭 / 体長: 約80㎝
1070,2026,5,6,2,56,0,34.10561,131.03622,下関市菊川町 国道上沿いの歩道 / 車で走行中、国道沿いの歩道上にいる熊を目撃したもの / 1頭 / 体長: 約100cm
1071,2026,5,1,10,23,0,34.18422,132.21139,玖珂郡和木町 山中 / 山中において、タケノコの食害を発見したもの / 不明頭 / 体長: 不明
1072,2026,5,1,12,30,0,34.25874,132.09588,岩国市美和町 山中 / 山中において、タケノコの食害を発見したもの / 不明頭 / 体長: 不明
1073,2026,5,8,8,0,0,34.38453,131.35462,萩市三見 事業所敷地内 / 目撃者が事業所敷地内において熊を目撃したもの / 1頭 / 体長: 約100cm
1074,2026,5,10,13,42,0,33.99745,132.10441,柳井市柳井 県道上 / 車で走行中、県道上にいる熊を目撃したもの / 2頭 / 体長: 約100cm
1075,2026,5,11,18,0,0,34.13812,131.75814,周南市大字米光 畑 / 畑において熊の足跡を発見したもの / 不明頭 / 体長: 不明
1076,2026,5,12,12,1,0,34.06678,131.82976,周南市大字徳山 国道上 / 車で走行中、国道上にいる熊ようの動物を目撃したもの / 1頭 / 体長: 約50cm
1077,2026,5,12,19,48,0,34.11266,131.85602,周南市大字須々万本郷 道路上 / 車で走行中、道路上にいる熊を目撃したもの / 1頭 / 体長: 約80㎝
1078,2026,5,13,18,0,0,33.97909,132.06872,柳井市余田 農道法面 / 車で走行中、農道法面にいる熊を目撃したもの / 1頭 / 体長: 約100cm
1079,2026,5,13,18,50,0,34.27983,131.55403,山口市阿東篠目 国道上 / 車で走行中、国道上にいる熊を目撃したもの / 1頭 / 体長: 約100cm
1080,2026,5,14,6,14,0,34.19885,131.36091,美祢市美東町綾木 国道上 / 車で走行中、国道上にいる熊を目撃したもの / 1頭 / 体長: 約100cm
1081,2026,5,14,7,50,0,34.35821,131.59038,山口市阿東生雲中 県道上 / 車で走行中、県道上にいる熊を目撃したもの / 1頭 / 体長: 約100cm
1082,2026,5,14,19,3,0,34.11969,131.73483,周南市大字米光 道路上 / 車で走行中、道路上にいる熊を目撃したもの / 1頭 / 体長: 約60㎝
1083,2026,5,15,6,18,0,34.35951,131.41617,萩市大字明木 県道上 / 車で走行中、県道上にいる熊を目撃したもの / 1頭 / 体長: 約100cm
1084,2026,5,15,8,0,0,34.44089,131.55106,萩市大字吉部下 県道上 / 車で走行中、県道上にいる熊を目撃したもの / 1頭 / 体長: 約150㎝
1085,2026,5,15,23,0,0,34.43415,131.57173,萩市大字吉部下 集合住宅敷地内 / 徒歩で帰宅中、集合住宅にいる熊を目撃したもの / 1頭 / 体長: 約100cm
1086,2026,5,16,11,10,0,34.01382,132.16055,柳井市日積 敷地内 / 目撃者が敷地内において熊ようの動物を目撃したもの / 1頭 / 体長: 約50cm
1087,2026,5,16,8,0,0,34.28914,132.03593,岩国市本郷町 道路上 / 車で走行中、道路上を横断する熊を目撃したもの / 1頭 / 体長: 約100cm
1088,2026,5,16,20,20,0,33.97872,132.06917,柳井市余田 市道沿いの竹藪 / 車で走行中、市道沿いの竹藪にいる熊を目撃したもの / 1頭 / 体長: 約50cm
1089,2026,5,17,5,34,0,34.0223,132.12984,柳井市伊陸 民家敷地内 / 敷地内設置の防犯カメラに熊が映っていたもの / 3頭 / 体長: 約100cm
1090,2026,5,17,16,47,0,34.2591,131.36651,美祢市美東町絵堂 県道上 / 車で走行中、県道上を横断する熊ようの動物を目撃したもの / 1頭 / 体長: 約70㎝
1091,2026,5,17,17,30,0,34.19477,131.40882,山口市吉敷 市道上 / 車で走行中、市道上を横断する熊を目撃したもの / 1頭 / 体長: 約100cm
1092,2026,5,18,9,55,0,34.38619,131.35516,萩市三見 市道上 / 車で走行中、市道上にいる熊ようの動物を目撃したもの / 1頭 / 体長: 不明
1093,2026,5,18,14,0,0,34.03147,131.88448,下松市生野屋 恋路トンネル先 / 車で走行中、恋路トンネル先にいる熊を目撃したもの / 1頭 / 体長: 約50cm
1094,2026,5,19,7,40,0,34.38596,131.35636,萩市三見 国道上 / 車で走行中、国道上を横断する熊を目撃したもの / 1頭 / 体長: 約100cm
1095,2026,5,20,4,52,0,33.97995,132.0704,柳井市余田 農道上 / 車で走行中、農道上を横断する熊を目撃したもの / 1頭 / 体長: 約100cm
1096,2026,5,20,6,23,0,33.97278,132.06728,柳井市余田 田んぼ / 散歩中、田んぼ内にいる熊を目撃したもの / 1頭 / 体長: 約100cm
1097,2026,5,20,7,0,0,34.17675,131.33018,美祢市美東町綾木 県道上 / 車で走行中、県道上にいる熊ようの動物を目撃したもの / 1頭 / 体長: 約80㎝
1098,2026,5,20,8,15,0,34.15288,131.31451,宇部市大字小野 国道上 / 車で走行中、国道上を横断する熊を目撃したもの / 1頭 / 体長: 約100cm
1099,2026,5,20,11,26,0,33.97347,132.07146,柳井市余田 田んぼ内 / 車で走行中、田んぼ内にいる熊を目撃したもの / 1頭 / 体長: 約100cm
1100,2026,5,20,13,10,0,32.04421,131.96976,周南市大字安田 山林 / 畑で作業中、山林から降りてくる熊を目撃したもの / 1頭 / 体長: 約100cm
1101,2026,5,20,14,30,0,34.2677,132.07966,岩国市美和町北中山 山中 / 山中において、タケノコの食害を発見したもの / 1頭 / 体長: 不明
1102,2026,5,22,18,30,0,34.10512,132.16821,岩国市六呂師 市道沿いの山中 / 車で走行中、市道沿いの山中にいる熊を目撃したもの / 1頭 / 体長: 約100cm
1103,2026,5,22,13,50,0,34.37308,131.68703,山口市阿東地福上 国道上 / 車で走行中、側溝を移動する熊を目撃したもの / 1頭 / 体長: 約100cm
1104,2026,5,23,15,25,0,33.96582,132.0115,熊毛郡田布施町 県道脇の竹藪 / 徒歩で進行中、熊ようの動物を目撃したもの / 1頭 / 体長: 約100cm
1105,2026,5,23,18,0,0,34.28983,131.66318,山口市徳地野谷 国道上 / 車で走行中、岩を登ろうとする熊を目撃したもの / 1頭 / 体長: 約100cm
1106,2026,5,24,7,0,0,34.53491,131.50922,阿武郡阿武町 町道上 / 車で走行中、熊を目撃したもの / 1頭 / 体長: 約100cm
1107,2026,5,24,9,10,0,34.0437,131.23438,宇部市大字船木 国道上 / 車で走行中、国道に出ようとする熊を目撃したもの / 1頭 / 体長: 約100cm
1108,2026,5,21,11,30,0,34.25281,132.10051,岩国市美和町生見 山中 / 山中において、熊の足跡及び爪痕を発見したもの / 1頭 / 体長: 不明
1109,2026,5,25,6,4,0,34.10816,131.00814,下関市菊川町 農道上 / 車で走行中、農道を東から西に横切る熊を目撃したもの / 1頭 / 体長: 約100㎝
1110,2026,5,26,8,40,0,34.10888,131.92072,周南市大字中須南 国道上 / 車で走行中、国道上において熊を目撃したもの / 1頭 / 体長: 約100㎝
1111,2026,5,26,10,0,0,34.40194,131.43109,萩市大字椿東 登山道 / 下山中、熊を目撃したもの / 1頭 / 体長: 約100㎝
1112,2026,5,26,16,30,0,34.38237,131.43563,萩市大字椿東 県道上 / 車で走行中、県道を横断する熊を目撃したもの / 1頭 / 体長: 約100cm
1113,2026,5,26,18,0,0,34.02817,132.04047,岩国市周東町中山 市道上 / 車で走行中、市道上を横断する熊を目撃したもの / 1頭 / 体長: 約100cm
1114,2026,5,26,18,50,0,34.06345,131.86797,下松市大字下谷 県道上 / 車で走行中、県道上を横断する熊ようの動物を目撃したもの / 1頭 / 体長: 約150㎝
1115,2026,5,27,7,30,0,34.37338,131.43831,萩市川上 国道上 / 車で走行中、国道上にいる熊を目撃したもの / 1頭 / 体長: 約70㎝
1116,2026,5,28,7,20,0,34.28631,131.50048,萩市大字佐々並 市道上 / 車で走行中、市道上を横断する熊を目撃したもの / 1頭 / 体長: 約70㎝
1117,2026,5,29,19,0,0,34.31339,131.45151,萩市大字佐々並 市道上 / 車で走行中、市道上を横断する熊を目撃したもの / 1頭 / 体長: 約70㎝
1118,2026,5,29,14,45,0,34.07107,131.6261,防府市大字牟礼 道路上 / 車で走行中、道路上にいる熊を目撃したもの / 1頭 / 体長: 約100cm
1119,2026,5,30,16,58,0,34.05691,131.32095,宇部市大字山中 国道上 / 車で走行中、国道上にいる熊を目撃したもの / 1頭 / 体長: 約100cm
1120,2026,5,30,18,21,0,34.05649,131.33662,山口市江崎 国道上 / 目撃者が山中に立ち去る熊を目撃したもの / 1頭 / 体長: 約100cm
1121,2026,5,30,19,33,0,34.16626,131.82381,周南市大字大向 国道上 / 車で走行中、国道上にいる熊を目撃したもの / 1頭 / 体長: 約150㎝
1122,2026,6,1,18,51,0,34.59032,131.55593,阿武郡阿武町大字惣郷 山中 / 列車を運行中、山中を移動する熊を目撃したもの / 1頭 / 体長: 約100cm
1123,2026,6,1,13,55,0,34.49319,131.60385,萩市大字高佐上 陸上自衛隊むつみ演習場内 / 目撃者が作業中、熊を目撃したもの / 1頭 / 体長: 約70㎝
1124,2026,6,1,18,20,0,34.57659,131.70868,萩市大字下小川 市道上 / 車で走行中、市道上を横断する熊を目撃したもの / 1頭 / 体長: 約70㎝
1125,2026,6,3,7,15,0,34.30072,131.68771,山口市徳地野谷 市道上 / 自転車で進行中、市道上にいる熊を目撃したもの / 1頭 / 体長: 約60㎝
1126,2026,6,3,10,5,0,34.28347,131.5481,山口市阿東篠目 県道上 / 車で走行中、県道上を横断する熊を目撃したもの / 1頭 / 体長: 約100cm
1127,2026,6,4,8,6,0,34.60952,131.68593,萩市大字下小川 県道上 / 車で走行中、県道上を横断する熊を目撃したもの / 1頭 / 体長: 約100cm
1128,2026,6,4,13,5,0,34.02477,131.89876,下松市大字河内 県道上 / 車で走行中、県道上を横断する熊を目撃したもの / 1頭 / 体長: 約120㎝
1129,2026,6,4,18,0,0,34.10079,131.92709,周南市大字中須南 国道上 / 車で走行中、国道上を横断する熊を目撃したもの / 1頭 / 体長: 約100cm
1130,2026,6,4,17,2,0,34.38148,131.43285,萩市大字椿 国道上 / 車で走行中、国道上を横断する熊を目撃したもの / 1頭 / 体長: 約100cm
1131,2026,6,6,13,20,0,34.07784,131.13234,山陽小野田市大字山野井 県道上 / 車で走行中、県道上を横断する熊ようの動物を目撃したもの / 1頭 / 体長: 約100cm
1132,2026,6,7,18,30,0,34.08053,131.89568,下松市大字温見 県道上 / 車で走行中、県道上を横断する熊を目撃したもの / 1頭 / 体長: 約100cm
1133,2026,6,8,8,36,0,34.03911,131.10462,山陽小野田市大字埴生 市道上 / 車で走行中、市道上を横断する熊を目撃したもの / 1頭 / 体長: 約60㎝
1134,2026,6,9,20,0,0,34.4963,131.50425,阿武郡阿武町大字奈古 県道上 / 車で走行中、県道上にいる熊を目撃したもの / 1頭 / 体長: 約100cm
1135,2026,6,9,15,0,0,34.05359,131.4386,山口市秋穂二島 田んぼ / 田んぼにおいて、熊の足跡を発見したもの / 1頭 / 体長: 不明
1136,2026,6,10,17,20,0,34.5311,131.60092,阿武郡阿武町大字福田上 国道上 / 車で走行中、国道上を横断する熊を目撃したもの / 1頭 / 体長: 不明
1137,2026,6,10,17,32,0,34.3709,131.68511,山口市阿東町地福 国道上 / 車で走行中、国道上を横断する熊を目撃したもの / 1頭 / 体長: 約100cm
1138,2026,6,11,15,20,0,34.095,131.92852,周南市大字八代 県道上 / 車で走行中、県道上を横断する熊を目撃したもの / 1頭 / 体長: 約100cm
1139,2026,6,11,13,0,0,34.372,131.686,山口市阿東地福上 国道上 / 車で走行中、国道上を横断する熊を目撃したもの / 1頭 / 体長: 約80㎝
1140,2026,6,11,13,30,0,34.37378,131.68497,山口市阿東地福上 国道上 / 目撃者が県道を横断する熊を目撃したもの / 1頭 / 体長: 約80㎝
1141,2026,6,11,9,45,0,34.47933,131.60679,萩市大字高佐上 陸上自衛隊むつみ演習場内 / 陸上自衛隊むつみ演習場内において熊の糞を発見したもの / 1頭 / 体長: 不明
1142,2026,6,13,6,30,0,34.09025,131.3607,山口市嘉川 市道上 / 目撃者が市道上にいる熊ようの動物を目撃したもの / 1頭 / 体長: 約100cm
1143,2026,6,14,21,15,0,34.19714,132.21262,玖珂郡和木町 草むら / 目撃者が草むらにおいて熊を目撃したもの / 1頭 / 体長: 約100cm
1144,2026,6,14,5,20,0,34.24241,132.08091,岩国市美和町 田んぼ / 車で走行中、田んぼにおいて熊を目撃したもの / 1頭 / 体長: 不明
1145,2026,6,12,8,0,0,34.47427,131.65299,山口市阿東嘉年上 国道上 / 車で走行中、国道上を横断する熊を目撃したもの / 1頭 / 体長: 約150㎝
1146,2026,6,12,19,30,0,34.10857,131.097,下関市大字吉田 民家敷地内 / 目撃者が敷地内において熊ようの動物を目撃したもの / 1頭 / 体長: 約100cm
1147,2026,6,13,11,10,0,34.10646,131.93965,周南市大字八代 国道上 / 車両で走行中、国道上にいる熊を目撃したもの / 1頭 / 体長: 約120㎝
1148,2026,6,15,6,10,0,34.47878,131.6019,萩市大字高佐下 県道上 / 車両で走行中、県道上にいる熊を目撃したもの / 2頭 / 体長: 約100cm
1149,2026,6,14,18,0,0,34.05117,131.13582,山陽小野田市大字山野井 市道上 / 目撃者が市道上を横断する熊を目撃したもの / 1頭 / 体長: 約100㎝
1150,2026,6,14,19,33,0,34.36703,131.4376,萩市川上 国道上 / 車両で走行中、国道上を横断する熊を目撃したもの / 1頭 / 体長: 約100cm
1151,2026,6,15,16,50,0,34.45933,131.57867,萩市大字吉部上 田んぼ / 車で走行中、田んぼ内にいる熊を目撃したもの / 1頭 / 体長: 約100cm
1152,2026,6,15,21,0,0,34.04621,131.9594,周南市大字呼坂 市道上 / 車で走行中、市道上にいる熊を目撃したもの / 1頭 / 体長: 約100cm
1153,2026,6,17,19,10,0,34.25011,131.7163,山口市徳地三谷 山中 / 山中において、熊ようの動物を目撃したもの / 1頭 / 体長: 約40㎝
1154,2026,6,17,10,0,0,34.09152,131.92157,周南市大字八代 田んぼ / 田んぼにおいて、熊の足跡を発見したもの / 不明頭 / 体長: 不明
1155,2026,6,17,11,0,0,34.07533,131.11542,山陽小野田市大字福田 県道上 / 県道上において、熊の足跡を発見したもの / 不明頭 / 体長: 不明
1156,2026,6,17,19,30,0,34.2965,131.67601,山口市徳地野谷 国道上 / 車で走行中、国道上にいる熊を目撃したもの / 1頭 / 体長: 約50cm
1157,2026,6,18,,,,34.43133,131.76554,山口市阿東徳佐上 国道上 / 車で走行中、国道上を横断する熊を目撃したもの / 1頭 / 体長: 約100cm
1158,2026,6,18,20,31,0,34.15222,131.96122,下関市菊川町大字久野 県道上 / 車で走行中、県道上を横断する熊を目撃したもの / 1頭 / 体長: 約100cm
1159,2026,6,19,9,46,0,34.09154,131.0791,下関市大字吉田 県道上 / 車で走行中、県道上を横断する熊を目撃したもの / 1頭 / 体長: 約100cm
1160,2026,6,19,14,44,0,34.09908,131.07568,下関市大字吉田 県道上 / 車で走行中、県道上にいる熊を目撃したもの / 1頭 / 体長: 約100cm
1161,2026,6,20,15,0,0,34.05959,131.14386,山陽小野田市大字山野井 県道上 / 車で走行中、県道上を横断する熊を目撃したもの / 1頭 / 体長: 約50cm
1162,2026,6,21,7,0,0,34.37237,131.68626,山口市阿東地福 国道上 / 車で走行中、国道上を横断する熊を目撃したもの / 1頭 / 体長: 約150㎝
1163,2026,6,21,8,0,0,34.01462,132.0758,柳井市柳井 県道上 / 車で走行中、県道上にいる熊を目撃したもの / 1頭 / 体長: 約100cm
1164,2026,6,22,13,0,0,34.38067,132.01773,岩国市錦町宇佐郷 県道上 / 車で走行中、県道上を横断する熊を目撃したもの / 1頭 / 体長: 約50cm
1165,2026,6,22,7,5,0,34.38453,131.57402,山口市阿東蔵目喜 山中 / 目撃者が山中を歩く熊ようの動物を目撃したもの / 不明頭 / 体長: 不明
1166,2026,6,24,5,30,0,34.3583,131.42237,萩市川上 国道上 / 車で走行中、国道上を横断する熊を目撃したもの / 1頭 / 体長: 約100cm
1167,2026,6,24,13,3,0,34.56287,131.66292,萩市大字上小川西分 県道上 / 目撃者が県道上を横断する熊を目撃したもの / 1頭 / 体長: 約100cm
1168,2026,6,24,17,30,0,33.99776,131.27913,宇部市大字川上 国道上 / 車で走行中、国道上を横断する熊を目撃したもの / 1頭 / 体長: 約100cm
1169,2026,6,25,15,10,0,34.1815,131.67643,山口市徳地掘 国道上 / 車で走行中、国道上にいる熊を目撃したもの / 1頭 / 体長: 約150cm
1170,2026,6,27,16,40,0,34.11128,132.10157,岩国市玖珂町 国道上 / 車で走行中、国道上にいる熊を目撃したもの / 1頭 / 体長: 不明
1171,2026,6,27,19,22,0,34.59092,131.68186,萩市大字中小川 県道沿いの藪 / 車で走行中、県道沿いの藪の中にいる熊を目撃したもの / 1頭 / 体長: 約60㎝
1172,2026,6,29,8,25,0,34.37288,131.68376,山口市阿東地福上 県道上 / 車で走行中、県道上を横断する熊を目撃したもの / 1頭 / 体長: 約100cm
1173,2026,6,30,17,4,0,34.12805,131.87672,周南市大字須々万奥 国道上 / 車で走行中、国道上を横断する熊を目撃したもの / 1頭 / 体長: 約100cm
1174,2026,6,30,18,20,0,34.44675,131.67215,山口市阿東嘉年下 国道上 / 車で走行中、国道上を横断する熊を目撃したもの / 2頭 / 体長: 約100cm
1175,2026,7,1,18,10,0,34.15759,131.24708,美祢市伊佐町伊佐 県道上 / 車で走行中、県道上を横断する熊を目撃したもの / 1頭 / 体長: 約100cm
1176,2026,7,3,6,30,0,34.41075,131.41312,萩市大字椿東 道路上 / 徒歩で進行中、道路上にいる熊ようの動物を目撃したもの / 1頭 / 体長: 約40㎝
1177,2026,7,3,16,20,0,34.2515,132.1005,岩国市美和町生見 市道上及び山中 / 市道上及び山中において、熊の足跡を発見したもの / 4頭 / 体長: 不明
1178,2026,7,5,19,2,0,33.97674,131.32177,宇部市大字東岐波 市道上 / 車で走行中、市道上を横断する熊を目撃したもの / 2頭 / 体長: 約100cm
1179,2026,7,6,7,0,0,34.42156,131.43701,萩市大字椿東 市道上 / 自宅から屋外に出たところ、市道上にいる熊を目撃したもの / 1頭 / 体長: 約100cm
1180,2026,7,6,18,55,0,34.23754,131.35299,美祢市美東町大田 山裾 / 山裾の茂みにおいて、熊ようの動物を目撃したもの / 1頭 / 体長: 不明
1181,2026,7,6,16,45,0,33.97542,132.26901,柳井市神代 県道上 / 車で走行中、県道上にいる熊ようの動物を目撃したもの / 1頭 / 体長: 約100cm
1182,2026,7,7,11,30,0,34.41781,131.48281,萩市大字福井下 竹藪 / 除草作業をしようとしたところ、竹藪にいる熊を目撃したもの / 1頭 / 体長: 約60㎝
1183,2026,7,7,8,0,0,33.9852,131.34374,宇部市大字東岐波 田畑 / 徒歩で進行中、田畑内にいる熊を目撃したもの / 1頭 / 体長: 約100cm
1184,2026,7,7,16,43,0,34.52218,131.60838,阿武郡阿武町大字福田上 国道上 / 車で走行中、国道上を横断する熊を目撃したもの / 1頭 / 体長: 約100cm
1185,2026,7,9,17,20,0,34.2492,132.07969,岩国市美和町生見 休耕田 / 目撃者が休耕田にいる熊を目撃したもの / 1頭 / 体長: 不明
1186,2026,7,12,10,25,0,34.08859,131.93494,周南市大字八代 市道上 / 車で走行中、市道上を横断する熊を目撃したもの / 1頭 / 体長: 約100cm
1187,2026,7,12,8,15,0,34.24361,131.82643,周南市大字鹿野上 河川内 / 目撃者が、河川を渡る熊を目撃したもの / 1頭 / 体長: 約100cm
1188,2026,7,13,8,30,0,34.37255,131.41068,萩市大字椿 県道上 / 車で走行中、県道上を横断する熊を目撃したもの / 1頭 / 体長: 約100cm
1189,2026,7,13,15,30,0,34.127,131.91559,周南市大字中須北 県道上 / 車で走行中、県道上を横断する熊を目撃したもの / 1頭 / 体長: 約100cm
1190,2026,7,13,19,40,0,34.3552,131.71859,山口市徳地柚木 国道上 / 車で走行中、山中にいる熊を目撃したもの / 1頭 / 体長: 約100cm
1191,2026,7,13,17,0,0,34.25136,132.10065,岩国市美和町生見 山中 / 山中において熊の足跡を発見したもの / 1頭 / 体長: 不明
1192,2026,7,15,13,0,0,34.6371,131.66677,萩市大字下田万 市道上 / 車で走行中、市道沿いの法面にいる熊を目撃したもの / 1頭 / 体長: 約50cm
1193,2026,7,15,18,0,0,34.32235,132.04274,岩国市本郷町本谷 市道上 / 市道上において、熊の足跡を発見したもの / 不明頭 / 体長: 不明
1194,2026,7,16,22,25,0,34.00067,131.29213,宇部市大字善和 市道上 / 車で走行中、市道上を横断する熊を目撃したもの / 1頭 / 体長: 約40㎝
1195,2026,7,18,7,18,0,34.15023,131.6201,山口市徳地岸見 山麓 / 車で走行中、市道沿いの山麓にいる熊を目撃したもの / 1頭 / 体長: 約100cm
1196,2026,7,18,7,40,0,34.0968,131.92643,周南市大字八代 県道上 / 車で走行中、県道上を横断する熊を目撃したもの / 1頭 / 体長: 約100cm
1197,2026,7,19,11,30,0,34.34772,131.41015,萩市大字明木 石ノ巷山登山道 / 車で走行中、登山道を横断する熊を目撃したもの / 1頭 / 体長: 約100cm
1198,2026,7,23,5,0,0,34.02413,132.13066,柳井市伊陸 畑 / 目撃者が畑において熊の足跡を発見したもの / 不明頭 / 体長: 不明
1199,2026,7,24,7,43,0,34.35123,131.66944,山口市阿東地福上 市道上 / 目撃者が徒歩で帰宅中、市道上にいる熊ようの動物を目撃したもの / 1頭 / 体長: 約100㎝
1200,2026,7,24,14,24,0,34.34151,131.74543,山口市徳地柚木 国道上 / 車で走行中、国道上にいる熊を目撃したもの / 1頭 / 体長: 約50cm
1201,2026,7,24,16,20,0,34.51458,131.4842,阿武郡阿武町大字奈古 国道上 / 車で走行中、国道上を横断する熊を目撃したもの / 1頭 / 体長: 約100cm
1202,2026,7,24,14,0,0,34.25184,131.82795,周南市大字鹿野上 石船橋上 / 目撃者が車内で休憩中、石船橋を渡る熊を目撃したもの / 1頭 / 体長: 約100cm
1203,2026,7,25,9,43,0,34.15139,131.37388,山口市小郡上郷 県道上 / 車で走行中、県道上を横断する熊を目撃したもの / 1頭 / 体長: 約100cm
1204,2026,7,25,22,20,0,34.35422,131.28876,長門市三隅上 国道上 / 車で走行中、国道上にいる熊を目撃したもの / 1頭 / 体長: 約100cm
1205,2026,7,25,5,30,0,34.02413,132.13066,柳井市伊陸 畑 / 目撃者が畑において熊の足跡を発見したもの / 不明頭 / 体長: 不明
1206,2026,7,26,6,0,0,34.02413,132.13066,柳井市伊陸 畑 / 目撃者が畑において熊の足跡を発見したもの / 不明頭 / 体長: 不明
1207,2026,7,27,5,0,0,34.02413,132.13066,柳井市伊陸 畑 / 目撃者が畑において熊の足跡を発見したもの / 不明頭 / 体長: 不明
1208,2026,7,28,6,0,0,34.02411,132.13066,柳井市伊陸 畑 / 目撃者が畑において熊の足跡を発見したもの / 不明頭 / 体長: 不明
1209,2026,7,28,15,30,0,34.34506,131.73644,山口市徳地柚木 市道上 / 車で走行中、市道上にいる熊を目撃したもの / 2頭 / 体長: 約100cm
1210,2026,7,31,20,30,0,34.51106,131.45809,阿武町大字奈古 町道上 / 車で走行中、町道上にいる熊を目撃したもの / 1頭 / 体長: 約100cm
1211,2026,7,31,6,20,0,34.38358,131.43292,萩市大字椿東 県道上 / 車で走行中、県道を横断する熊を目撃したもの / 1頭 / 体長: 約100cm
1212,2026,7,30,6,30,0,34.27977,132.06875,岩国市美和町阿賀 市道上 / 目撃者が市道上において熊の足跡を発見したもの / 不明頭 / 体長: 不明
1213,2026,8,2,6,30,0,34.10756,131.96325,周南市大字八代 国道上 / 車で走行中、国道を横断する熊を目撃したもの / 1頭 / 体長: 約150㎝
1214,2026,8,4,6,30,0,34.08774,131.92487,周南市大字八代 山中 / 罠にかかった熊を発見するも、その後、いなくなっていたもの。 / 1頭 / 体長: 約150㎝
